# 7207 vertices - 14410 faces - 0 vertex textures
v -0.348977 0.022805 -0.007820
v -0.353556 0.017590 0.011226
v -0.357487 0.034356 0.018013
v -0.297434 0.101353 0.035603
v -0.298416 0.097610 0.053935
v -0.273928 0.101956 0.056558
v -0.271775 0.105795 0.039687
v -0.351687 0.055311 0.003302
v -0.355423 0.045464 0.022847
v -0.346283 0.063291 0.032457
v -0.342894 0.070219 0.013739
v -0.220295 0.107544 0.041630
v -0.225611 0.103421 0.060675
v -0.193389 0.103984 0.056689
v -0.187046 0.108095 0.043257
v -0.138057 0.103536 0.035976
v -0.144713 0.100980 0.048729
v -0.131166 0.096820 0.040719
v -0.125487 0.098932 0.028406
v -0.316721 0.005018 -0.027523
v -0.283049 0.004547 -0.042349
v -0.283031 -0.000049 -0.042367
v -0.316709 0.000030 -0.027553
v -0.230449 0.004549 -0.059375
v -0.232744 -0.000167 -0.058763
v -0.254395 -0.000127 -0.051810
v -0.254415 0.004380 -0.051801
v -0.118379 0.084496 -0.044436
v -0.119348 0.081340 -0.046381
v -0.123084 0.076027 -0.051058
v -0.123998 0.078851 -0.050529
v -0.131948 0.071706 -0.054574
v -0.130167 0.068715 -0.054740
v -0.183582 0.019699 -0.065676
v -0.170845 0.041683 -0.068111
v -0.157159 0.039030 -0.064720
v -0.163357 0.019094 -0.065041
v -0.115194 0.088962 -0.036166
v -0.113317 0.092617 -0.025527
v -0.114922 0.087441 -0.030592
v -0.116943 0.084739 -0.040380
v -0.151985 0.057075 -0.063530
v -0.140566 0.065010 -0.058670
v -0.138445 0.061181 -0.057087
v -0.147452 0.051967 -0.060603
v -0.115640 0.096600 0.002376
v -0.115458 0.091193 -0.001129
v -0.114228 0.089450 -0.017432
v -0.113211 0.095508 -0.012638
v -0.337333 0.009332 -0.016862
v -0.335758 -0.000171 -0.014529
v -0.211105 0.006950 -0.064236
v -0.212058 -0.000228 -0.063234
v -0.166668 0.008564 -0.066477
v -0.185784 0.008173 -0.067004
v -0.185807 -0.000304 -0.066996
v -0.160302 0.107409 0.042979
v -0.166304 0.102886 0.057206
v -0.316446 0.094728 0.030324
v -0.332350 0.082448 0.023917
v -0.334903 0.075262 0.044929
v -0.318588 0.088192 0.050812
v -0.249564 0.107342 0.042805
v -0.252805 0.103584 0.058590
v -0.344273 0.003996 0.003841
v -0.121306 0.095914 0.021150
v -0.119530 0.092467 0.017490
v -0.356784 0.015725 0.028264
v -0.359163 0.031622 0.032693
v -0.351730 0.003418 0.024197
v -0.359017 0.014638 0.041025
v -0.360065 0.029540 0.046182
v -0.356748 0.042102 0.037282
v -0.347311 0.056134 0.048070
v -0.357130 0.039312 0.050466
v -0.347433 0.052472 0.057602
v -0.335743 0.068182 0.059239
v -0.101446 0.054048 -0.047842
v -0.123599 0.057920 -0.052119
v -0.118217 0.065846 -0.049365
v -0.098812 0.061862 -0.043988
v -0.356354 0.003177 0.038185
v -0.358392 -0.000357 0.049545
v -0.361797 0.013667 0.052750
v -0.360679 0.026108 0.061373
v -0.356358 -0.000377 0.038214
v -0.338984 0.040358 0.103568
v -0.342142 0.047188 0.090466
v -0.353375 0.038364 0.089455
v -0.349127 0.033476 0.101463
v -0.326287 0.055292 0.097887
v -0.330423 0.057617 0.088431
v -0.346231 0.049150 0.070677
v -0.358127 0.034669 0.069646
v -0.343132 0.026174 0.109824
v -0.102932 0.082423 0.005557
v -0.099493 0.080111 -0.006861
v -0.114672 0.085390 -0.008067
v -0.116647 0.086654 0.010468
v -0.337133 0.010431 0.118639
v -0.334847 0.027452 0.113281
v -0.322421 0.010517 0.124280
v -0.321682 0.029863 0.119428
v -0.285645 0.086617 0.084592
v -0.267671 0.094003 0.076721
v -0.295295 0.091076 0.072728
v -0.265245 0.082512 0.100359
v -0.252075 0.088012 0.092453
v -0.273357 0.098543 0.065324
v -0.297970 0.093535 0.064369
v -0.316949 0.078699 0.072806
v -0.310189 0.074295 0.085895
v -0.319011 0.082578 0.063186
v -0.250327 0.098807 0.069695
v -0.146887 0.097702 0.054079
v -0.166860 0.098678 0.062654
v -0.143160 0.095108 0.056578
v -0.128161 0.093722 0.038077
v -0.238935 0.092705 0.084474
v -0.217377 0.098551 0.071113
v -0.224395 0.086657 0.101429
v -0.204914 0.094224 0.082772
v -0.139633 0.083504 0.131799
v -0.175485 0.083276 0.120903
v -0.184097 0.076816 0.137573
v -0.151097 0.073536 0.152546
v -0.292821 0.056776 0.121733
v -0.313430 0.056150 0.107722
v -0.318671 0.047044 0.114097
v -0.297012 0.045902 0.127598
v -0.281196 0.070992 0.110707
v -0.298502 0.071880 0.098561
v -0.299487 0.030314 0.131366
v -0.264280 0.044405 0.144100
v -0.260003 0.057381 0.137275
v -0.153319 0.059650 0.167559
v -0.197266 0.058465 0.162353
v -0.204280 0.042313 0.173144
v -0.159557 0.040730 0.180315
v -0.190611 0.070676 0.149376
v -0.228420 0.058053 0.152059
v -0.233061 0.043224 0.160249
v -0.206330 0.025367 0.178595
v -0.161882 0.022894 0.187382
v -0.300364 0.011168 0.134340
v -0.322421 -0.000140 0.124280
v -0.300364 -0.000140 0.134340
v -0.267926 0.010530 0.150511
v -0.266931 0.028403 0.148641
v -0.205730 0.009518 0.180266
v -0.160723 0.008694 0.189002
v -0.131933 0.091471 0.054040
v -0.121534 0.088819 0.031123
v -0.163477 0.095828 0.067975
v -0.149184 0.093611 0.075101
v -0.106499 0.085317 0.019385
v -0.110046 0.089173 0.036272
v -0.132104 0.090260 0.110310
v -0.125155 0.093660 0.090544
v -0.161377 0.093009 0.089217
v -0.167959 0.089079 0.103354
v -0.096974 0.078352 -0.017890
v -0.095705 0.076956 -0.026997
v -0.109948 0.082668 -0.030240
v -0.111580 0.083942 -0.020603
v -0.103500 0.044079 -0.052596
v -0.104829 0.028324 -0.056790
v -0.133812 0.032661 -0.060326
v -0.128586 0.048271 -0.056220
v -0.095946 0.075589 -0.032858
v -0.096267 0.073371 -0.035935
v -0.109968 0.077766 -0.040999
v -0.109392 0.080598 -0.037036
v -0.337284 -0.000130 0.120300
v -0.187722 0.090407 0.092813
v -0.200821 0.084670 0.110844
v -0.177421 0.094508 0.077541
v -0.211088 0.077975 0.125136
v -0.112873 0.073036 -0.045494
v -0.096583 0.069050 -0.039522
v -0.116742 0.092849 0.063191
v -0.184740 0.098709 0.067671
v -0.235672 0.026821 0.165183
v -0.236240 0.010003 0.166880
v -0.219964 0.070816 0.138365
v -0.250750 0.070458 0.126412
v -0.238727 0.079530 0.114139
v -0.334702 0.062323 0.072921
v -0.106511 0.016595 -0.059164
v -0.137259 0.017717 -0.061646
v -0.205730 -0.000140 0.180266
v -0.160723 -0.000140 0.189002
v -0.236240 -0.000140 0.166880
v -0.267926 -0.000140 0.150511
v -0.344415 -0.000319 0.004354
v -0.351735 -0.000402 0.024224
v -0.356363 -0.003930 0.038241
v -0.351740 -0.004221 0.024251
v -0.344286 -0.004649 0.003866
v -0.337133 -0.010691 0.118646
v -0.322421 -0.010798 0.124280
v -0.300364 -0.011448 0.134340
v -0.267926 -0.010811 0.150511
v -0.236240 -0.010284 0.166880
v -0.205730 -0.009799 0.180266
v -0.160723 -0.008974 0.189002
v -0.337340 -0.009809 -0.016878
v -0.353397 -0.038653 0.089888
v -0.342154 -0.047472 0.090675
v -0.338989 -0.040608 0.103664
v -0.349141 -0.033667 0.101736
v -0.361826 -0.014382 0.053011
v -0.359050 -0.015468 0.041274
v -0.360133 -0.030287 0.046706
v -0.360722 -0.026698 0.061843
v -0.358154 -0.035208 0.070170
v -0.346253 -0.049550 0.071081
v -0.357204 -0.039968 0.051093
v -0.343139 -0.026370 0.109939
v -0.334847 -0.027732 0.113281
v -0.106593 -0.017552 -0.059130
v -0.137354 -0.018555 -0.061609
v -0.139059 -0.008895 -0.061855
v -0.108432 -0.008598 -0.058772
v -0.283014 -0.004644 -0.042388
v -0.316696 -0.004956 -0.027586
v -0.230405 -0.004921 -0.059400
v -0.254327 -0.004633 -0.051844
v -0.183692 -0.020318 -0.065634
v -0.163466 -0.019824 -0.065000
v -0.157387 -0.041563 -0.065020
v -0.170965 -0.044770 -0.068408
v -0.104970 -0.029349 -0.056754
v -0.134001 -0.034268 -0.060483
v -0.103697 -0.045809 -0.052678
v -0.128827 -0.050698 -0.056333
v -0.211145 -0.007413 -0.064221
v -0.185831 -0.008783 -0.066987
v -0.166717 -0.009277 -0.066458
v -0.138984 -0.000416 -0.062449
v -0.108354 -0.000475 -0.059358
v -0.166691 -0.000357 -0.066468
v -0.147715 -0.054871 -0.060676
v -0.139015 0.008063 -0.061872
v -0.108391 0.007651 -0.058789
v -0.152039 -0.060203 -0.063364
v -0.349039 -0.023876 -0.007602
v -0.353627 -0.040182 -0.000059
v -0.357605 -0.035392 0.018568
v -0.353614 -0.018530 0.011439
v -0.271838 -0.106110 0.040419
v -0.273943 -0.102125 0.057090
v -0.298441 -0.097790 0.054489
v -0.297526 -0.101722 0.036297
v -0.351863 -0.057477 0.003795
v -0.343071 -0.071615 0.014407
v -0.346422 -0.064385 0.033082
v -0.355547 -0.046406 0.023496
v -0.187335 -0.108418 0.044101
v -0.193437 -0.104131 0.057120
v -0.225579 -0.103563 0.061051
v -0.220343 -0.107818 0.042321
v -0.125754 -0.099912 0.029792
v -0.131428 -0.097445 0.041890
v -0.145013 -0.101407 0.049787
v -0.138369 -0.104268 0.037289
v -0.118543 -0.087156 -0.043525
v -0.124148 -0.081742 -0.049747
v -0.123391 -0.078410 -0.050602
v -0.119623 -0.083467 -0.045857
v -0.132043 -0.074684 -0.053976
v -0.130453 -0.071335 -0.054419
v -0.115329 -0.091419 -0.035100
v -0.117170 -0.086749 -0.039757
v -0.115118 -0.089273 -0.029862
v -0.113440 -0.094844 -0.024307
v -0.138711 -0.063961 -0.056937
v -0.140634 -0.068053 -0.058273
v -0.115808 -0.098171 0.003731
v -0.113366 -0.097467 -0.011311
v -0.114392 -0.091041 -0.016614
v -0.115583 -0.092480 -0.000210
v -0.160612 -0.107866 0.044112
v -0.166546 -0.103094 0.057994
v -0.316559 -0.095184 0.030944
v -0.318642 -0.088403 0.051306
v -0.334989 -0.075674 0.045409
v -0.332475 -0.083214 0.024478
v -0.249628 -0.107605 0.043524
v -0.252764 -0.103751 0.059023
v -0.119659 -0.093386 0.018454
v -0.121479 -0.096931 0.022384
v -0.099042 -0.063420 -0.043856
v -0.118486 -0.067987 -0.049140
v -0.123848 -0.060201 -0.052041
v -0.101654 -0.055684 -0.047807
v -0.099652 -0.080892 -0.006626
v -0.103043 -0.083004 0.005770
v -0.116749 -0.087403 0.010978
v -0.114843 -0.086412 -0.007638
v -0.151097 -0.073817 0.152546
v -0.184097 -0.077097 0.137573
v -0.175485 -0.083557 0.120903
v -0.139633 -0.083785 0.131799
v -0.206330 -0.025647 0.178595
v -0.161882 -0.023175 0.187382
v -0.132117 -0.090520 0.110332
v -0.168023 -0.089339 0.103401
v -0.161541 -0.093248 0.089430
v -0.125188 -0.093898 0.090658
v -0.097180 -0.079332 -0.017643
v -0.111805 -0.085230 -0.020173
v -0.110194 -0.084146 -0.029813
v -0.095933 -0.078089 -0.026746
v -0.096193 -0.076864 -0.032599
v -0.109655 -0.082227 -0.036624
v -0.110225 -0.079517 -0.040615
v -0.096507 -0.074706 -0.035691
v -0.096810 -0.070454 -0.039319
v -0.113141 -0.074986 -0.045161
v -0.116747 -0.093116 0.063264
v -0.149383 -0.093832 0.075518
v -0.132018 -0.091732 0.054586
v -0.110051 -0.089464 0.036333
v -0.106592 -0.085767 0.019560
v -0.121612 -0.089293 0.031698
v -0.204280 -0.042594 0.173144
v -0.159557 -0.041010 0.180315
v -0.153319 -0.059931 0.167559
v -0.197266 -0.058746 0.162353
v -0.190611 -0.070956 0.149376
v -0.359244 -0.032565 0.033205
v -0.356829 -0.016622 0.028518
v -0.356855 -0.042876 0.037940
v -0.347400 -0.056609 0.048651
v -0.347497 -0.052893 0.058127
v -0.335795 -0.068373 0.059515
v -0.330423 -0.057898 0.088431
v -0.326287 -0.055573 0.097887
v -0.321682 -0.030144 0.119428
v -0.295283 -0.091227 0.072936
v -0.267664 -0.094152 0.076902
v -0.285648 -0.086820 0.084680
v -0.297945 -0.093702 0.064684
v -0.273330 -0.098689 0.065659
v -0.252080 -0.088256 0.092514
v -0.265245 -0.082793 0.100359
v -0.310194 -0.074539 0.085946
v -0.316949 -0.078900 0.072904
v -0.250309 -0.098939 0.069964
v -0.318994 -0.082776 0.063408
v -0.147173 -0.098035 0.055016
v -0.167088 -0.098841 0.063286
v -0.128352 -0.094309 0.039069
v -0.143444 -0.095427 0.057465
v -0.217365 -0.098692 0.071333
v -0.238937 -0.092894 0.084584
v -0.204917 -0.094420 0.082879
v -0.224395 -0.086938 0.101429
v -0.297012 -0.046183 0.127598
v -0.318671 -0.047325 0.114097
v -0.313430 -0.056431 0.107722
v -0.292821 -0.057056 0.121733
v -0.299487 -0.030595 0.131366
v -0.298502 -0.072161 0.098561
v -0.281196 -0.071272 0.110707
v -0.260003 -0.057661 0.137275
v -0.264280 -0.044686 0.144100
v -0.233061 -0.043505 0.160249
v -0.228420 -0.058334 0.152059
v -0.266931 -0.028684 0.148641
v -0.163690 -0.096000 0.068474
v -0.200821 -0.084951 0.110844
v -0.187729 -0.090654 0.092874
v -0.177523 -0.094682 0.077750
v -0.211088 -0.078256 0.125136
v -0.184816 -0.098844 0.067967
v -0.235672 -0.027102 0.165183
v -0.219964 -0.071097 0.138365
v -0.250750 -0.070738 0.126412
v -0.238727 -0.079811 0.114139
v -0.334707 -0.062587 0.073006
v -0.081675 0.052110 -0.046409
v -0.080935 0.059996 -0.041507
v -0.082080 0.041860 -0.051315
v -0.081060 0.066009 -0.037166
v -0.049953 0.062986 -0.038321
v -0.049956 0.054854 -0.046104
v -0.081756 0.079799 0.002014
v -0.082351 0.077046 -0.008162
v -0.082322 0.083285 0.014178
v -0.050734 0.076559 -0.004336
v -0.082229 0.074613 -0.017677
v -0.097447 0.087663 0.133871
v -0.101778 0.076808 0.154139
v -0.093464 0.094569 0.110790
v -0.105152 0.062048 0.168612
v -0.045511 0.080192 0.154109
v -0.047090 0.092051 0.132196
v -0.111190 0.041242 0.181838
v -0.109245 0.008586 0.190178
v -0.112114 0.022568 0.189034
v -0.109245 -0.000140 0.190178
v -0.036502 0.009064 0.193597
v -0.039214 0.024005 0.192262
v -0.089970 0.096911 0.088225
v -0.047432 0.099138 0.105888
v -0.046268 0.100272 0.081098
v -0.086115 0.093928 0.059515
v -0.082423 0.072367 -0.026997
v -0.082013 0.070637 -0.032775
v -0.048594 0.073394 -0.012459
v -0.049906 0.070120 -0.026028
v -0.082205 0.029245 -0.056242
v -0.082633 0.017168 -0.058773
v -0.049662 0.044032 -0.052903
v -0.049110 0.030515 -0.058699
v -0.050064 0.067408 -0.034356
v -0.017716 0.056372 -0.050960
v -0.017707 0.045382 -0.058447
v -0.017393 0.031134 -0.064828
v -0.017410 0.064104 -0.042361
v -0.000445 0.101946 0.095640
v -0.002491 0.102778 0.070518
v 0.002980 0.094484 0.124918
v 0.006561 0.080681 0.150996
v -0.046752 0.080850 0.007220
v -0.011592 0.082871 0.003307
v -0.016655 0.076745 -0.011411
v -0.006817 0.096938 0.040792
v -0.009475 0.089050 0.017859
v -0.045627 0.087247 0.023623
v -0.045489 0.095284 0.051630
v -0.016190 0.070900 -0.029299
v -0.083170 0.088090 0.031149
v 0.015481 0.024199 0.190444
v 0.011782 0.043542 0.182240
v -0.041425 0.043171 0.184169
v 0.009158 0.064892 0.167348
v -0.044348 0.064375 0.169690
v 0.019545 0.009000 0.191802
v -0.017467 0.017972 -0.068324
v -0.049105 0.017783 -0.061889
v -0.036502 -0.000140 0.193597
v 0.019545 -0.000140 0.191802
v -0.109245 -0.008866 0.190178
v -0.036502 -0.009344 0.193597
v 0.019545 -0.009280 0.191802
v -0.017716 -0.056652 -0.050960
v -0.049956 -0.055135 -0.046104
v -0.049662 -0.044312 -0.052903
v -0.017707 -0.045662 -0.058447
v -0.017393 -0.031414 -0.064828
v -0.049110 -0.030796 -0.058699
v -0.049105 -0.018064 -0.061889
v -0.017467 -0.018253 -0.068324
v -0.000445 -0.102227 0.095640
v -0.047432 -0.099418 0.105888
v -0.046268 -0.100552 0.081098
v -0.002491 -0.103058 0.070518
v -0.011592 -0.083151 0.003307
v -0.046752 -0.081130 0.007220
v -0.050734 -0.076840 -0.004336
v -0.016655 -0.077026 -0.011411
v -0.006817 -0.097218 0.040792
v -0.045489 -0.095564 0.051630
v -0.045627 -0.087528 0.023623
v -0.009475 -0.089331 0.017859
v -0.017410 -0.064385 -0.042361
v -0.016190 -0.071181 -0.029299
v -0.049906 -0.070400 -0.026028
v -0.050064 -0.067688 -0.034356
v 0.015481 -0.024480 0.190444
v -0.039214 -0.024285 0.192262
v -0.041425 -0.043452 0.184169
v 0.011782 -0.043822 0.182240
v 0.009158 -0.065172 0.167348
v -0.044348 -0.064655 0.169690
v -0.045511 -0.080473 0.154109
v 0.006561 -0.080961 0.150996
v -0.049686 -0.008549 -0.062455
v -0.017966 -0.008611 -0.068930
v -0.048594 -0.073675 -0.012459
v -0.047090 -0.092332 0.132196
v 0.002980 -0.094765 0.124918
v -0.049953 -0.063266 -0.038321
v -0.049706 -0.000140 -0.063040
v -0.018010 -0.000140 -0.069513
v -0.017966 0.008330 -0.068930
v -0.049686 0.008268 -0.062455
v -0.082633 -0.017448 -0.058773
v -0.083407 -0.008344 -0.058919
v -0.082205 -0.029525 -0.056242
v -0.083369 -0.000140 -0.059495
v -0.082080 -0.042141 -0.051315
v -0.083407 0.008063 -0.058919
v -0.080935 -0.060277 -0.041507
v -0.081675 -0.052391 -0.046409
v -0.081060 -0.066289 -0.037166
v -0.082351 -0.077327 -0.008162
v -0.081756 -0.080079 0.002014
v -0.082229 -0.074893 -0.017677
v -0.082322 -0.083565 0.014178
v -0.101778 -0.077088 0.154139
v -0.097447 -0.087943 0.133871
v -0.105152 -0.062328 0.168612
v -0.093464 -0.094849 0.110790
v -0.112114 -0.022849 0.189034
v -0.111190 -0.041522 0.181838
v -0.089970 -0.097191 0.088225
v -0.086115 -0.094209 0.059515
v -0.082423 -0.072648 -0.026997
v -0.082013 -0.070917 -0.032775
v -0.083170 -0.088371 0.031149
v 0.110800 0.085057 0.107980
v 0.111605 0.091313 0.082488
v 0.083800 0.095608 0.094156
v 0.087566 0.087330 0.117012
v 0.118551 0.048366 0.159967
v 0.114372 0.062431 0.146405
v 0.095496 0.062480 0.151584
v 0.099580 0.044591 0.166403
v 0.129866 0.019043 0.172473
v 0.106172 0.018621 0.176579
v 0.109582 0.007041 0.177329
v 0.134339 0.007241 0.172916
v 0.104112 0.094660 0.018552
v 0.071858 0.099540 0.023519
v 0.075346 0.102152 0.048800
v 0.106191 0.095907 0.042443
v 0.103174 0.091355 -0.000668
v 0.103693 0.086495 -0.015821
v 0.069180 0.088562 -0.011722
v 0.070211 0.094270 0.003300
v 0.109839 0.054949 -0.075402
v 0.087404 0.064415 -0.065252
v 0.109563 0.064141 -0.068050
v 0.104075 0.080736 -0.032511
v 0.107127 0.073999 -0.051506
v 0.066001 0.073013 -0.048407
v 0.067730 0.081409 -0.028397
v 0.109614 0.043717 -0.082504
v 0.108866 0.030449 -0.089360
v 0.060133 0.030711 -0.083368
v 0.060576 0.044626 -0.076729
v 0.110821 0.078849 0.123296
v 0.090287 0.079920 0.131055
v 0.092199 0.073866 0.139813
v 0.112182 0.072560 0.134151
v 0.055839 0.077930 0.145036
v 0.058570 0.063716 0.159606
v 0.053012 0.086673 0.131333
v 0.062985 0.043580 0.174347
v 0.103695 0.028057 0.175219
v 0.069014 0.024158 0.182410
v 0.071880 0.007668 0.184087
v 0.124372 0.032812 0.169627
v 0.038590 0.103678 0.058399
v 0.042889 0.101711 0.081870
v 0.079205 0.099709 0.070255
v 0.108766 0.093742 0.061948
v 0.034320 0.099613 0.030625
v 0.048426 0.096370 0.108901
v 0.061762 0.055838 -0.069649
v 0.019221 0.045476 -0.067678
v 0.019712 0.056539 -0.060394
v 0.063754 0.064324 -0.062160
v 0.019312 0.031115 -0.074273
v 0.020740 0.064307 -0.052408
v 0.025387 0.080216 -0.019939
v 0.028447 0.086931 -0.004427
v 0.111197 0.070020 -0.062579
v 0.022443 0.072362 -0.038762
v 0.030557 0.092509 0.008401
v 0.108585 0.017791 -0.093249
v 0.060226 0.017761 -0.087111
v 0.019391 0.017908 -0.077911
v 0.109589 -0.000024 0.177336
v 0.134345 0.000020 0.172922
v 0.071902 -0.000078 0.184097
v 0.071904 -0.007824 0.184100
v 0.109595 -0.007089 0.177341
v 0.134354 -0.007200 0.172929
v 0.114484 -0.062529 0.146513
v 0.095569 -0.062599 0.151691
v 0.092284 -0.074008 0.139942
v 0.112297 -0.072683 0.134278
v 0.118654 -0.048423 0.160053
v 0.099639 -0.044679 0.166479
v 0.058612 -0.063874 0.159695
v 0.055846 -0.078119 0.145116
v 0.090375 -0.080079 0.131196
v 0.110932 -0.078998 0.123431
v 0.087668 -0.087524 0.117152
v 0.110922 -0.085230 0.108125
v 0.053019 -0.086877 0.131420
v 0.083874 -0.095858 0.094256
v 0.111733 -0.091529 0.082649
v 0.062992 -0.043706 0.174406
v 0.106231 -0.018675 0.176611
v 0.069018 -0.024314 0.182434
v 0.103742 -0.028121 0.175268
v 0.124445 -0.032798 0.169697
v 0.129908 -0.019013 0.172514
v 0.042897 -0.101967 0.081975
v 0.038599 -0.103959 0.058504
v 0.075405 -0.102452 0.048906
v 0.079281 -0.099990 0.070359
v 0.034329 -0.099920 0.030726
v 0.071900 -0.099865 0.023623
v 0.106360 -0.096198 0.042607
v 0.108901 -0.093996 0.062120
v 0.048435 -0.096597 0.108999
v 0.104249 -0.094996 0.018712
v 0.109917 -0.055476 -0.075291
v 0.061804 -0.056254 -0.069601
v 0.060593 -0.045049 -0.076686
v 0.109675 -0.044262 -0.082416
v 0.109643 -0.064657 -0.067920
v 0.019738 -0.056867 -0.060389
v 0.019248 -0.045808 -0.067677
v 0.060145 -0.031141 -0.083339
v 0.108908 -0.031007 -0.089297
v 0.060233 -0.018194 -0.087092
v 0.108604 -0.018356 -0.093214
v 0.019315 -0.031450 -0.074263
v 0.019395 -0.018246 -0.077905
v 0.060851 -0.008643 -0.087947
v 0.108805 -0.008739 -0.094160
v 0.063800 -0.064770 -0.062080
v 0.020763 -0.064632 -0.052400
v 0.019479 -0.008628 -0.078616
v 0.103825 -0.086914 -0.015644
v 0.069259 -0.088950 -0.011614
v 0.067788 -0.081815 -0.028294
v 0.104170 -0.081186 -0.032347
v 0.103299 -0.091725 -0.000512
v 0.070290 -0.094635 0.003411
v 0.028450 -0.087252 -0.004368
v 0.025387 -0.080497 -0.019939
v 0.066032 -0.073442 -0.048310
v 0.107223 -0.074484 -0.051357
v 0.111289 -0.070520 -0.062438
v 0.087461 -0.064865 -0.065166
v 0.030569 -0.092832 0.008467
v 0.022478 -0.072680 -0.038765
v 0.060807 -0.000218 -0.088538
v 0.108695 -0.000259 -0.094753
v 0.019442 -0.000169 -0.079196
v 0.019479 0.008290 -0.078618
v 0.060848 0.008209 -0.087954
v 0.108800 0.008175 -0.094177
v 0.150231 0.102002 0.002487
v 0.149617 0.101651 0.021128
v 0.161057 0.105378 0.034106
v 0.161067 0.106362 0.010196
v 0.287993 0.080365 0.039075
v 0.289549 0.080888 0.063648
v 0.295212 0.076715 0.066054
v 0.293828 0.073788 0.038548
v 0.299864 0.069057 0.041434
v 0.294433 0.061186 0.010997
v 0.288515 0.068824 0.005745
v 0.284987 0.068247 -0.020614
v 0.285294 0.060480 -0.023358
v 0.280828 0.064930 -0.044297
v 0.279583 0.071781 -0.042971
v 0.215192 0.116127 0.027872
v 0.210345 0.112664 0.051466
v 0.232694 0.107457 0.057619
v 0.235952 0.110292 0.033007
v 0.161969 0.051036 -0.083263
v 0.140716 0.052343 -0.080071
v 0.138482 0.062845 -0.074863
v 0.158696 0.060125 -0.079177
v 0.257294 0.029422 -0.071746
v 0.257779 0.018858 -0.069491
v 0.244117 0.017318 -0.080210
v 0.243608 0.026987 -0.082178
v 0.265872 0.031803 -0.061558
v 0.273995 0.034415 -0.049054
v 0.274036 0.021387 -0.047291
v 0.266141 0.020181 -0.059485
v 0.275246 0.046274 -0.052231
v 0.281668 0.049505 -0.037031
v 0.281878 0.036191 -0.034848
v 0.215141 0.028352 -0.090715
v 0.213196 0.017964 -0.091225
v 0.190655 0.018662 -0.094883
v 0.193352 0.030052 -0.093420
v 0.174029 0.030894 -0.094246
v 0.170707 0.018949 -0.096168
v 0.154044 0.018793 -0.095171
v 0.157796 0.030872 -0.093211
v 0.161623 0.042006 -0.088018
v 0.135449 0.030975 -0.090135
v 0.139731 0.042551 -0.085257
v 0.281295 0.057969 -0.041747
v 0.273706 0.052330 -0.060505
v 0.142789 0.096853 -0.019492
v 0.143794 0.094733 -0.035345
v 0.140280 0.090380 -0.037550
v 0.138573 0.093151 -0.021970
v 0.229313 0.017440 -0.087229
v 0.230110 0.027210 -0.087768
v 0.136910 0.071107 -0.067315
v 0.144001 0.073672 -0.068129
v 0.150096 0.069936 -0.076806
v 0.138056 0.079572 -0.053746
v 0.140405 0.082539 -0.054437
v 0.145188 0.077719 -0.069032
v 0.150219 0.078764 -0.077585
v 0.149918 0.074934 -0.077636
v 0.146439 0.082774 -0.068386
v 0.155822 0.066306 -0.078283
v 0.142667 0.086639 -0.053258
v 0.145349 0.091882 -0.050679
v 0.256973 0.097928 0.063458
v 0.258993 0.101088 0.037387
v 0.275926 0.090699 0.039410
v 0.276342 0.088220 0.066476
v 0.197170 0.116808 0.021945
v 0.194609 0.113607 0.045387
v 0.176248 0.112198 0.015909
v 0.176199 0.109793 0.038428
v 0.137568 0.094961 -0.006521
v 0.142399 0.098198 -0.003094
v 0.143401 0.098986 0.015515
v 0.294358 0.051948 -0.003094
v 0.301712 0.047948 0.008293
v 0.297410 0.038122 -0.005729
v 0.302603 0.056720 0.022795
v 0.308461 0.042501 0.016661
v 0.305321 0.032129 0.003525
v 0.290230 0.036962 -0.018959
v 0.287219 0.051387 -0.019552
v 0.320761 0.035922 0.028236
v 0.314107 0.027229 0.014865
v 0.312667 0.016328 0.007820
v 0.304662 0.020150 -0.003802
v 0.310568 0.052668 0.033156
v 0.323515 0.047269 0.041211
v 0.321366 0.022148 0.021492
v 0.313473 0.007971 0.005407
v 0.306337 0.009229 -0.005215
v 0.321073 0.013716 0.017151
v 0.321873 0.007114 0.014290
v 0.313498 0.000032 0.005417
v 0.306389 -0.000007 -0.005205
v 0.296955 0.009843 -0.017924
v 0.293948 0.022082 -0.017930
v 0.123565 0.083889 0.105342
v 0.125339 0.089800 0.079782
v 0.122392 0.078523 0.119976
v 0.134903 0.085258 0.103056
v 0.136839 0.090079 0.079895
v 0.124237 0.091799 0.058687
v 0.128394 0.050708 0.156534
v 0.123987 0.063305 0.143722
v 0.135310 0.035307 0.166689
v 0.139281 0.053202 0.154158
v 0.134692 0.064954 0.142456
v 0.121986 0.072573 0.131535
v 0.151130 0.055907 0.152838
v 0.146370 0.067484 0.142568
v 0.144455 0.076630 0.131033
v 0.132769 0.073906 0.130513
v 0.146711 0.037310 0.164127
v 0.158516 0.038922 0.161931
v 0.164546 0.057659 0.153051
v 0.159889 0.069353 0.143871
v 0.145408 0.083362 0.118242
v 0.133553 0.080040 0.118347
v 0.158034 0.078825 0.132872
v 0.158958 0.086079 0.120114
v 0.146243 0.088908 0.101160
v 0.173475 0.080498 0.136039
v 0.174418 0.088180 0.123727
v 0.177709 0.095052 0.108147
v 0.163387 0.092565 0.104993
v 0.175271 0.070573 0.146341
v 0.190574 0.080439 0.138533
v 0.191417 0.088425 0.126627
v 0.179551 0.058423 0.154810
v 0.171337 0.039716 0.161072
v 0.185205 0.039669 0.161537
v 0.195837 0.057840 0.156398
v 0.192047 0.070245 0.148455
v 0.165629 0.020816 0.165957
v 0.154114 0.020508 0.168298
v 0.158674 0.008055 0.168397
v 0.169801 0.008165 0.166109
v 0.142272 0.019674 0.170525
v 0.146826 0.007763 0.170670
v 0.158685 0.000091 0.168409
v 0.169813 0.000103 0.166120
v 0.181655 0.008131 0.164781
v 0.177762 0.020723 0.164594
v 0.194168 0.007991 0.164448
v 0.190521 0.020270 0.164180
v 0.181665 0.000098 0.164791
v 0.194178 0.000115 0.164458
v 0.208983 0.007546 0.164736
v 0.205726 0.018934 0.164482
v 0.146834 0.000079 0.170682
v 0.161870 0.096894 0.082186
v 0.154709 0.095284 0.079724
v 0.154839 0.091608 0.099685
v 0.163276 0.100844 0.063866
v 0.154675 0.098401 0.061801
v 0.146420 0.092916 0.078928
v 0.170851 0.098300 0.087402
v 0.121860 0.092213 0.037059
v 0.120560 0.091774 0.014353
v 0.131569 0.091703 0.035027
v 0.129496 0.091438 0.012458
v 0.121311 0.089570 -0.006871
v 0.123818 0.086218 -0.021888
v 0.129866 0.090000 -0.008106
v 0.132397 0.087614 -0.023030
v 0.126370 0.081897 -0.037611
v 0.151513 0.101667 0.033440
v 0.145824 0.098846 0.033589
v 0.148450 0.096620 0.057232
v 0.176861 0.104577 0.066093
v 0.183242 0.101096 0.089234
v 0.193943 0.095420 0.111420
v 0.198150 0.101424 0.092911
v 0.191437 0.107828 0.068938
v 0.287353 0.075265 0.114797
v 0.285134 0.071370 0.128313
v 0.295766 0.069741 0.130542
v 0.297697 0.073489 0.116801
v 0.270484 0.080613 0.110124
v 0.265213 0.075453 0.128043
v 0.283895 0.068868 0.136003
v 0.294416 0.066542 0.139607
v 0.298916 0.074956 0.094942
v 0.293049 0.076912 0.092847
v 0.292163 0.058491 0.153617
v 0.281727 0.060995 0.150312
v 0.279899 0.048327 0.163837
v 0.289875 0.045358 0.166052
v 0.262233 0.068557 0.143173
v 0.260683 0.059075 0.156338
v 0.278027 0.035890 0.170591
v 0.288123 0.032975 0.173502
v 0.311739 0.063215 0.052945
v 0.323883 0.059086 0.056225
v 0.304914 0.066091 0.047894
v 0.286493 0.009804 -0.032188
v 0.282937 0.022036 -0.033887
v 0.277280 0.009583 -0.045482
v 0.297020 -0.000037 -0.017912
v 0.286565 -0.000085 -0.032178
v 0.269375 0.009184 -0.057998
v 0.277346 -0.000115 -0.045470
v 0.269443 -0.000137 -0.057989
v 0.260371 0.008729 -0.068331
v 0.234433 0.006575 0.167333
v 0.231770 0.015953 0.166782
v 0.208994 0.000115 0.164742
v 0.234463 0.000150 0.167318
v 0.261885 0.006017 0.172329
v 0.260435 0.014148 0.171995
v 0.226658 0.034931 0.164428
v 0.200913 0.038422 0.162362
v 0.221346 0.054746 0.158707
v 0.218259 0.066958 0.151344
v 0.245268 0.049190 0.163776
v 0.240303 0.061659 0.155699
v 0.217294 0.077053 0.141882
v 0.218448 0.085033 0.130310
v 0.240038 0.070689 0.146682
v 0.242329 0.077835 0.135435
v 0.220710 0.091718 0.116542
v 0.224090 0.097108 0.100577
v 0.245567 0.083721 0.121816
v 0.249749 0.088347 0.105824
v 0.228090 0.102374 0.080902
v 0.203635 0.107141 0.072918
v 0.253679 0.093090 0.086179
v 0.276080 0.023501 0.173144
v 0.286866 0.021342 0.176131
v 0.259166 0.043489 0.167509
v 0.258024 0.030248 0.170562
v 0.275764 0.012976 0.174318
v 0.287094 0.011685 0.177904
v 0.259869 0.051875 0.164011
v 0.137524 0.086848 -0.038660
v 0.128796 0.076598 -0.053964
v 0.135182 0.084151 -0.038260
v 0.135232 0.090079 -0.023348
v 0.133379 0.092223 -0.008196
v 0.138636 0.096152 0.013050
v 0.142039 0.096407 0.033638
v 0.133965 0.093616 0.012228
v 0.137280 0.094038 0.033910
v 0.142667 0.094298 0.056509
v 0.134829 0.091711 0.056944
v 0.134710 0.018672 -0.093807
v 0.277199 0.005637 0.174360
v 0.288885 0.005218 0.178728
v 0.277309 0.000236 0.173975
v 0.288912 0.000255 0.178379
v 0.288508 0.078949 0.087296
v 0.274279 0.084866 0.089459
v 0.299047 0.074359 0.069153
v 0.303701 0.072278 0.071880
v 0.309877 0.070370 0.073827
v 0.262005 0.000215 0.172089
v 0.260438 -0.000157 -0.068322
v 0.245795 0.008097 -0.079380
v 0.321890 0.000054 0.014300
v 0.306376 -0.009245 -0.005188
v 0.296981 -0.009932 -0.017891
v 0.313498 -0.007922 0.005432
v 0.286528 -0.009973 -0.032156
v 0.321883 -0.007004 0.014314
v 0.169823 -0.007959 0.166131
v 0.181675 -0.007935 0.164802
v 0.158695 -0.007873 0.168421
v 0.194169 -0.007761 0.164484
v 0.146844 -0.007604 0.170692
v 0.209002 -0.007317 0.164751
v 0.234462 -0.006274 0.167334
v 0.277315 -0.009811 -0.045450
v 0.269397 -0.009447 -0.057971
v 0.260393 -0.009035 -0.068305
v 0.244674 -0.000174 -0.079630
v 0.261966 -0.005588 0.172199
v 0.277266 -0.005164 0.174126
v 0.288911 -0.004708 0.178497
v 0.122142 -0.072540 0.131785
v 0.124122 -0.063224 0.143940
v 0.123732 -0.083940 0.105638
v 0.122551 -0.078528 0.120249
v 0.135378 -0.035149 0.166804
v 0.142321 -0.019486 0.170587
v 0.128517 -0.050600 0.156692
v 0.122071 -0.092482 0.037350
v 0.124432 -0.091997 0.058952
v 0.139933 -0.043133 -0.085132
v 0.140994 -0.052866 -0.079951
v 0.134761 -0.019373 -0.093743
v 0.135577 -0.031604 -0.090037
v 0.126642 -0.082384 -0.037405
v 0.124070 -0.086654 -0.021656
v 0.138764 -0.063406 -0.074723
v 0.137198 -0.071663 -0.067163
v 0.121554 -0.089958 -0.006633
v 0.120782 -0.092107 0.014626
v 0.135187 -0.009317 -0.094600
v 0.129075 -0.077110 -0.053770
v 0.125518 -0.089937 0.080104
v 0.135126 -0.000353 -0.095135
v 0.135163 0.008589 -0.094620
v 0.161358 -0.106583 0.010464
v 0.161327 -0.105535 0.034391
v 0.149886 -0.101896 0.021426
v 0.150520 -0.102294 0.002786
v 0.236185 -0.110238 0.033315
v 0.232932 -0.107367 0.057832
v 0.210594 -0.112634 0.051691
v 0.215450 -0.116122 0.028168
v 0.162318 -0.051460 -0.083160
v 0.159021 -0.060607 -0.079061
v 0.143017 -0.087122 -0.053050
v 0.140599 -0.090826 -0.037322
v 0.137840 -0.087303 -0.038449
v 0.140749 -0.083031 -0.054248
v 0.142694 -0.098528 -0.002829
v 0.143671 -0.099265 0.015809
v 0.138906 -0.096446 0.013312
v 0.137841 -0.095302 -0.006274
v 0.138869 -0.093558 -0.021725
v 0.133647 -0.092594 -0.007949
v 0.135525 -0.090498 -0.023118
v 0.243862 -0.027327 -0.082067
v 0.244266 -0.017699 -0.080135
v 0.257915 -0.019179 -0.069400
v 0.257522 -0.029733 -0.071605
v 0.266106 -0.032067 -0.061403
v 0.266249 -0.020458 -0.059390
v 0.274112 -0.021637 -0.047207
v 0.274186 -0.034679 -0.048887
v 0.275548 -0.046494 -0.052018
v 0.282021 -0.036370 -0.034682
v 0.281927 -0.049689 -0.036785
v 0.193607 -0.030455 -0.093358
v 0.190807 -0.019106 -0.094850
v 0.213380 -0.018354 -0.091181
v 0.215438 -0.028711 -0.090635
v 0.157973 -0.031402 -0.093141
v 0.161909 -0.042442 -0.087938
v 0.174264 -0.031333 -0.094194
v 0.154115 -0.019358 -0.095105
v 0.170831 -0.019422 -0.096124
v 0.281628 -0.058168 -0.041440
v 0.274078 -0.052563 -0.060245
v 0.279933 -0.071950 -0.042624
v 0.281175 -0.065111 -0.043968
v 0.285561 -0.060583 -0.023065
v 0.285234 -0.068312 -0.020287
v 0.285024 -0.079692 0.006757
v 0.281501 -0.080606 -0.022138
v 0.288696 -0.068792 0.006027
v 0.230381 -0.027540 -0.087673
v 0.229487 -0.017824 -0.087160
v 0.150613 -0.079312 -0.077423
v 0.146790 -0.083313 -0.068206
v 0.145552 -0.078249 -0.068883
v 0.150286 -0.075481 -0.077476
v 0.138369 -0.080071 -0.053559
v 0.144322 -0.074214 -0.067971
v 0.150457 -0.070468 -0.076663
v 0.156201 -0.066837 -0.078153
v 0.259200 -0.100982 0.037688
v 0.257184 -0.097771 0.063665
v 0.275923 -0.082278 -0.045811
v 0.276117 -0.090547 0.039731
v 0.276540 -0.088001 0.066691
v 0.288165 -0.080192 0.039339
v 0.289735 -0.080645 0.063835
v 0.293987 -0.073621 0.038781
v 0.194896 -0.113638 0.045682
v 0.197478 -0.116891 0.022237
v 0.176562 -0.112342 0.016159
v 0.176486 -0.109887 0.038695
v 0.245851 -0.008454 -0.079344
v 0.228825 -0.008454 -0.087078
v 0.188527 -0.009059 -0.095042
v 0.211748 -0.008760 -0.091418
v 0.187571 -0.000247 -0.094745
v 0.209690 -0.000206 -0.091114
v 0.169207 -0.009268 -0.096362
v 0.154376 -0.009392 -0.095960
v 0.154289 -0.000306 -0.096531
v 0.168865 -0.000262 -0.096898
v 0.226836 -0.000193 -0.087181
v 0.228779 0.008060 -0.087114
v 0.211657 0.008324 -0.091433
v 0.188463 0.008608 -0.095061
v 0.169161 0.008761 -0.096386
v 0.154330 0.008802 -0.095985
v 0.297865 -0.073104 0.116976
v 0.287525 -0.074909 0.114972
v 0.293226 -0.076595 0.093026
v 0.299086 -0.074621 0.095119
v 0.292299 -0.058031 0.153666
v 0.281885 -0.060568 0.150376
v 0.284061 -0.068469 0.136138
v 0.294566 -0.066110 0.139734
v 0.286939 -0.020842 0.175915
v 0.287141 -0.011179 0.177666
v 0.275854 -0.012506 0.174104
v 0.276193 -0.023031 0.172960
v 0.288214 -0.032479 0.173347
v 0.278157 -0.035424 0.170461
v 0.280044 -0.047871 0.163789
v 0.289989 -0.044875 0.165984
v 0.310038 -0.070059 0.073994
v 0.303867 -0.071984 0.072051
v 0.305056 -0.065848 0.048090
v 0.311873 -0.062928 0.053132
v 0.323622 -0.047031 0.041351
v 0.324017 -0.058785 0.056365
v 0.310690 -0.052494 0.033313
v 0.321094 -0.013596 0.017193
v 0.321413 -0.021996 0.021559
v 0.314161 -0.027160 0.014949
v 0.312709 -0.016286 0.007869
v 0.299218 -0.074082 0.069327
v 0.295923 -0.069329 0.130696
v 0.285301 -0.070988 0.128470
v 0.320830 -0.035749 0.028345
v 0.308571 -0.042396 0.016787
v 0.305399 -0.032089 0.003623
v 0.297533 -0.038153 -0.005609
v 0.301836 -0.047893 0.008438
v 0.294505 -0.051952 -0.002910
v 0.302734 -0.056603 0.022965
v 0.294586 -0.061130 0.011221
v 0.287419 -0.051485 -0.019333
v 0.290347 -0.037067 -0.018839
v 0.304715 -0.020161 -0.003738
v 0.294005 -0.022158 -0.017859
v 0.137052 -0.090194 0.080172
v 0.135084 -0.085290 0.103359
v 0.134839 -0.064873 0.142666
v 0.139398 -0.053074 0.154332
v 0.146527 -0.067372 0.142787
v 0.151270 -0.055786 0.152994
v 0.158614 -0.038756 0.162039
v 0.146804 -0.037170 0.164230
v 0.132931 -0.073852 0.130766
v 0.144639 -0.076558 0.131280
v 0.160053 -0.069231 0.144073
v 0.164676 -0.057501 0.153222
v 0.133722 -0.080025 0.118627
v 0.145604 -0.083325 0.118517
v 0.146474 -0.088937 0.101414
v 0.159163 -0.086022 0.120371
v 0.158211 -0.078738 0.133110
v 0.174646 -0.088126 0.123913
v 0.173686 -0.080405 0.136221
v 0.175438 -0.070436 0.146525
v 0.163630 -0.092558 0.105217
v 0.177956 -0.095022 0.108347
v 0.191647 -0.088320 0.126812
v 0.190781 -0.080311 0.138702
v 0.179702 -0.058254 0.154952
v 0.185290 -0.039469 0.161648
v 0.171441 -0.039517 0.161182
v 0.192228 -0.070093 0.148602
v 0.195986 -0.057661 0.156518
v 0.154164 -0.020336 0.168353
v 0.165682 -0.020620 0.166015
v 0.177814 -0.020537 0.164643
v 0.190555 -0.020051 0.164244
v 0.205773 -0.018714 0.164521
v 0.155079 -0.091637 0.099908
v 0.154950 -0.095361 0.079945
v 0.162123 -0.096948 0.082421
v 0.146659 -0.093009 0.079193
v 0.154896 -0.098508 0.062015
v 0.163524 -0.100929 0.064092
v 0.171104 -0.098330 0.087608
v 0.129736 -0.091757 0.012722
v 0.131806 -0.091936 0.035307
v 0.132671 -0.088041 -0.022815
v 0.130107 -0.090380 -0.007858
v 0.151768 -0.101864 0.033753
v 0.177115 -0.104625 0.066304
v 0.148656 -0.096749 0.057497
v 0.146074 -0.099054 0.033895
v 0.183504 -0.101093 0.089447
v 0.198397 -0.101357 0.093102
v 0.194174 -0.095326 0.111598
v 0.191711 -0.107844 0.069160
v 0.265387 -0.075118 0.128218
v 0.270670 -0.080306 0.110312
v 0.260844 -0.058684 0.156434
v 0.262398 -0.068192 0.143320
v 0.300012 -0.068856 0.041639
v 0.295387 -0.076455 0.066233
v 0.283003 -0.022200 -0.033814
v 0.231815 -0.015659 0.166811
v 0.260538 -0.013726 0.171890
v 0.201013 -0.038219 0.162443
v 0.226748 -0.034657 0.164501
v 0.218411 -0.066715 0.151476
v 0.221469 -0.054488 0.158805
v 0.240442 -0.061355 0.155822
v 0.245401 -0.048859 0.163848
v 0.217468 -0.076830 0.142035
v 0.218640 -0.084831 0.130479
v 0.242507 -0.077568 0.135591
v 0.240197 -0.070405 0.146823
v 0.220918 -0.091537 0.116725
v 0.224310 -0.096953 0.100770
v 0.249948 -0.088121 0.105998
v 0.245756 -0.083474 0.121983
v 0.203902 -0.107095 0.073127
v 0.228321 -0.102239 0.081110
v 0.253890 -0.092894 0.086363
v 0.258150 -0.029829 0.170523
v 0.259313 -0.043074 0.167524
v 0.260024 -0.051467 0.164065
v 0.135479 -0.084613 -0.038064
v 0.142289 -0.096637 0.033930
v 0.137520 -0.094263 0.034204
v 0.134212 -0.093928 0.012490
v 0.135036 -0.091887 0.057213
v 0.142870 -0.094446 0.056762
v 0.288689 -0.078655 0.087480
v 0.274475 -0.084599 0.089655
v 0.150749 0.101270 -0.016050
v 0.162514 0.105621 -0.011942
v 0.177892 0.112384 -0.007932
v 0.164033 0.104374 -0.029128
v 0.151817 0.099770 -0.032310
v 0.165962 0.103121 -0.041616
v 0.153110 0.097759 -0.046381
v 0.179680 0.111215 -0.026281
v 0.181778 0.109102 -0.039666
v 0.170236 0.102168 -0.056372
v 0.156540 0.095765 -0.062109
v 0.284833 0.080044 0.006265
v 0.275347 0.093024 0.006637
v 0.281760 0.081091 -0.023174
v 0.276467 0.082860 -0.047467
v 0.268309 0.094837 -0.048459
v 0.273409 0.094457 -0.022608
v 0.274639 0.074682 -0.066634
v 0.270942 0.084454 -0.069096
v 0.268285 0.075468 -0.087668
v 0.265516 0.085603 -0.087643
v 0.257583 0.096853 -0.087203
v 0.262944 0.095718 -0.070029
v 0.276249 0.066235 -0.064723
v 0.268429 0.066301 -0.088190
v 0.262584 0.076473 -0.109951
v 0.260820 0.086514 -0.108378
v 0.275705 0.058565 -0.063298
v 0.265884 0.057507 -0.089170
v 0.257904 0.057526 -0.113014
v 0.261640 0.067051 -0.111490
v 0.263970 0.051385 -0.089245
v 0.259423 0.044420 -0.084378
v 0.244151 0.040132 -0.092590
v 0.241366 0.042898 -0.101749
v 0.255989 0.047932 -0.097347
v 0.259489 0.038330 -0.076526
v 0.244700 0.035025 -0.086597
v 0.230469 0.040740 -0.095221
v 0.227655 0.043447 -0.105188
v 0.237376 0.044773 -0.117085
v 0.251381 0.050307 -0.114550
v 0.267392 0.047364 -0.074647
v 0.268542 0.042301 -0.066286
v 0.219965 0.118011 0.003492
v 0.240778 0.111350 0.006394
v 0.200349 0.118533 -0.001932
v 0.261217 0.103224 0.007323
v 0.241966 0.110897 -0.019987
v 0.221677 0.117191 -0.020830
v 0.239414 0.108737 -0.045316
v 0.220364 0.113666 -0.044336
v 0.201893 0.113832 -0.042003
v 0.201976 0.117456 -0.023209
v 0.260933 0.104065 -0.020837
v 0.256491 0.103399 -0.047063
v 0.235771 0.106902 -0.066935
v 0.218482 0.111718 -0.058890
v 0.164443 0.088056 -0.095510
v 0.161804 0.093798 -0.078582
v 0.173429 0.100321 -0.073121
v 0.175923 0.098232 -0.091046
v 0.156258 0.085679 -0.083837
v 0.160219 0.094398 -0.073682
v 0.187758 0.105958 -0.070358
v 0.193284 0.105576 -0.087078
v 0.177417 0.096465 -0.111451
v 0.168696 0.086578 -0.114474
v 0.231239 0.105314 -0.084975
v 0.212926 0.108105 -0.085921
v 0.217093 0.110479 -0.067548
v 0.197858 0.108798 -0.068761
v 0.251704 0.103268 -0.068907
v 0.246322 0.103514 -0.086235
v 0.225426 0.104249 -0.106134
v 0.210499 0.106100 -0.106906
v 0.164453 0.075191 -0.100561
v 0.158948 0.076345 -0.088763
v 0.168904 0.074248 -0.117521
v 0.176623 0.062142 -0.104015
v 0.171471 0.063955 -0.091242
v 0.154830 0.076319 -0.081936
v 0.151800 0.085828 -0.076296
v 0.215383 0.045148 -0.094797
v 0.193782 0.052504 -0.092582
v 0.194810 0.052827 -0.105519
v 0.213695 0.046985 -0.105968
v 0.213291 0.043947 -0.089459
v 0.190268 0.052100 -0.086245
v 0.196665 0.052839 -0.121125
v 0.209577 0.048724 -0.120951
v 0.192706 0.047323 -0.088567
v 0.216423 0.037519 -0.090732
v 0.195781 0.040427 -0.091041
v 0.177625 0.049903 -0.086196
v 0.175340 0.055904 -0.083413
v 0.177415 0.041794 -0.089797
v 0.172268 0.060946 -0.082900
v 0.154540 0.072452 -0.081972
v 0.148377 0.089555 -0.066132
v 0.160209 0.068873 -0.083527
v 0.231052 0.035466 -0.089807
v 0.223629 0.045103 -0.119971
v 0.179600 0.061847 -0.120152
v 0.252550 0.097592 -0.106852
v 0.240709 0.103651 -0.106063
v 0.200543 0.110848 -0.055216
v 0.184212 0.107423 -0.053973
v 0.192238 0.103318 -0.108918
v 0.244913 0.051558 -0.135772
v 0.253214 0.063447 -0.134822
v 0.219271 0.045971 -0.139522
v 0.232333 0.045975 -0.137874
v 0.206334 0.049783 -0.140100
v 0.181807 0.061786 -0.140201
v 0.197145 0.053398 -0.140182
v 0.171285 0.083815 -0.138346
v 0.171964 0.072321 -0.139909
v 0.246898 0.097975 -0.128755
v 0.233497 0.103624 -0.128045
v 0.256165 0.087237 -0.131046
v 0.211959 0.103595 -0.130233
v 0.191398 0.101262 -0.132935
v 0.180199 0.094288 -0.135311
v 0.256929 0.077756 -0.133439
v 0.237348 0.079990 -0.259503
v 0.239340 0.079295 -0.246165
v 0.236440 0.068421 -0.244518
v 0.235185 0.069184 -0.258477
v 0.227616 0.059312 -0.242118
v 0.228046 0.059900 -0.256759
v 0.215139 0.055667 -0.241601
v 0.215785 0.055306 -0.256730
v 0.194281 0.063827 -0.261459
v 0.203619 0.058078 -0.258837
v 0.203183 0.058683 -0.244266
v 0.194759 0.064216 -0.247450
v 0.186621 0.078295 -0.265060
v 0.187159 0.071536 -0.264111
v 0.188277 0.071889 -0.250670
v 0.188003 0.079309 -0.251598
v 0.235502 0.087359 -0.259224
v 0.230628 0.093599 -0.259063
v 0.231251 0.092458 -0.245740
v 0.236946 0.086502 -0.246054
v 0.215930 0.101409 -0.259489
v 0.215432 0.099415 -0.246002
v 0.222079 0.097184 -0.245466
v 0.222701 0.098720 -0.259028
v 0.203722 0.099513 -0.262118
v 0.193088 0.092710 -0.265067
v 0.194722 0.092789 -0.250086
v 0.204122 0.097943 -0.247940
v 0.188573 0.086098 -0.266056
v 0.190682 0.086534 -0.251424
v 0.219237 0.101684 -0.195725
v 0.216182 0.100234 -0.223648
v 0.204550 0.098134 -0.224602
v 0.205474 0.099650 -0.197889
v 0.227218 0.099471 -0.195006
v 0.223458 0.098097 -0.223190
v 0.194825 0.094058 -0.227135
v 0.193615 0.096076 -0.200042
v 0.206675 0.100870 -0.176713
v 0.222870 0.102487 -0.173829
v 0.252133 0.078327 -0.155201
v 0.251445 0.087242 -0.152827
v 0.248846 0.078739 -0.175554
v 0.247246 0.087178 -0.173844
v 0.241408 0.094329 -0.173067
v 0.246280 0.094685 -0.151162
v 0.248262 0.064429 -0.155919
v 0.245281 0.065424 -0.176120
v 0.245685 0.078947 -0.194978
v 0.243542 0.086872 -0.194271
v 0.241971 0.078981 -0.221267
v 0.239490 0.086215 -0.221992
v 0.233145 0.092568 -0.222524
v 0.237388 0.093715 -0.194283
v 0.242397 0.066164 -0.194856
v 0.238568 0.066936 -0.219442
v 0.183046 0.093029 -0.158383
v 0.174450 0.082561 -0.161022
v 0.185378 0.091400 -0.180128
v 0.178144 0.081242 -0.182220
v 0.178183 0.069956 -0.182191
v 0.174948 0.071380 -0.161585
v 0.191858 0.099633 -0.156468
v 0.192743 0.097766 -0.178981
v 0.187434 0.089839 -0.201292
v 0.181853 0.080331 -0.202688
v 0.190373 0.087923 -0.229138
v 0.186087 0.079714 -0.229937
v 0.185732 0.071316 -0.229630
v 0.181584 0.069814 -0.202408
v 0.231325 0.100185 -0.173225
v 0.236635 0.100655 -0.150206
v 0.227719 0.103068 -0.150372
v 0.200928 0.052093 -0.159765
v 0.208808 0.051002 -0.197599
v 0.203771 0.055944 -0.222800
v 0.217505 0.052661 -0.218136
v 0.221271 0.050341 -0.195253
v 0.200315 0.053523 -0.198187
v 0.230247 0.056666 -0.217960
v 0.233840 0.055238 -0.194500
v 0.224462 0.048819 -0.177462
v 0.212366 0.048462 -0.178695
v 0.228035 0.047218 -0.157935
v 0.215509 0.047075 -0.159109
v 0.200589 0.052218 -0.179800
v 0.236783 0.054140 -0.176237
v 0.240067 0.052714 -0.156112
v 0.186714 0.060175 -0.181169
v 0.189070 0.060388 -0.200997
v 0.192682 0.062746 -0.226897
v 0.184218 0.061416 -0.160740
v 0.208414 0.102134 -0.153587
v 0.189124 0.082695 -0.323882
v 0.190062 0.084184 -0.305167
v 0.192662 0.092119 -0.295288
v 0.192981 0.092159 -0.313139
v 0.189342 0.075333 -0.327431
v 0.189169 0.076505 -0.309361
v 0.189425 0.084871 -0.294741
v 0.190391 0.090082 -0.287444
v 0.198265 0.098195 -0.287759
v 0.197990 0.097502 -0.306444
v 0.196613 0.093879 -0.331275
v 0.193918 0.084633 -0.340602
v 0.227621 0.091608 -0.293740
v 0.224700 0.094907 -0.294450
v 0.229350 0.094009 -0.283232
v 0.226848 0.091590 -0.304993
v 0.224666 0.095128 -0.306290
v 0.220408 0.097308 -0.295807
v 0.223772 0.097457 -0.283842
v 0.231575 0.087653 -0.283323
v 0.228803 0.086164 -0.294014
v 0.216009 0.100398 -0.325366
v 0.212502 0.100356 -0.331878
v 0.209712 0.099131 -0.316218
v 0.209448 0.099280 -0.338957
v 0.201104 0.097823 -0.323337
v 0.215496 0.098744 -0.310856
v 0.218468 0.099288 -0.321652
v 0.207478 0.095998 -0.344798
v 0.204416 0.087563 -0.351944
v 0.203980 0.078337 -0.352789
v 0.194426 0.076882 -0.342422
v 0.233509 0.088050 -0.274269
v 0.234472 0.087791 -0.267063
v 0.235783 0.080169 -0.267304
v 0.234208 0.080066 -0.274432
v 0.230719 0.094265 -0.275020
v 0.229178 0.094922 -0.266951
v 0.233784 0.069266 -0.266676
v 0.231993 0.069013 -0.274040
v 0.231672 0.079670 -0.283837
v 0.228287 0.078575 -0.295266
v 0.229458 0.068531 -0.283654
v 0.227447 0.071252 -0.295555
v 0.228228 0.078546 -0.306929
v 0.228417 0.084792 -0.305219
v 0.183977 0.077195 -0.280021
v 0.185188 0.077516 -0.272955
v 0.186902 0.085277 -0.274433
v 0.185841 0.084244 -0.281603
v 0.185136 0.071240 -0.279185
v 0.185977 0.071174 -0.272090
v 0.191454 0.092051 -0.273463
v 0.190273 0.090885 -0.280635
v 0.186461 0.083516 -0.288713
v 0.184850 0.077083 -0.288078
v 0.199994 0.099177 -0.277144
v 0.201917 0.099768 -0.269976
v 0.214607 0.102071 -0.267774
v 0.212811 0.101843 -0.274575
v 0.221670 0.099582 -0.267181
v 0.219749 0.100010 -0.274214
v 0.210580 0.100785 -0.285859
v 0.220756 0.097506 -0.308164
v 0.222425 0.097475 -0.318408
v 0.225350 0.095285 -0.316158
v 0.214558 0.098712 -0.297896
v 0.227243 0.092732 -0.314903
v 0.228230 0.089038 -0.306093
v 0.229122 0.090610 -0.315334
v 0.205252 0.058261 -0.298690
v 0.204712 0.058021 -0.313029
v 0.210638 0.054108 -0.306770
v 0.212762 0.054789 -0.288070
v 0.197954 0.063371 -0.305221
v 0.197987 0.063253 -0.319702
v 0.204717 0.057202 -0.327363
v 0.210224 0.053134 -0.319938
v 0.216091 0.053464 -0.299778
v 0.213483 0.054858 -0.280157
v 0.204174 0.058531 -0.289629
v 0.226109 0.064146 -0.294937
v 0.225797 0.060233 -0.283114
v 0.224396 0.059501 -0.294915
v 0.226452 0.062926 -0.308448
v 0.227618 0.068945 -0.308746
v 0.227598 0.061029 -0.319976
v 0.228296 0.064824 -0.318947
v 0.224985 0.058596 -0.311348
v 0.227900 0.058536 -0.322331
v 0.229710 0.068283 -0.319092
v 0.228275 0.072648 -0.308311
v 0.217228 0.099672 -0.284430
v 0.226947 0.096678 -0.274060
v 0.207887 0.099003 -0.301510
v 0.230046 0.079682 -0.315456
v 0.230095 0.083957 -0.314595
v 0.230861 0.076705 -0.316981
v 0.230205 0.087610 -0.315219
v 0.202851 0.058366 -0.281709
v 0.194543 0.063587 -0.284903
v 0.196662 0.063523 -0.293903
v 0.214577 0.054581 -0.273210
v 0.203686 0.057808 -0.274408
v 0.187689 0.077266 -0.297262
v 0.189245 0.070978 -0.296909
v 0.186263 0.071145 -0.287414
v 0.209754 0.055375 -0.339296
v 0.213105 0.052117 -0.335758
v 0.215781 0.050491 -0.332811
v 0.203617 0.059395 -0.332103
v 0.208913 0.058721 -0.343102
v 0.216812 0.052364 -0.313304
v 0.220367 0.050213 -0.328257
v 0.223193 0.052080 -0.325680
v 0.221440 0.054900 -0.311441
v 0.225950 0.054108 -0.326851
v 0.221036 0.056335 -0.295983
v 0.221733 0.056958 -0.283060
v 0.226939 0.056740 -0.324908
v 0.221467 0.056723 -0.273404
v 0.227179 0.060502 -0.273418
v 0.227843 0.060130 -0.265748
v 0.220131 0.056813 -0.265767
v 0.191669 0.069956 -0.325920
v 0.196429 0.071272 -0.340433
v 0.200344 0.064047 -0.334403
v 0.191128 0.070446 -0.308869
v 0.205006 0.071948 -0.349940
v 0.206614 0.064880 -0.344935
v 0.193549 0.063584 -0.276846
v 0.193681 0.063479 -0.269663
v 0.203529 0.057678 -0.267171
v 0.230372 0.073100 -0.317840
v 0.215761 0.054836 -0.265363
v 0.224257 0.102053 -0.328965
v 0.218715 0.101794 -0.337149
v 0.217044 0.097497 -0.351169
v 0.212748 0.089614 -0.357034
v 0.228558 0.098560 -0.322691
v 0.226107 0.100539 -0.325415
v 0.233064 0.094067 -0.318392
v 0.231265 0.096037 -0.319903
v 0.237179 0.059375 -0.324727
v 0.238515 0.062097 -0.322659
v 0.238345 0.080278 -0.317507
v 0.237657 0.083296 -0.317277
v 0.215271 0.054260 -0.346116
v 0.219320 0.051331 -0.343301
v 0.228781 0.049106 -0.335048
v 0.232265 0.050789 -0.332725
v 0.234678 0.055841 -0.329996
v 0.236119 0.057418 -0.327286
v 0.223639 0.049748 -0.339606
v 0.239036 0.077120 -0.318174
v 0.238740 0.065175 -0.321944
v 0.235099 0.054201 -0.331995
v 0.233752 0.052852 -0.332084
v 0.212767 0.058214 -0.347953
v 0.210825 0.079968 -0.357689
v 0.210982 0.071855 -0.354602
v 0.211941 0.064868 -0.350951
v 0.234850 0.091686 -0.317387
v 0.231974 0.097391 -0.322446
v 0.239563 0.085027 -0.318271
v 0.236728 0.086828 -0.317193
v 0.235954 0.088969 -0.317035
v 0.239043 0.073971 -0.319323
v 0.241812 0.069260 -0.322669
v 0.239164 0.071509 -0.320799
v 0.217611 0.100616 -0.344055
v 0.228262 0.100892 -0.354122
v 0.233953 0.102335 -0.354727
v 0.222297 0.093237 -0.357873
v 0.230837 0.103315 -0.352025
v 0.238460 0.105387 -0.351949
v 0.234651 0.101527 -0.355533
v 0.225315 0.095627 -0.357706
v 0.217888 0.091618 -0.357745
v 0.223063 0.098935 -0.353309
v 0.236650 0.106730 -0.347664
v 0.243509 0.108021 -0.343710
v 0.245908 0.107041 -0.348995
v 0.248069 0.106473 -0.341571
v 0.250627 0.105659 -0.347500
v 0.247400 0.106084 -0.352164
v 0.241597 0.105052 -0.353823
v 0.233547 0.106171 -0.344207
v 0.240487 0.107431 -0.338681
v 0.250606 0.103278 -0.341157
v 0.252775 0.102843 -0.347206
v 0.253377 0.102418 -0.351037
v 0.251626 0.104837 -0.351260
v 0.244832 0.105838 -0.335976
v 0.247365 0.102710 -0.335369
v 0.251354 0.101384 -0.341229
v 0.253284 0.101111 -0.347257
v 0.263169 0.100616 -0.345025
v 0.257964 0.100660 -0.346155
v 0.256222 0.100782 -0.339551
v 0.261815 0.100591 -0.338048
v 0.263661 0.100104 -0.349175
v 0.258858 0.100052 -0.350085
v 0.254637 0.100361 -0.346922
v 0.252694 0.100594 -0.340682
v 0.252611 0.100001 -0.333358
v 0.257773 0.099381 -0.331280
v 0.266297 0.098977 -0.336723
v 0.267331 0.099178 -0.344099
v 0.268961 0.092411 -0.344021
v 0.268949 0.096003 -0.343827
v 0.268220 0.095643 -0.336255
v 0.268585 0.091939 -0.336510
v 0.268448 0.092727 -0.348546
v 0.268654 0.096051 -0.348372
v 0.263753 0.094030 -0.329137
v 0.264340 0.090539 -0.329639
v 0.268358 0.089636 -0.336861
v 0.268493 0.090164 -0.344274
v 0.273931 0.083342 -0.343328
v 0.271156 0.086705 -0.343811
v 0.270832 0.086220 -0.336263
v 0.273270 0.082991 -0.335665
v 0.273642 0.083263 -0.347928
v 0.270769 0.086564 -0.348345
v 0.269086 0.088536 -0.344219
v 0.268987 0.087982 -0.336794
v 0.266521 0.085081 -0.329411
v 0.268600 0.082016 -0.328578
v 0.274666 0.079037 -0.335540
v 0.275477 0.079376 -0.343186
v 0.272648 0.072078 -0.344352
v 0.274683 0.075424 -0.343627
v 0.273983 0.074897 -0.336229
v 0.272148 0.071291 -0.337316
v 0.272329 0.072847 -0.348603
v 0.274387 0.075890 -0.348083
v 0.269375 0.074077 -0.329508
v 0.268029 0.070630 -0.331114
v 0.270643 0.069246 -0.338135
v 0.270989 0.070179 -0.344898
v 0.273334 0.061314 -0.345263
v 0.272074 0.066162 -0.345008
v 0.271829 0.065363 -0.338443
v 0.273233 0.060848 -0.339070
v 0.272679 0.061637 -0.349033
v 0.271538 0.066423 -0.349029
v 0.270800 0.068531 -0.345068
v 0.270518 0.067582 -0.338409
v 0.267878 0.064978 -0.332466
v 0.268983 0.060725 -0.332865
v 0.271371 0.057024 -0.340572
v 0.271565 0.057355 -0.346133
v 0.214908 0.081728 -0.358568
v 0.221415 0.101387 -0.346523
v 0.226908 0.102663 -0.349695
v 0.229418 0.104494 -0.340214
v 0.236790 0.105400 -0.334203
v 0.240658 0.103901 -0.331354
v 0.225156 0.103273 -0.337613
v 0.231518 0.103695 -0.331219
v 0.243003 0.101159 -0.330241
v 0.234928 0.102161 -0.328090
v 0.236961 0.099719 -0.326224
v 0.243792 0.099633 -0.330231
v 0.248140 0.100882 -0.335442
v 0.247103 0.098445 -0.327880
v 0.250813 0.097399 -0.325542
v 0.249399 0.100030 -0.334781
v 0.244872 0.098764 -0.329531
v 0.240046 0.097081 -0.323560
v 0.242407 0.095618 -0.321294
v 0.253850 0.095011 -0.323639
v 0.261873 0.097413 -0.329600
v 0.255401 0.091667 -0.323267
v 0.256092 0.088631 -0.324085
v 0.245808 0.090054 -0.319214
v 0.246721 0.087430 -0.320033
v 0.256378 0.086801 -0.324964
v 0.264304 0.088381 -0.330216
v 0.258105 0.083726 -0.323859
v 0.259827 0.080790 -0.322732
v 0.264938 0.086764 -0.330155
v 0.256969 0.085334 -0.324901
v 0.248387 0.083234 -0.320006
v 0.249546 0.080414 -0.319210
v 0.260867 0.077027 -0.322585
v 0.269818 0.078141 -0.328453
v 0.260769 0.073269 -0.324031
v 0.260173 0.070343 -0.326189
v 0.250430 0.073486 -0.320694
v 0.250437 0.070772 -0.322845
v 0.259739 0.068710 -0.327796
v 0.266880 0.068690 -0.332311
v 0.260109 0.065299 -0.327443
v 0.260584 0.061221 -0.327046
v 0.266805 0.067068 -0.332649
v 0.259708 0.067259 -0.328134
v 0.250457 0.066379 -0.323975
v 0.250798 0.062686 -0.323426
v 0.259274 0.057516 -0.328536
v 0.267261 0.056980 -0.334619
v 0.238612 0.098528 -0.326099
v 0.239416 0.097800 -0.325477
v 0.244534 0.093124 -0.319530
v 0.248215 0.085883 -0.321148
v 0.248674 0.084772 -0.321109
v 0.250355 0.076921 -0.319256
v 0.251562 0.069162 -0.324614
v 0.217135 0.067418 -0.357341
v 0.219796 0.061840 -0.356806
v 0.216900 0.062281 -0.354881
v 0.218313 0.068381 -0.358330
v 0.220954 0.062806 -0.357784
v 0.220665 0.057886 -0.356214
v 0.217954 0.058168 -0.354164
v 0.214637 0.063214 -0.353073
v 0.214546 0.073290 -0.357828
v 0.266347 0.054907 -0.342764
v 0.267299 0.055356 -0.347438
v 0.262689 0.054844 -0.337460
v 0.261268 0.053957 -0.344800
v 0.262697 0.054320 -0.348725
v 0.267491 0.056076 -0.350290
v 0.271099 0.057889 -0.349509
v 0.256305 0.055456 -0.331527
v 0.249965 0.059224 -0.324622
v 0.247726 0.057027 -0.327368
v 0.252905 0.054388 -0.334433
v 0.258039 0.053918 -0.339987
v 0.238970 0.067739 -0.321939
v 0.251559 0.068041 -0.324879
v 0.269904 0.069226 -0.345254
v 0.269679 0.068276 -0.338663
v 0.266084 0.067759 -0.333044
v 0.270100 0.068879 -0.349202
v 0.268802 0.069770 -0.349426
v 0.269957 0.069653 -0.345214
v 0.269717 0.068710 -0.338595
v 0.266107 0.068183 -0.332963
v 0.268887 0.070378 -0.349384
v 0.270394 0.071034 -0.349058
v 0.259238 0.067921 -0.328730
v 0.252138 0.068611 -0.325689
v 0.259249 0.068276 -0.328653
v 0.267978 0.088920 -0.344486
v 0.267964 0.088381 -0.337160
v 0.264027 0.087173 -0.330668
v 0.268397 0.088399 -0.348732
v 0.266824 0.088832 -0.349028
v 0.267827 0.089344 -0.344497
v 0.267802 0.088815 -0.337177
v 0.263862 0.087600 -0.330682
v 0.266624 0.089420 -0.349043
v 0.267670 0.090483 -0.348791
v 0.256263 0.085753 -0.325596
v 0.248961 0.085273 -0.322064
v 0.256119 0.086112 -0.325611
v 0.253412 0.099964 -0.347269
v 0.251523 0.100256 -0.341218
v 0.248336 0.099756 -0.335445
v 0.255457 0.099567 -0.350760
v 0.253696 0.098903 -0.351138
v 0.253073 0.100179 -0.347363
v 0.251209 0.100476 -0.341373
v 0.248040 0.099989 -0.335630
v 0.253167 0.099232 -0.351231
v 0.253593 0.100625 -0.351082
v 0.244021 0.098584 -0.330303
v 0.239299 0.097869 -0.326581
v 0.243769 0.098807 -0.330479
v 0.217189 0.082272 -0.359026
v 0.224541 0.092071 -0.359222
v 0.221408 0.082323 -0.360386
v 0.216917 0.073972 -0.358727
v 0.219463 0.074432 -0.359812
v 0.220839 0.068962 -0.359433
v 0.263301 0.055022 -0.351147
v 0.257564 0.053565 -0.350117
v 0.258336 0.054099 -0.352149
v 0.263267 0.056563 -0.352649
v 0.267106 0.057516 -0.351900
v 0.270154 0.058962 -0.351280
v 0.271330 0.061826 -0.350956
v 0.270213 0.065889 -0.351006
v 0.268182 0.068366 -0.351304
v 0.265731 0.069836 -0.351723
v 0.265898 0.071061 -0.351647
v 0.268691 0.072134 -0.351065
v 0.271253 0.073949 -0.350508
v 0.275200 0.079508 -0.347781
v 0.273143 0.076561 -0.350057
v 0.273867 0.079491 -0.349812
v 0.272491 0.082580 -0.349949
v 0.269838 0.085490 -0.350332
v 0.266868 0.087348 -0.350819
v 0.263686 0.087747 -0.351422
v 0.263312 0.088871 -0.351449
v 0.265746 0.090721 -0.350900
v 0.267123 0.093087 -0.350540
v 0.267370 0.098898 -0.348511
v 0.267439 0.095964 -0.350371
v 0.266800 0.098154 -0.350408
v 0.263720 0.098812 -0.350954
v 0.259151 0.098628 -0.351809
v 0.255124 0.097685 -0.352610
v 0.251640 0.095981 -0.353360
v 0.250565 0.096683 -0.353532
v 0.251902 0.099785 -0.353129
v 0.252267 0.102029 -0.352956
v 0.251151 0.103911 -0.353091
v 0.247899 0.104871 -0.353713
v 0.242743 0.103594 -0.354969
v 0.236227 0.100289 -0.356561
v 0.253243 0.053487 -0.342525
v 0.255991 0.053487 -0.346821
v 0.245413 0.055569 -0.330243
v 0.242664 0.054361 -0.333301
v 0.248958 0.053626 -0.337481
v 0.215315 0.058280 -0.351424
v 0.223453 0.063405 -0.358862
v 0.222596 0.057930 -0.357448
v 0.258522 0.080517 -0.354796
v 0.262175 0.075767 -0.354296
v 0.259105 0.077142 -0.354817
v 0.266087 0.076478 -0.353546
v 0.259205 0.072313 -0.354771
v 0.255849 0.073449 -0.355349
v 0.253730 0.076179 -0.355640
v 0.252844 0.080503 -0.355641
v 0.257621 0.065128 -0.355545
v 0.259372 0.060497 -0.355396
v 0.257163 0.062519 -0.355729
v 0.263309 0.060542 -0.354665
v 0.255438 0.058183 -0.356005
v 0.253030 0.060334 -0.356370
v 0.251979 0.063051 -0.356459
v 0.252285 0.066330 -0.356280
v 0.253294 0.090637 -0.355381
v 0.258392 0.090182 -0.354455
v 0.255127 0.089476 -0.355087
v 0.261428 0.092269 -0.353811
v 0.257408 0.087301 -0.354536
v 0.252829 0.086737 -0.355408
v 0.249482 0.088349 -0.355967
v 0.236643 0.092489 -0.358730
v 0.244169 0.094758 -0.357057
v 0.240271 0.092641 -0.357951
v 0.246547 0.098279 -0.356417
v 0.245355 0.091820 -0.356691
v 0.241748 0.089755 -0.357498
v 0.237704 0.088582 -0.358358
v 0.233218 0.088291 -0.359295
v 0.233211 0.069288 -0.359528
v 0.239431 0.067600 -0.358499
v 0.235584 0.068090 -0.359126
v 0.243532 0.068543 -0.357824
v 0.238130 0.061406 -0.358529
v 0.233850 0.061820 -0.359180
v 0.230690 0.062095 -0.359670
v 0.228651 0.062271 -0.359992
v 0.241001 0.057377 -0.358353
v 0.236079 0.056328 -0.359041
v 0.237231 0.057588 -0.358881
v 0.239588 0.054280 -0.358561
v 0.229191 0.058114 -0.359840
v 0.231153 0.059513 -0.359568
v 0.234375 0.060035 -0.359090
v 0.238858 0.059643 -0.358429
v 0.230454 0.056221 -0.359624
v 0.234913 0.053812 -0.358979
v 0.234293 0.053672 -0.358632
v 0.229644 0.056269 -0.359313
v 0.239899 0.052256 -0.358313
v 0.239576 0.052000 -0.357929
v 0.232760 0.052474 -0.357247
v 0.227882 0.055419 -0.357988
v 0.228331 0.058300 -0.359546
v 0.230374 0.059792 -0.359264
v 0.227412 0.059577 -0.359499
v 0.229582 0.060255 -0.359181
v 0.233769 0.060348 -0.358759
v 0.238503 0.059927 -0.358058
v 0.233591 0.060944 -0.358791
v 0.238264 0.060512 -0.358090
v 0.242471 0.058942 -0.357492
v 0.242586 0.058731 -0.357902
v 0.245661 0.057423 -0.357069
v 0.245562 0.057315 -0.357510
v 0.244504 0.056058 -0.357885
v 0.244803 0.059309 -0.356942
v 0.247929 0.057550 -0.356547
v 0.248285 0.055725 -0.356751
v 0.248010 0.055733 -0.357213
v 0.250791 0.051867 -0.356954
v 0.250391 0.053354 -0.356966
v 0.250839 0.053168 -0.356488
v 0.251268 0.051575 -0.356476
v 0.246533 0.053342 -0.357667
v 0.246755 0.054344 -0.357620
v 0.253027 0.052205 -0.354661
v 0.253612 0.051103 -0.354624
v 0.250543 0.051046 -0.356577
v 0.250115 0.051372 -0.357049
v 0.249156 0.050887 -0.356750
v 0.248821 0.051220 -0.357209
v 0.244315 0.053300 -0.357949
v 0.251368 0.049888 -0.354901
v 0.249353 0.049476 -0.355148
v 0.245502 0.051227 -0.357189
v 0.245418 0.051534 -0.357623
v 0.245050 0.049726 -0.355656
v 0.238449 0.050554 -0.356466
v 0.228941 0.084949 -0.360182
v 0.224416 0.081198 -0.361057
v 0.223189 0.081662 -0.360905
v 0.228193 0.085708 -0.359925
v 0.234980 0.079714 -0.359197
v 0.231991 0.077377 -0.359764
v 0.223368 0.074773 -0.361152
v 0.222072 0.074782 -0.360966
v 0.227525 0.087119 -0.359867
v 0.232586 0.086983 -0.359017
v 0.233084 0.086142 -0.359333
v 0.237500 0.087313 -0.358005
v 0.237706 0.086455 -0.358391
v 0.238961 0.080483 -0.358431
v 0.232630 0.087702 -0.359007
v 0.237500 0.088023 -0.357998
v 0.241753 0.087644 -0.357133
v 0.241706 0.086771 -0.357574
v 0.245350 0.088001 -0.356395
v 0.245085 0.087110 -0.356888
v 0.242405 0.080360 -0.357786
v 0.242417 0.088778 -0.356765
v 0.246126 0.089136 -0.355996
v 0.248062 0.086816 -0.355891
v 0.247625 0.086010 -0.356420
v 0.249881 0.084113 -0.355635
v 0.249320 0.083491 -0.356180
v 0.244609 0.078023 -0.357432
v 0.248723 0.087173 -0.355542
v 0.251569 0.084246 -0.355111
v 0.251254 0.080439 -0.355521
v 0.250599 0.080077 -0.356072
v 0.252202 0.075804 -0.355521
v 0.251486 0.075755 -0.356070
v 0.245622 0.074298 -0.357346
v 0.252003 0.080581 -0.355379
v 0.252951 0.075948 -0.355378
v 0.252255 0.072291 -0.355643
v 0.251533 0.072475 -0.356187
v 0.251418 0.069881 -0.355881
v 0.250759 0.070209 -0.356397
v 0.244884 0.071475 -0.357537
v 0.254000 0.072191 -0.355116
v 0.253133 0.069712 -0.355369
v 0.250849 0.066896 -0.356070
v 0.250230 0.067423 -0.356574
v 0.250538 0.063359 -0.356233
v 0.249940 0.064123 -0.356723
v 0.251533 0.066534 -0.355979
v 0.251217 0.062997 -0.356143
v 0.247936 0.061284 -0.356667
v 0.247414 0.062173 -0.357147
v 0.243040 0.060630 -0.357388
v 0.242648 0.061527 -0.357858
v 0.249588 0.059785 -0.356261
v 0.230163 0.061233 -0.359320
v 0.227983 0.061414 -0.359658
v 0.225864 0.064216 -0.360055
v 0.226675 0.064885 -0.360357
v 0.223378 0.069587 -0.360614
v 0.224582 0.069920 -0.360825
v 0.231699 0.073378 -0.359803
v 0.262969 0.072359 -0.354070
v 0.267140 0.073589 -0.353252
v 0.267322 0.073170 -0.352818
v 0.262853 0.071852 -0.353696
v 0.269985 0.075248 -0.352661
v 0.270372 0.074951 -0.352186
v 0.258819 0.071803 -0.354445
v 0.255222 0.073021 -0.355065
v 0.257718 0.070931 -0.354474
v 0.253456 0.083895 -0.354982
v 0.254203 0.083597 -0.355271
v 0.257312 0.085892 -0.354193
v 0.257802 0.085461 -0.354533
v 0.261493 0.082414 -0.354173
v 0.256530 0.086179 -0.354119
v 0.261401 0.086624 -0.353407
v 0.261619 0.086142 -0.353801
v 0.265727 0.086086 -0.352625
v 0.265651 0.085642 -0.353073
v 0.265340 0.082293 -0.353465
v 0.269083 0.084511 -0.352062
v 0.268782 0.084172 -0.352547
v 0.271474 0.081894 -0.351718
v 0.271014 0.081728 -0.352225
v 0.267868 0.080289 -0.353071
v 0.272743 0.079451 -0.351576
v 0.272196 0.079449 -0.352093
v 0.271506 0.077342 -0.352301
v 0.272001 0.077193 -0.351797
v 0.268056 0.078486 -0.353105
v 0.258872 0.057536 -0.355391
v 0.263331 0.058396 -0.354533
v 0.263360 0.058050 -0.354122
v 0.258581 0.057129 -0.355045
v 0.266518 0.059141 -0.353913
v 0.266775 0.058851 -0.353460
v 0.258434 0.055674 -0.353583
v 0.254903 0.057822 -0.355700
v 0.252326 0.060115 -0.356081
v 0.252366 0.057654 -0.355942
v 0.253907 0.068901 -0.355464
v 0.254509 0.068521 -0.355785
v 0.258345 0.070079 -0.354599
v 0.258649 0.069621 -0.354976
v 0.261104 0.066125 -0.354861
v 0.262579 0.069712 -0.353826
v 0.262601 0.069276 -0.354256
v 0.266609 0.067800 -0.353152
v 0.266362 0.067494 -0.353627
v 0.264708 0.064897 -0.354240
v 0.269113 0.065461 -0.352775
v 0.268699 0.065311 -0.353277
v 0.268997 0.060103 -0.353419
v 0.269433 0.059880 -0.352928
v 0.265717 0.061316 -0.354186
v 0.269759 0.061918 -0.353210
v 0.270251 0.061823 -0.352704
v 0.260584 0.088844 -0.353889
v 0.263676 0.091191 -0.353228
v 0.264022 0.091091 -0.352752
v 0.260710 0.088575 -0.353462
v 0.265377 0.093428 -0.352828
v 0.265847 0.093489 -0.352321
v 0.257305 0.086921 -0.354154
v 0.252400 0.086316 -0.355085
v 0.248808 0.088018 -0.355699
v 0.251949 0.085490 -0.354992
v 0.247752 0.089675 -0.355854
v 0.248497 0.089897 -0.356106
v 0.247828 0.091507 -0.355773
v 0.248571 0.091607 -0.356027
v 0.253818 0.092460 -0.355217
v 0.246202 0.091030 -0.355922
v 0.250281 0.093666 -0.355202
v 0.250857 0.093595 -0.355513
v 0.255107 0.096022 -0.354217
v 0.255359 0.095792 -0.354595
v 0.257532 0.094476 -0.354452
v 0.259524 0.097316 -0.353350
v 0.259480 0.097000 -0.353786
v 0.263532 0.097548 -0.352598
v 0.263221 0.097218 -0.353085
v 0.261031 0.094930 -0.353786
v 0.265940 0.097289 -0.352162
v 0.265469 0.096973 -0.352676
v 0.265688 0.095559 -0.352689
v 0.266178 0.095770 -0.352174
v 0.262069 0.094298 -0.353617
v 0.248040 0.094888 -0.356013
v 0.249779 0.098952 -0.355509
v 0.250186 0.099092 -0.355014
v 0.248323 0.094744 -0.355547
v 0.250469 0.101378 -0.355292
v 0.250923 0.101693 -0.354780
v 0.245514 0.091465 -0.356258
v 0.241790 0.089273 -0.357089
v 0.228798 0.088469 -0.359812
v 0.229646 0.089016 -0.360046
v 0.225991 0.090365 -0.360428
v 0.226984 0.090784 -0.360626
v 0.235379 0.094459 -0.358980
v 0.224648 0.089072 -0.360499
v 0.228946 0.094030 -0.359795
v 0.229761 0.094200 -0.360021
v 0.237740 0.099302 -0.357760
v 0.238049 0.099123 -0.358103
v 0.240927 0.098359 -0.357671
v 0.243759 0.102345 -0.356299
v 0.243723 0.101970 -0.356726
v 0.249801 0.102509 -0.355371
v 0.250212 0.102904 -0.354864
v 0.246412 0.099763 -0.356392
v 0.247692 0.103028 -0.355768
v 0.247959 0.103467 -0.355283
v 0.244511 0.099919 -0.356816
v 0.266195 0.062666 -0.354048
v 0.254240 0.055618 -0.354479
v 0.253186 0.050417 -0.354529
v 0.250607 0.054696 -0.354891
v 0.251158 0.055527 -0.354791
v 0.252784 0.053330 -0.348046
v 0.254260 0.053227 -0.350949
v 0.242341 0.053239 -0.335567
v 0.242338 0.052369 -0.335400
v 0.241787 0.050895 -0.335712
v 0.247843 0.051363 -0.339894
v 0.247280 0.052734 -0.340053
v 0.222282 0.054119 -0.353943
v 0.224590 0.054057 -0.355724
v 0.230403 0.050708 -0.355123
v 0.228907 0.050667 -0.353872
v 0.226236 0.054312 -0.356831
v 0.231456 0.051076 -0.356025
v 0.236890 0.048616 -0.354251
v 0.235859 0.048364 -0.353014
v 0.228367 0.050143 -0.352483
v 0.221427 0.053660 -0.352255
v 0.218186 0.054261 -0.349933
v 0.222687 0.051172 -0.347500
v 0.228044 0.049104 -0.344136
v 0.225971 0.050456 -0.349974
v 0.250673 0.053324 -0.344575
v 0.251697 0.051134 -0.345633
v 0.250844 0.052428 -0.345464
v 0.247745 0.049653 -0.340352
v 0.251513 0.049432 -0.346038
v 0.253868 0.051037 -0.349589
v 0.252851 0.052278 -0.348980
v 0.249943 0.053345 -0.345579
v 0.243536 0.046713 -0.342688
v 0.246925 0.046396 -0.347465
v 0.249791 0.047568 -0.346611
v 0.246224 0.047823 -0.341314
v 0.238536 0.047021 -0.344886
v 0.241650 0.046747 -0.348926
v 0.248720 0.046654 -0.350827
v 0.251624 0.047676 -0.350295
v 0.240367 0.049013 -0.336775
v 0.237927 0.047732 -0.338232
v 0.233740 0.047779 -0.340699
v 0.254597 0.050926 -0.351665
v 0.253943 0.052090 -0.351397
v 0.252851 0.053040 -0.351353
v 0.251559 0.053231 -0.348749
v 0.253503 0.049415 -0.349954
v 0.253963 0.049449 -0.351887
v 0.254619 0.050909 -0.353075
v 0.254142 0.052024 -0.353059
v 0.249029 0.047186 -0.352576
v 0.251940 0.047952 -0.352171
v 0.243373 0.046875 -0.351726
v 0.243909 0.047372 -0.353247
v 0.249098 0.047981 -0.353788
v 0.251851 0.048552 -0.353456
v 0.234195 0.048302 -0.350902
v 0.231554 0.048584 -0.347794
v 0.237630 0.049204 -0.355197
v 0.244286 0.048180 -0.354350
v 0.251592 0.053430 -0.348551
v 0.252985 0.053283 -0.351238
v 0.253137 0.053749 -0.353102
v 0.254842 0.053719 -0.352851
v 0.224943 0.058695 -0.358494
v 0.253868 0.049711 -0.353184
v 0.252877 0.053340 -0.353162
v 0.162823 -0.105745 -0.011972
v 0.151059 -0.101416 -0.016100
v 0.178206 -0.112479 -0.007935
v 0.143303 -0.097431 -0.019174
v 0.152157 -0.099905 -0.032349
v 0.164377 -0.104500 -0.029165
v 0.153482 -0.097884 -0.046398
v 0.166329 -0.103227 -0.041641
v 0.182152 -0.109184 -0.039677
v 0.180026 -0.111303 -0.026289
v 0.144352 -0.095464 -0.034914
v 0.145861 -0.092725 -0.050156
v 0.156922 -0.095833 -0.062134
v 0.170643 -0.102261 -0.056392
v 0.268715 -0.075838 -0.087575
v 0.275044 -0.074858 -0.066519
v 0.271320 -0.084642 -0.068976
v 0.265886 -0.085948 -0.087555
v 0.268922 -0.066696 -0.088104
v 0.276665 -0.066431 -0.064598
v 0.263289 -0.095892 -0.069919
v 0.257888 -0.097137 -0.087117
v 0.261156 -0.086999 -0.108317
v 0.263017 -0.077001 -0.109909
v 0.266433 -0.057905 -0.089082
v 0.276138 -0.058738 -0.063187
v 0.262172 -0.067597 -0.111453
v 0.258541 -0.058063 -0.112994
v 0.264554 -0.051761 -0.089165
v 0.256651 -0.048324 -0.097285
v 0.242089 -0.043205 -0.101715
v 0.244816 -0.040407 -0.092533
v 0.260019 -0.044746 -0.084302
v 0.252096 -0.050774 -0.114539
v 0.238167 -0.045101 -0.117087
v 0.228400 -0.043619 -0.105157
v 0.231146 -0.040907 -0.095166
v 0.245298 -0.035257 -0.086546
v 0.259997 -0.038581 -0.076455
v 0.267910 -0.047651 -0.074547
v 0.268971 -0.042474 -0.066196
v 0.241070 -0.111335 0.006505
v 0.220281 -0.118031 0.003565
v 0.261486 -0.103175 0.007457
v 0.200677 -0.118590 -0.001898
v 0.222025 -0.117210 -0.020761
v 0.242302 -0.110887 -0.019880
v 0.220746 -0.113692 -0.044272
v 0.239786 -0.108743 -0.045215
v 0.256854 -0.103391 -0.046930
v 0.261261 -0.104026 -0.020695
v 0.202329 -0.117504 -0.023180
v 0.202270 -0.113883 -0.041975
v 0.218838 -0.111759 -0.058834
v 0.236089 -0.106975 -0.066844
v 0.176239 -0.098058 -0.091029
v 0.173793 -0.100290 -0.073129
v 0.162157 -0.093694 -0.078581
v 0.164810 -0.087786 -0.095495
v 0.193564 -0.105512 -0.087062
v 0.188101 -0.105958 -0.070357
v 0.160599 -0.094344 -0.073697
v 0.156653 -0.085508 -0.083843
v 0.169034 -0.086162 -0.114407
v 0.177669 -0.096152 -0.111380
v 0.217412 -0.110518 -0.067492
v 0.213166 -0.108131 -0.085877
v 0.231496 -0.105434 -0.084897
v 0.246584 -0.103724 -0.086137
v 0.252025 -0.103400 -0.068800
v 0.198188 -0.108812 -0.068745
v 0.210672 -0.106093 -0.106835
v 0.225616 -0.104376 -0.106066
v 0.159382 -0.076124 -0.088756
v 0.164901 -0.074878 -0.100542
v 0.152203 -0.085750 -0.076311
v 0.155254 -0.076176 -0.081952
v 0.171971 -0.063755 -0.091232
v 0.177184 -0.061850 -0.103979
v 0.169360 -0.073809 -0.117453
v 0.214414 -0.047002 -0.105934
v 0.195465 -0.052668 -0.105482
v 0.194365 -0.052399 -0.092557
v 0.216026 -0.045182 -0.094757
v 0.210323 -0.048700 -0.120923
v 0.197368 -0.052656 -0.121078
v 0.190817 -0.052001 -0.086230
v 0.213897 -0.043991 -0.089420
v 0.193270 -0.047234 -0.088547
v 0.175834 -0.055755 -0.083407
v 0.178166 -0.049748 -0.086188
v 0.196369 -0.040385 -0.091032
v 0.217040 -0.037597 -0.090693
v 0.172755 -0.060808 -0.082896
v 0.177975 -0.041654 -0.089789
v 0.148766 -0.089594 -0.066147
v 0.154981 -0.072295 -0.081977
v 0.160660 -0.068714 -0.083537
v 0.231662 -0.035629 -0.089758
v 0.224413 -0.045274 -0.119966
v 0.180197 -0.061478 -0.120098
v 0.240896 -0.103918 -0.105994
v 0.252785 -0.097981 -0.106793
v 0.268677 -0.094819 -0.048314
v 0.273715 -0.094410 -0.022454
v 0.200937 -0.110900 -0.055193
v 0.184604 -0.107499 -0.053981
v 0.192431 -0.103144 -0.108846
v 0.275599 -0.092960 0.006818
v 0.253791 -0.064065 -0.134836
v 0.245661 -0.052066 -0.135799
v 0.233176 -0.046303 -0.137884
v 0.220119 -0.046108 -0.139518
v 0.207128 -0.049713 -0.140069
v 0.197883 -0.053182 -0.140133
v 0.182417 -0.061330 -0.140122
v 0.172415 -0.071717 -0.139809
v 0.171567 -0.083205 -0.138237
v 0.233522 -0.103923 -0.127989
v 0.247001 -0.098469 -0.128709
v 0.256408 -0.087871 -0.131027
v 0.211973 -0.103602 -0.130145
v 0.191434 -0.100978 -0.132820
v 0.180330 -0.093834 -0.135194
v 0.257302 -0.078418 -0.133433
v 0.237415 -0.080792 -0.259493
v 0.235557 -0.069931 -0.258479
v 0.236866 -0.069212 -0.244516
v 0.239445 -0.080170 -0.246155
v 0.228686 -0.060449 -0.256765
v 0.228321 -0.059848 -0.242113
v 0.216562 -0.055512 -0.256723
v 0.215966 -0.055835 -0.241583
v 0.204316 -0.057943 -0.258798
v 0.194813 -0.063437 -0.261385
v 0.195329 -0.063783 -0.247380
v 0.203916 -0.058498 -0.244226
v 0.186745 -0.077702 -0.264944
v 0.188120 -0.078694 -0.251495
v 0.188613 -0.071281 -0.250576
v 0.187471 -0.070953 -0.264009
v 0.235364 -0.088109 -0.259197
v 0.236842 -0.087303 -0.246029
v 0.230971 -0.093092 -0.245692
v 0.230317 -0.094209 -0.259013
v 0.215399 -0.101607 -0.259388
v 0.222246 -0.099109 -0.258948
v 0.221660 -0.097546 -0.245395
v 0.214948 -0.099581 -0.245919
v 0.203254 -0.099376 -0.262004
v 0.203686 -0.097779 -0.247840
v 0.194441 -0.092355 -0.249978
v 0.192811 -0.092294 -0.264940
v 0.188478 -0.085562 -0.265929
v 0.190587 -0.085992 -0.251314
v 0.201736 -0.051911 -0.159723
v 0.222216 -0.050613 -0.195246
v 0.218448 -0.052874 -0.218121
v 0.204621 -0.055750 -0.222759
v 0.209746 -0.050965 -0.197570
v 0.234651 -0.055836 -0.194503
v 0.231062 -0.057251 -0.217958
v 0.201189 -0.053265 -0.198143
v 0.213304 -0.048508 -0.178675
v 0.225389 -0.049136 -0.177457
v 0.216412 -0.047170 -0.159094
v 0.228931 -0.047550 -0.157938
v 0.240851 -0.053259 -0.156125
v 0.237583 -0.054724 -0.176245
v 0.201451 -0.051996 -0.179758
v 0.248826 -0.065120 -0.155931
v 0.245827 -0.066188 -0.176127
v 0.242927 -0.066977 -0.194858
v 0.239076 -0.067783 -0.219437
v 0.189773 -0.059824 -0.200927
v 0.187399 -0.059630 -0.181096
v 0.193333 -0.062227 -0.226826
v 0.184854 -0.060907 -0.160662
v 0.205146 -0.099510 -0.197796
v 0.204129 -0.097952 -0.224511
v 0.215697 -0.100400 -0.223570
v 0.218867 -0.101899 -0.195649
v 0.193374 -0.095623 -0.199935
v 0.194528 -0.093591 -0.227034
v 0.223034 -0.098481 -0.223126
v 0.226908 -0.099887 -0.194946
v 0.222616 -0.102747 -0.173758
v 0.206447 -0.100777 -0.176622
v 0.251597 -0.087972 -0.152815
v 0.252442 -0.079081 -0.155201
v 0.247321 -0.087972 -0.173827
v 0.249102 -0.079579 -0.175551
v 0.246308 -0.095309 -0.151135
v 0.241332 -0.094990 -0.173033
v 0.243549 -0.087705 -0.194251
v 0.245889 -0.079839 -0.194969
v 0.239416 -0.087083 -0.221965
v 0.242120 -0.079931 -0.221257
v 0.237223 -0.094391 -0.194243
v 0.232883 -0.093244 -0.222480
v 0.174676 -0.081855 -0.160905
v 0.183081 -0.092502 -0.158264
v 0.178343 -0.080483 -0.182110
v 0.185349 -0.090821 -0.180017
v 0.192573 -0.097355 -0.178873
v 0.191777 -0.099278 -0.156357
v 0.175391 -0.070686 -0.161482
v 0.178644 -0.069206 -0.182095
v 0.182025 -0.079557 -0.202585
v 0.187355 -0.089221 -0.201186
v 0.186226 -0.078994 -0.229836
v 0.190264 -0.087328 -0.229033
v 0.182039 -0.069037 -0.202316
v 0.186123 -0.070590 -0.229538
v 0.236567 -0.101100 -0.150157
v 0.231129 -0.100623 -0.173170
v 0.227608 -0.103359 -0.150307
v 0.208303 -0.102085 -0.153496
v 0.192691 -0.091924 -0.313016
v 0.192383 -0.091815 -0.295162
v 0.189950 -0.083856 -0.305043
v 0.189007 -0.082367 -0.323828
v 0.197569 -0.097354 -0.306321
v 0.197833 -0.097996 -0.287632
v 0.190166 -0.089691 -0.287314
v 0.189320 -0.084488 -0.294616
v 0.189223 -0.076178 -0.309244
v 0.189384 -0.075015 -0.327417
v 0.193723 -0.084371 -0.340538
v 0.196015 -0.093538 -0.330942
v 0.229016 -0.094586 -0.283188
v 0.224316 -0.095380 -0.294398
v 0.227319 -0.092161 -0.293702
v 0.223345 -0.097893 -0.283781
v 0.219977 -0.097665 -0.295738
v 0.224147 -0.095481 -0.306084
v 0.226459 -0.092046 -0.304866
v 0.228637 -0.086747 -0.293986
v 0.231401 -0.088288 -0.283294
v 0.209000 -0.099028 -0.315807
v 0.211314 -0.100608 -0.331047
v 0.214781 -0.100605 -0.324501
v 0.200388 -0.097512 -0.322887
v 0.208277 -0.099621 -0.338135
v 0.217358 -0.099510 -0.320903
v 0.214838 -0.098812 -0.310538
v 0.203740 -0.088229 -0.351429
v 0.206430 -0.096470 -0.344041
v 0.194517 -0.076669 -0.342490
v 0.203708 -0.079304 -0.352590
v 0.234245 -0.080777 -0.274420
v 0.235832 -0.080926 -0.267292
v 0.234315 -0.088508 -0.267034
v 0.233336 -0.088739 -0.274242
v 0.232321 -0.069669 -0.274041
v 0.234129 -0.069971 -0.266677
v 0.228828 -0.095495 -0.266902
v 0.230381 -0.094881 -0.274972
v 0.231697 -0.080311 -0.283825
v 0.228311 -0.079146 -0.295246
v 0.227654 -0.071799 -0.295543
v 0.229766 -0.069119 -0.283653
v 0.228228 -0.085388 -0.305177
v 0.228199 -0.079141 -0.306892
v 0.185775 -0.083716 -0.281473
v 0.186819 -0.084743 -0.274305
v 0.185313 -0.076928 -0.272833
v 0.184098 -0.076614 -0.279903
v 0.190033 -0.090464 -0.280498
v 0.191192 -0.091625 -0.273335
v 0.186275 -0.070603 -0.271985
v 0.185413 -0.070683 -0.279078
v 0.184948 -0.076565 -0.287953
v 0.186403 -0.083038 -0.288588
v 0.212277 -0.101982 -0.274477
v 0.214070 -0.102247 -0.267679
v 0.201445 -0.099608 -0.269859
v 0.199538 -0.098989 -0.277019
v 0.219264 -0.100333 -0.274136
v 0.221195 -0.099949 -0.267107
v 0.210078 -0.100894 -0.285756
v 0.221386 -0.097791 -0.317693
v 0.220151 -0.097720 -0.307887
v 0.224406 -0.095677 -0.315498
v 0.214095 -0.098923 -0.297808
v 0.226413 -0.093180 -0.314310
v 0.228323 -0.091174 -0.314727
v 0.227880 -0.089535 -0.305962
v 0.213397 -0.054964 -0.288044
v 0.211227 -0.054229 -0.306765
v 0.205171 -0.058041 -0.312977
v 0.205756 -0.058273 -0.298637
v 0.216711 -0.053717 -0.299773
v 0.211075 -0.053156 -0.320185
v 0.205376 -0.057141 -0.327561
v 0.198308 -0.063121 -0.319655
v 0.198323 -0.063231 -0.305146
v 0.204713 -0.058499 -0.289579
v 0.214152 -0.055042 -0.280138
v 0.226494 -0.064653 -0.294932
v 0.227910 -0.069479 -0.308788
v 0.227000 -0.063379 -0.308607
v 0.224882 -0.059963 -0.294911
v 0.226317 -0.060730 -0.283114
v 0.229041 -0.065566 -0.319457
v 0.228515 -0.061766 -0.320581
v 0.228404 -0.073244 -0.308283
v 0.230320 -0.069157 -0.319546
v 0.228972 -0.059403 -0.323027
v 0.225759 -0.058998 -0.311657
v 0.216751 -0.099942 -0.284347
v 0.226548 -0.097191 -0.274006
v 0.207426 -0.099050 -0.301395
v 0.229700 -0.084562 -0.314278
v 0.229945 -0.080350 -0.315378
v 0.230933 -0.077538 -0.317042
v 0.229548 -0.088246 -0.314702
v 0.203436 -0.058280 -0.281655
v 0.197067 -0.063320 -0.293827
v 0.194984 -0.063300 -0.284822
v 0.204320 -0.057725 -0.274364
v 0.215291 -0.054780 -0.273191
v 0.187760 -0.076857 -0.297144
v 0.186510 -0.070657 -0.287301
v 0.189472 -0.070608 -0.296807
v 0.214323 -0.052594 -0.336481
v 0.210802 -0.055786 -0.339910
v 0.209847 -0.059229 -0.343663
v 0.204230 -0.059349 -0.332314
v 0.217088 -0.051012 -0.333587
v 0.222302 -0.055189 -0.311741
v 0.224480 -0.052766 -0.326468
v 0.221709 -0.050826 -0.329053
v 0.217713 -0.052523 -0.313595
v 0.227240 -0.055032 -0.327669
v 0.221594 -0.056717 -0.295974
v 0.222336 -0.057352 -0.283056
v 0.228105 -0.057655 -0.325658
v 0.222123 -0.057107 -0.273404
v 0.227735 -0.061032 -0.273423
v 0.220822 -0.057153 -0.265762
v 0.228443 -0.060677 -0.265751
v 0.200727 -0.063954 -0.334475
v 0.196642 -0.071107 -0.340493
v 0.191831 -0.069687 -0.325902
v 0.191317 -0.070162 -0.308766
v 0.207240 -0.065334 -0.345303
v 0.205214 -0.072844 -0.350126
v 0.194026 -0.063239 -0.276765
v 0.194188 -0.063109 -0.269584
v 0.204200 -0.057568 -0.267127
v 0.230697 -0.073962 -0.318102
v 0.216515 -0.055056 -0.265346
v 0.217327 -0.102705 -0.335856
v 0.222774 -0.102886 -0.327644
v 0.211706 -0.091343 -0.356245
v 0.215650 -0.099099 -0.350016
v 0.224685 -0.101314 -0.324159
v 0.227175 -0.099385 -0.321512
v 0.229952 -0.096950 -0.318822
v 0.231822 -0.095079 -0.317406
v 0.239571 -0.063891 -0.323441
v 0.238377 -0.061124 -0.325640
v 0.237185 -0.084635 -0.316890
v 0.238091 -0.081696 -0.317289
v 0.220590 -0.052649 -0.344469
v 0.216369 -0.055478 -0.347120
v 0.233786 -0.052440 -0.333997
v 0.230285 -0.050596 -0.336370
v 0.237403 -0.059185 -0.328284
v 0.236026 -0.057621 -0.331064
v 0.225019 -0.051142 -0.340881
v 0.239009 -0.078640 -0.318129
v 0.239573 -0.066931 -0.322559
v 0.236547 -0.056115 -0.333141
v 0.235225 -0.054625 -0.333277
v 0.213679 -0.059392 -0.348779
v 0.211206 -0.073415 -0.354815
v 0.210454 -0.081649 -0.357436
v 0.212606 -0.066244 -0.351528
v 0.233781 -0.092788 -0.316540
v 0.230538 -0.098503 -0.321290
v 0.236003 -0.088082 -0.316616
v 0.238955 -0.086561 -0.317787
v 0.235080 -0.090147 -0.316346
v 0.239242 -0.075566 -0.319452
v 0.239538 -0.073209 -0.321060
v 0.242338 -0.071276 -0.323043
v 0.216205 -0.101833 -0.342792
v 0.262839 -0.058653 -0.345834
v 0.264230 -0.059321 -0.349734
v 0.259166 -0.058254 -0.351172
v 0.257615 -0.057916 -0.347895
v 0.267841 -0.059875 -0.343744
v 0.268745 -0.060630 -0.348387
v 0.264776 -0.060186 -0.352116
v 0.259891 -0.058945 -0.353171
v 0.255903 -0.057737 -0.352029
v 0.254419 -0.057585 -0.349146
v 0.254876 -0.057492 -0.343632
v 0.259639 -0.058151 -0.341045
v 0.246918 -0.058327 -0.331326
v 0.244255 -0.057090 -0.334462
v 0.244000 -0.056056 -0.336780
v 0.249129 -0.059797 -0.328372
v 0.254485 -0.057942 -0.335518
v 0.250590 -0.057046 -0.338624
v 0.244041 -0.055149 -0.336652
v 0.248975 -0.056169 -0.341246
v 0.249641 -0.054838 -0.341155
v 0.243558 -0.053608 -0.337032
v 0.230568 -0.053347 -0.355175
v 0.232106 -0.053596 -0.356429
v 0.226035 -0.056568 -0.356871
v 0.223654 -0.056328 -0.355074
v 0.237763 -0.051556 -0.354431
v 0.238808 -0.051984 -0.355658
v 0.233171 -0.054123 -0.357316
v 0.227711 -0.057034 -0.357970
v 0.221856 -0.060176 -0.357177
v 0.219065 -0.060108 -0.355090
v 0.222784 -0.055691 -0.353397
v 0.230026 -0.052680 -0.353803
v 0.224114 -0.052972 -0.348734
v 0.219411 -0.055907 -0.351006
v 0.216336 -0.059844 -0.352307
v 0.229646 -0.051086 -0.345482
v 0.227534 -0.052646 -0.351263
v 0.252319 -0.057244 -0.345697
v 0.257804 -0.059111 -0.332546
v 0.264206 -0.059272 -0.338455
v 0.252552 -0.056411 -0.346630
v 0.253502 -0.055194 -0.346860
v 0.254565 -0.056590 -0.350128
v 0.255678 -0.055460 -0.350787
v 0.253444 -0.053506 -0.347351
v 0.249668 -0.053153 -0.341702
v 0.251584 -0.057264 -0.346704
v 0.248260 -0.051244 -0.342769
v 0.251859 -0.051553 -0.348034
v 0.249091 -0.050240 -0.348977
v 0.245592 -0.049932 -0.344188
v 0.253681 -0.051982 -0.351684
v 0.250851 -0.050782 -0.352294
v 0.243711 -0.050182 -0.350427
v 0.240492 -0.049917 -0.346366
v 0.239776 -0.050166 -0.339673
v 0.242204 -0.051609 -0.338171
v 0.235509 -0.050002 -0.342125
v 0.255670 -0.056603 -0.352536
v 0.256410 -0.055507 -0.352862
v 0.255886 -0.054001 -0.353164
v 0.255431 -0.053836 -0.351239
v 0.253203 -0.057431 -0.349859
v 0.254509 -0.057467 -0.352449
v 0.255871 -0.056637 -0.354198
v 0.256432 -0.055561 -0.354264
v 0.253975 -0.052376 -0.353538
v 0.251119 -0.051423 -0.354001
v 0.245982 -0.051274 -0.354702
v 0.245477 -0.050659 -0.353222
v 0.253841 -0.053030 -0.354786
v 0.251129 -0.052279 -0.355166
v 0.233307 -0.051073 -0.349188
v 0.236055 -0.051215 -0.352321
v 0.246298 -0.052163 -0.355756
v 0.239538 -0.052720 -0.356581
v 0.254622 -0.057714 -0.352328
v 0.253223 -0.057621 -0.349648
v 0.256433 -0.058342 -0.353899
v 0.254737 -0.058283 -0.354159
v 0.223835 -0.060470 -0.358421
v 0.229333 -0.058381 -0.359080
v 0.226180 -0.061505 -0.359426
v 0.221875 -0.065277 -0.358502
v 0.220783 -0.064197 -0.357591
v 0.240284 -0.054221 -0.357774
v 0.234436 -0.055755 -0.358478
v 0.251271 -0.053856 -0.356441
v 0.246947 -0.053822 -0.356968
v 0.255771 -0.054319 -0.354442
v 0.255031 -0.055042 -0.355754
v 0.253255 -0.054398 -0.356162
v 0.255408 -0.055760 -0.355810
v 0.254509 -0.057861 -0.354242
v 0.252138 -0.059130 -0.355907
v 0.254742 -0.056815 -0.355792
v 0.252625 -0.059993 -0.355763
v 0.259869 -0.060595 -0.354524
v 0.255690 -0.060272 -0.355430
v 0.217804 -0.064268 -0.355628
v 0.268877 -0.061505 -0.351199
v 0.264624 -0.061794 -0.353538
v 0.221020 -0.095662 -0.356895
v 0.231978 -0.105361 -0.353284
v 0.226415 -0.103491 -0.352745
v 0.223853 -0.098237 -0.356603
v 0.232730 -0.104645 -0.354139
v 0.236249 -0.108575 -0.350359
v 0.228809 -0.105976 -0.350520
v 0.221410 -0.101125 -0.352030
v 0.216704 -0.093743 -0.356849
v 0.243551 -0.110610 -0.347345
v 0.241104 -0.111139 -0.341998
v 0.234360 -0.109560 -0.345994
v 0.239392 -0.108562 -0.352262
v 0.245097 -0.109925 -0.350567
v 0.248356 -0.109506 -0.345929
v 0.245764 -0.109824 -0.339950
v 0.238159 -0.110064 -0.336981
v 0.231327 -0.108597 -0.342552
v 0.250720 -0.106830 -0.345782
v 0.248532 -0.106811 -0.339700
v 0.245364 -0.105699 -0.333936
v 0.242608 -0.108658 -0.334374
v 0.249418 -0.108933 -0.349732
v 0.251344 -0.106642 -0.349627
v 0.251357 -0.105143 -0.345918
v 0.249418 -0.104985 -0.339872
v 0.259923 -0.104799 -0.336733
v 0.254328 -0.104647 -0.338235
v 0.256060 -0.104990 -0.344834
v 0.261256 -0.105277 -0.343696
v 0.255987 -0.102964 -0.330033
v 0.250795 -0.103296 -0.332074
v 0.250813 -0.104270 -0.339367
v 0.252763 -0.104481 -0.345621
v 0.256989 -0.104648 -0.348789
v 0.261776 -0.105012 -0.347867
v 0.265516 -0.104108 -0.342840
v 0.264516 -0.103459 -0.335484
v 0.267322 -0.096608 -0.335624
v 0.266682 -0.100257 -0.335182
v 0.267368 -0.101051 -0.342725
v 0.267647 -0.097485 -0.343100
v 0.263206 -0.094550 -0.328840
v 0.262363 -0.097959 -0.328162
v 0.267060 -0.101308 -0.347262
v 0.267101 -0.097989 -0.347605
v 0.267348 -0.095225 -0.343467
v 0.267268 -0.094315 -0.336091
v 0.272664 -0.088001 -0.335224
v 0.269990 -0.091066 -0.335662
v 0.270262 -0.091955 -0.343174
v 0.273280 -0.088788 -0.342858
v 0.268093 -0.086325 -0.328203
v 0.265790 -0.089265 -0.328884
v 0.268018 -0.092712 -0.336106
v 0.268061 -0.093645 -0.343494
v 0.269877 -0.092016 -0.347711
v 0.272988 -0.088920 -0.347456
v 0.275117 -0.084947 -0.342914
v 0.274352 -0.084162 -0.335295
v 0.272413 -0.076348 -0.337465
v 0.273977 -0.080023 -0.336194
v 0.274620 -0.080975 -0.343556
v 0.272839 -0.077526 -0.344452
v 0.268368 -0.075071 -0.331312
v 0.269456 -0.078525 -0.329531
v 0.274281 -0.081642 -0.347982
v 0.272454 -0.078484 -0.348659
v 0.271324 -0.075539 -0.345096
v 0.271063 -0.074243 -0.338391
v 0.274271 -0.066118 -0.339744
v 0.272535 -0.070480 -0.338891
v 0.272708 -0.071624 -0.345406
v 0.274325 -0.066904 -0.345903
v 0.270055 -0.065367 -0.333560
v 0.268637 -0.069500 -0.332948
v 0.271062 -0.072590 -0.338747
v 0.271259 -0.073891 -0.345351
v 0.272143 -0.072048 -0.349411
v 0.273639 -0.067367 -0.349653
v 0.272853 -0.062872 -0.346976
v 0.272696 -0.062247 -0.341439
v 0.214423 -0.083731 -0.358225
v 0.224997 -0.104897 -0.348228
v 0.219789 -0.103004 -0.345178
v 0.234646 -0.107528 -0.332598
v 0.227464 -0.106348 -0.338683
v 0.238613 -0.106169 -0.329842
v 0.229664 -0.105204 -0.329739
v 0.223446 -0.104647 -0.336187
v 0.241156 -0.103553 -0.328877
v 0.235259 -0.101445 -0.324927
v 0.233090 -0.103802 -0.326665
v 0.246273 -0.103940 -0.334105
v 0.242052 -0.102093 -0.328953
v 0.249225 -0.100148 -0.324389
v 0.245443 -0.101034 -0.326670
v 0.240999 -0.097499 -0.320229
v 0.238534 -0.098903 -0.322412
v 0.243196 -0.101270 -0.328299
v 0.247591 -0.103153 -0.333492
v 0.260235 -0.101210 -0.328458
v 0.252430 -0.097904 -0.322617
v 0.255139 -0.091747 -0.323392
v 0.254227 -0.094675 -0.322419
v 0.245905 -0.089601 -0.319413
v 0.244805 -0.092100 -0.318453
v 0.263331 -0.092428 -0.329523
v 0.255556 -0.089991 -0.324366
v 0.259448 -0.084157 -0.322441
v 0.257510 -0.087007 -0.323419
v 0.249239 -0.082785 -0.318967
v 0.247873 -0.085552 -0.319611
v 0.256256 -0.088575 -0.324379
v 0.264085 -0.090860 -0.329545
v 0.269598 -0.082551 -0.328272
v 0.260766 -0.080480 -0.322485
v 0.260565 -0.073956 -0.326429
v 0.260947 -0.076808 -0.324122
v 0.250830 -0.073450 -0.323107
v 0.250627 -0.076036 -0.320815
v 0.267363 -0.073112 -0.332607
v 0.260252 -0.072382 -0.328117
v 0.261655 -0.064947 -0.327755
v 0.260876 -0.068996 -0.327939
v 0.251787 -0.065456 -0.324117
v 0.251173 -0.069138 -0.324470
v 0.260328 -0.070951 -0.328531
v 0.267410 -0.071510 -0.333027
v 0.268613 -0.061597 -0.335503
v 0.260621 -0.061232 -0.329440
v 0.236991 -0.100375 -0.324869
v 0.237848 -0.099677 -0.324290
v 0.243306 -0.095081 -0.318604
v 0.247503 -0.088239 -0.320609
v 0.248042 -0.087163 -0.320630
v 0.250305 -0.079373 -0.319197
v 0.252067 -0.072026 -0.324955
v 0.217699 -0.069574 -0.357809
v 0.218811 -0.070671 -0.358740
v 0.214673 -0.075267 -0.357961
v 0.215448 -0.064910 -0.353756
v 0.272343 -0.063540 -0.350322
v 0.251207 -0.062007 -0.325501
v 0.239615 -0.069503 -0.322409
v 0.252147 -0.070926 -0.325281
v 0.270175 -0.073232 -0.338965
v 0.270313 -0.074527 -0.345501
v 0.269166 -0.075196 -0.349643
v 0.270528 -0.074395 -0.349462
v 0.266638 -0.072164 -0.333387
v 0.270180 -0.073663 -0.338877
v 0.270333 -0.074954 -0.345439
v 0.270660 -0.076556 -0.349208
v 0.269205 -0.075808 -0.349570
v 0.266629 -0.072583 -0.333286
v 0.259810 -0.071609 -0.329092
v 0.252681 -0.071583 -0.326054
v 0.259793 -0.071955 -0.328997
v 0.266967 -0.093050 -0.336452
v 0.266925 -0.093959 -0.343742
v 0.265771 -0.094013 -0.348286
v 0.267373 -0.093685 -0.348009
v 0.263143 -0.091225 -0.330038
v 0.266773 -0.093471 -0.336449
v 0.266743 -0.094370 -0.343734
v 0.266494 -0.095709 -0.347963
v 0.265529 -0.094586 -0.348272
v 0.262946 -0.091641 -0.330031
v 0.255518 -0.088971 -0.325050
v 0.248289 -0.087737 -0.321556
v 0.255347 -0.089322 -0.325048
v 0.249669 -0.103873 -0.339921
v 0.251570 -0.104011 -0.345989
v 0.251925 -0.103171 -0.349906
v 0.253632 -0.103945 -0.349492
v 0.246550 -0.102835 -0.334168
v 0.249342 -0.104075 -0.340062
v 0.251216 -0.104206 -0.346072
v 0.251695 -0.104876 -0.349764
v 0.251373 -0.103465 -0.349984
v 0.246239 -0.103057 -0.334340
v 0.242358 -0.101068 -0.329080
v 0.237721 -0.099799 -0.325390
v 0.242091 -0.101281 -0.329242
v 0.216674 -0.084457 -0.358654
v 0.217001 -0.076164 -0.358821
v 0.220903 -0.084876 -0.360009
v 0.223340 -0.094723 -0.358313
v 0.221302 -0.071492 -0.359805
v 0.219522 -0.076857 -0.359878
v 0.224333 -0.066108 -0.359540
v 0.268383 -0.062991 -0.352737
v 0.272277 -0.067551 -0.351566
v 0.271315 -0.064628 -0.352037
v 0.270859 -0.071517 -0.351415
v 0.268649 -0.073847 -0.351591
v 0.266168 -0.076379 -0.351800
v 0.266094 -0.075149 -0.351939
v 0.271295 -0.079596 -0.350508
v 0.268875 -0.077626 -0.351162
v 0.274821 -0.085290 -0.347495
v 0.273490 -0.085275 -0.349528
v 0.272986 -0.082316 -0.349921
v 0.271886 -0.088256 -0.349511
v 0.265921 -0.092631 -0.350148
v 0.269026 -0.090975 -0.349752
v 0.262263 -0.093913 -0.350707
v 0.262719 -0.092820 -0.350736
v 0.265749 -0.098351 -0.349580
v 0.264553 -0.095911 -0.350060
v 0.265567 -0.104053 -0.347258
v 0.265051 -0.103366 -0.349191
v 0.265850 -0.101232 -0.349266
v 0.261929 -0.103819 -0.349709
v 0.253438 -0.102139 -0.351435
v 0.257385 -0.103339 -0.350580
v 0.248963 -0.100848 -0.352416
v 0.250088 -0.100221 -0.352277
v 0.250262 -0.106270 -0.351567
v 0.250065 -0.104016 -0.351855
v 0.249010 -0.108068 -0.351610
v 0.245682 -0.108832 -0.352179
v 0.234391 -0.103575 -0.355236
v 0.240638 -0.107249 -0.353487
v 0.258934 -0.082088 -0.354670
v 0.260923 -0.087484 -0.353757
v 0.258101 -0.085405 -0.354480
v 0.264771 -0.087614 -0.353049
v 0.257015 -0.090262 -0.353970
v 0.253563 -0.088175 -0.354807
v 0.252439 -0.085010 -0.355334
v 0.253644 -0.080770 -0.355550
v 0.258086 -0.067426 -0.356324
v 0.261749 -0.071267 -0.355268
v 0.258350 -0.070051 -0.356006
v 0.265436 -0.070282 -0.354703
v 0.259041 -0.074571 -0.355209
v 0.254992 -0.073209 -0.356081
v 0.252937 -0.070885 -0.356691
v 0.252877 -0.067607 -0.357035
v 0.254048 -0.094089 -0.354323
v 0.252518 -0.096970 -0.354305
v 0.252131 -0.095123 -0.354563
v 0.256074 -0.099216 -0.353433
v 0.247341 -0.095791 -0.355161
v 0.247395 -0.094086 -0.355327
v 0.248493 -0.092609 -0.355266
v 0.251961 -0.091206 -0.354786
v 0.238985 -0.096321 -0.357029
v 0.233970 -0.097835 -0.357960
v 0.235377 -0.095954 -0.357813
v 0.239213 -0.102048 -0.356454
v 0.225866 -0.093683 -0.359788
v 0.228652 -0.092080 -0.359305
v 0.232270 -0.091565 -0.358595
v 0.236726 -0.092119 -0.357645
v 0.236123 -0.071614 -0.359501
v 0.231854 -0.076639 -0.359903
v 0.233664 -0.072661 -0.359842
v 0.231851 -0.080637 -0.359648
v 0.224991 -0.072776 -0.361130
v 0.227456 -0.067869 -0.360930
v 0.229620 -0.065385 -0.360704
v 0.231674 -0.065336 -0.360384
v 0.238544 -0.061260 -0.359808
v 0.245930 -0.060201 -0.358860
v 0.242331 -0.061287 -0.359274
v 0.248309 -0.058640 -0.358669
v 0.246895 -0.061505 -0.358411
v 0.243814 -0.062725 -0.358747
v 0.240019 -0.063400 -0.359244
v 0.235509 -0.063508 -0.359901
v 0.231055 -0.059446 -0.360352
v 0.235896 -0.057144 -0.359788
v 0.236505 -0.057345 -0.360121
v 0.231868 -0.059469 -0.360660
v 0.241302 -0.055814 -0.359148
v 0.241604 -0.056113 -0.359518
v 0.241145 -0.058119 -0.359658
v 0.237486 -0.059932 -0.360041
v 0.230467 -0.061277 -0.360778
v 0.229593 -0.061387 -0.360479
v 0.232327 -0.062790 -0.360420
v 0.231526 -0.063001 -0.360107
v 0.230702 -0.063400 -0.359999
v 0.228581 -0.062595 -0.360366
v 0.234881 -0.063760 -0.359556
v 0.239644 -0.063636 -0.358857
v 0.239362 -0.064202 -0.358860
v 0.234661 -0.064343 -0.359558
v 0.243684 -0.062906 -0.358326
v 0.246988 -0.061598 -0.357966
v 0.249245 -0.061860 -0.357426
v 0.245989 -0.063408 -0.357747
v 0.249458 -0.060095 -0.358188
v 0.249735 -0.060081 -0.357723
v 0.253029 -0.056151 -0.357644
v 0.252481 -0.057705 -0.357574
v 0.252018 -0.057883 -0.358047
v 0.252528 -0.056431 -0.358112
v 0.248160 -0.057631 -0.358772
v 0.251891 -0.055894 -0.358232
v 0.252343 -0.055576 -0.357777
v 0.250607 -0.055659 -0.358411
v 0.250969 -0.055324 -0.357965
v 0.245943 -0.057447 -0.359073
v 0.247180 -0.055747 -0.358828
v 0.247290 -0.055426 -0.358411
v 0.227447 -0.088675 -0.359362
v 0.222738 -0.084371 -0.360562
v 0.224005 -0.083991 -0.360739
v 0.228248 -0.087987 -0.359660
v 0.226677 -0.090032 -0.359229
v 0.222111 -0.077448 -0.361008
v 0.223416 -0.077541 -0.361190
v 0.234663 -0.083144 -0.358952
v 0.232295 -0.089417 -0.358749
v 0.231738 -0.090204 -0.358387
v 0.236885 -0.090003 -0.357789
v 0.236618 -0.090824 -0.357360
v 0.236565 -0.091531 -0.357314
v 0.231729 -0.090922 -0.358340
v 0.238581 -0.084146 -0.358142
v 0.240854 -0.090557 -0.356958
v 0.240837 -0.091409 -0.356471
v 0.244200 -0.091105 -0.356253
v 0.244399 -0.091987 -0.355712
v 0.245090 -0.093151 -0.355256
v 0.241417 -0.092568 -0.356043
v 0.242028 -0.084238 -0.357498
v 0.246817 -0.090169 -0.355839
v 0.247192 -0.090976 -0.355270
v 0.248696 -0.087771 -0.355726
v 0.249210 -0.088406 -0.355148
v 0.250889 -0.088616 -0.354619
v 0.247826 -0.091362 -0.354901
v 0.244401 -0.082053 -0.357265
v 0.250230 -0.084442 -0.355790
v 0.250859 -0.084822 -0.355222
v 0.251437 -0.080203 -0.356006
v 0.252150 -0.080277 -0.355454
v 0.252885 -0.080468 -0.355302
v 0.251594 -0.085012 -0.355070
v 0.245690 -0.078413 -0.357368
v 0.251729 -0.076945 -0.356288
v 0.252464 -0.076788 -0.355753
v 0.251128 -0.074664 -0.356613
v 0.251812 -0.074358 -0.356113
v 0.253532 -0.074272 -0.355609
v 0.254211 -0.076791 -0.355227
v 0.245165 -0.075557 -0.357708
v 0.250807 -0.071860 -0.356936
v 0.251466 -0.071353 -0.356457
v 0.250764 -0.068558 -0.357253
v 0.251420 -0.067817 -0.356799
v 0.252125 -0.067502 -0.356726
v 0.252175 -0.071037 -0.356380
v 0.244032 -0.072556 -0.358149
v 0.248385 -0.066458 -0.357789
v 0.248973 -0.065586 -0.357355
v 0.243671 -0.065510 -0.358554
v 0.244129 -0.064621 -0.358132
v 0.250737 -0.064192 -0.357017
v 0.240004 -0.071363 -0.358887
v 0.239161 -0.065106 -0.359251
v 0.234854 -0.065250 -0.359896
v 0.231212 -0.064419 -0.360082
v 0.229019 -0.064471 -0.360420
v 0.226695 -0.067132 -0.360667
v 0.223809 -0.072349 -0.360942
v 0.263067 -0.077043 -0.353813
v 0.267429 -0.078643 -0.352860
v 0.267214 -0.079069 -0.353274
v 0.263147 -0.077575 -0.354161
v 0.270338 -0.080613 -0.352135
v 0.269930 -0.080906 -0.352595
v 0.265950 -0.081884 -0.353423
v 0.262099 -0.080921 -0.354215
v 0.259394 -0.077284 -0.354867
v 0.259048 -0.076730 -0.354568
v 0.255962 -0.078193 -0.355395
v 0.255369 -0.077707 -0.355134
v 0.258015 -0.075782 -0.354644
v 0.252799 -0.088401 -0.354506
v 0.256496 -0.090637 -0.353609
v 0.255695 -0.090862 -0.353521
v 0.260773 -0.091188 -0.353198
v 0.260521 -0.091630 -0.352781
v 0.264832 -0.090953 -0.352488
v 0.264875 -0.091380 -0.352018
v 0.268066 -0.089696 -0.352032
v 0.268341 -0.090032 -0.351530
v 0.270474 -0.087414 -0.351831
v 0.270920 -0.087587 -0.351314
v 0.267441 -0.085787 -0.352753
v 0.271822 -0.085225 -0.351811
v 0.272368 -0.085241 -0.351294
v 0.271797 -0.082948 -0.351630
v 0.271291 -0.083085 -0.352127
v 0.267763 -0.084008 -0.352879
v 0.259904 -0.062129 -0.355912
v 0.264603 -0.063357 -0.354935
v 0.264546 -0.063719 -0.355327
v 0.260163 -0.062573 -0.356234
v 0.267951 -0.064376 -0.354227
v 0.267670 -0.064669 -0.354665
v 0.264365 -0.065863 -0.355349
v 0.260440 -0.065559 -0.356089
v 0.256690 -0.062992 -0.356821
v 0.256182 -0.062577 -0.356537
v 0.254127 -0.064975 -0.357081
v 0.253448 -0.064709 -0.356806
v 0.253674 -0.062254 -0.356792
v 0.254364 -0.073526 -0.355743
v 0.258703 -0.074986 -0.354812
v 0.263008 -0.074488 -0.354501
v 0.262954 -0.074898 -0.354051
v 0.266893 -0.072960 -0.353957
v 0.267118 -0.073259 -0.353468
v 0.269389 -0.070943 -0.353713
v 0.269791 -0.071098 -0.353205
v 0.270524 -0.065571 -0.353639
v 0.270073 -0.065786 -0.354119
v 0.271195 -0.067556 -0.353316
v 0.270698 -0.067639 -0.353816
v 0.266711 -0.066788 -0.354830
v 0.259685 -0.093526 -0.352737
v 0.262802 -0.096242 -0.351895
v 0.262447 -0.096341 -0.352367
v 0.259538 -0.093805 -0.353151
v 0.264443 -0.098746 -0.351341
v 0.263978 -0.098677 -0.351851
v 0.260126 -0.097276 -0.352899
v 0.257253 -0.095003 -0.353651
v 0.256486 -0.092065 -0.353881
v 0.256413 -0.091659 -0.353519
v 0.247848 -0.092217 -0.355016
v 0.251564 -0.090740 -0.354487
v 0.251175 -0.089878 -0.354436
v 0.246670 -0.093798 -0.355087
v 0.246608 -0.095623 -0.354913
v 0.245023 -0.095040 -0.355085
v 0.249480 -0.097894 -0.354550
v 0.248902 -0.097906 -0.354235
v 0.253808 -0.100373 -0.353514
v 0.253541 -0.100562 -0.353124
v 0.257829 -0.101842 -0.352639
v 0.257851 -0.102137 -0.352186
v 0.261545 -0.102301 -0.351920
v 0.261832 -0.102629 -0.351417
v 0.259531 -0.099895 -0.352738
v 0.263804 -0.102207 -0.351520
v 0.264254 -0.102529 -0.350989
v 0.264605 -0.101036 -0.351077
v 0.264130 -0.100814 -0.351604
v 0.260612 -0.099336 -0.352600
v 0.246859 -0.098871 -0.354523
v 0.248404 -0.103295 -0.353774
v 0.248007 -0.103149 -0.354278
v 0.246565 -0.099016 -0.354982
v 0.248946 -0.105927 -0.353407
v 0.248514 -0.105606 -0.353935
v 0.244821 -0.102306 -0.355214
v 0.242714 -0.098661 -0.356028
v 0.244117 -0.095802 -0.355814
v 0.244304 -0.095442 -0.355398
v 0.240673 -0.093531 -0.356726
v 0.240753 -0.093031 -0.356343
v 0.227846 -0.091463 -0.359100
v 0.224906 -0.093192 -0.359611
v 0.223661 -0.091813 -0.359751
v 0.228385 -0.097244 -0.359004
v 0.227586 -0.097006 -0.358784
v 0.236288 -0.102624 -0.356839
v 0.235967 -0.102763 -0.356490
v 0.241731 -0.105794 -0.355329
v 0.241739 -0.106147 -0.354883
v 0.248145 -0.107085 -0.353433
v 0.247763 -0.106686 -0.353960
v 0.245844 -0.107517 -0.353818
v 0.245609 -0.107083 -0.354328
v 0.244576 -0.103771 -0.355112
v 0.242670 -0.103812 -0.355525
v 0.267086 -0.068161 -0.354622
v 0.331028 0.006685 0.021786
v 0.329588 0.012578 0.024719
v 0.338081 0.012173 0.032418
v 0.340068 0.006560 0.029427
v 0.328699 0.022901 0.029216
v 0.336305 0.022707 0.036154
v 0.346572 0.013569 0.038239
v 0.348507 0.007033 0.034974
v 0.340076 0.000101 0.029430
v 0.331034 0.000086 0.021791
v 0.327317 0.035231 0.034253
v 0.334757 0.035723 0.040637
v 0.332261 0.046232 0.046334
v 0.343207 0.038658 0.047455
v 0.344786 0.024924 0.042409
v 0.363665 0.082896 0.133724
v 0.354855 0.080219 0.130136
v 0.354985 0.077455 0.142098
v 0.364438 0.081336 0.144486
v 0.344901 0.077463 0.126741
v 0.344368 0.074723 0.137024
v 0.356124 0.073585 0.153756
v 0.364992 0.078655 0.153980
v 0.365554 0.081934 0.119832
v 0.357263 0.079380 0.115337
v 0.353150 0.072298 0.092360
v 0.342924 0.070532 0.086818
v 0.337532 0.074761 0.105334
v 0.347915 0.076990 0.110520
v 0.357047 0.065638 0.077977
v 0.347266 0.063773 0.072358
v 0.333736 0.069165 0.081512
v 0.328853 0.073357 0.101568
v 0.333652 0.074804 0.122752
v 0.362207 0.074942 0.097698
v 0.370108 0.078459 0.102811
v 0.375865 0.072869 0.088830
v 0.366066 0.068704 0.083570
v 0.331511 0.068021 0.143696
v 0.332031 0.062474 0.155292
v 0.346256 0.064560 0.162367
v 0.344688 0.070133 0.149852
v 0.321084 0.067357 0.138288
v 0.319338 0.062744 0.148637
v 0.333792 0.055056 0.166153
v 0.348740 0.058582 0.172279
v 0.357802 0.069087 0.164918
v 0.332527 0.072972 0.130187
v 0.324434 0.073315 0.120807
v 0.359620 0.057012 0.067347
v 0.350570 0.054486 0.061975
v 0.339787 0.050775 0.054641
v 0.335857 0.061564 0.064716
v 0.370436 0.060569 0.072593
v 0.362608 0.045265 0.058646
v 0.351876 0.042693 0.053227
v 0.321643 0.068403 0.075520
v 0.318088 0.072788 0.098207
v 0.306100 0.073562 0.095723
v 0.314125 0.072913 0.118355
v 0.307616 0.068567 0.132657
v 0.306078 0.072830 0.116818
v 0.303366 0.042582 0.169881
v 0.304542 0.056071 0.157083
v 0.377849 0.012315 0.212400
v 0.365110 0.010532 0.204166
v 0.365015 0.005370 0.204369
v 0.377249 0.006220 0.212564
v 0.377560 0.021002 0.211195
v 0.364666 0.018406 0.202527
v 0.353414 0.009517 0.197693
v 0.353748 0.004828 0.197927
v 0.364965 0.001066 0.204409
v 0.377188 0.001450 0.212635
v 0.341256 0.017215 0.190506
v 0.352667 0.017117 0.195734
v 0.351372 0.026461 0.192421
v 0.339411 0.027090 0.186974
v 0.342432 0.009354 0.192618
v 0.363550 0.027823 0.199776
v 0.350286 0.036573 0.187268
v 0.337829 0.037967 0.180662
v 0.322476 0.028362 0.183325
v 0.324847 0.017962 0.187512
v 0.382417 0.065213 0.078597
v 0.387134 0.056713 0.070606
v 0.374159 0.051357 0.064080
v 0.403979 0.030569 0.057174
v 0.396469 0.024055 0.053991
v 0.384057 0.031984 0.054349
v 0.395646 0.038653 0.059984
v 0.410095 0.016304 0.054927
v 0.391060 0.017396 0.051412
v 0.374218 0.024334 0.050378
v 0.390007 0.047369 0.064545
v 0.376590 0.041088 0.057935
v 0.415984 0.004946 0.055005
v 0.404301 0.009836 0.052889
v 0.302856 0.030363 0.177983
v 0.303022 0.019415 0.181601
v 0.320347 0.040174 0.174725
v 0.303976 0.010473 0.183990
v 0.326173 0.009630 0.189499
v 0.343206 0.004632 0.192936
v 0.327528 0.004572 0.189859
v 0.343170 0.000529 0.192933
v 0.353711 0.000745 0.197946
v 0.305866 0.004767 0.184937
v 0.318534 0.053349 0.161657
v 0.335206 0.048854 0.172127
v 0.305553 0.064829 0.142938
v 0.361930 0.030671 0.051684
v 0.352156 0.028396 0.047107
v 0.368866 0.034794 0.053602
v 0.363238 0.018616 0.046662
v 0.353199 0.015980 0.042303
v 0.305842 0.000182 0.184751
v 0.327483 0.000307 0.189791
v 0.376335 0.031090 0.209327
v 0.375091 0.039331 0.206802
v 0.363417 0.037810 0.196412
v 0.360255 0.049620 0.187708
v 0.370301 0.053422 0.194981
v 0.366940 0.062196 0.184697
v 0.358152 0.059462 0.178693
v 0.373077 0.045066 0.202598
v 0.365806 0.068413 0.177017
v 0.357523 0.064326 0.173176
v 0.348807 0.048640 0.179834
v 0.399094 0.004537 0.050236
v 0.417001 -0.000651 0.055170
v 0.399170 -0.000505 0.049820
v 0.380833 0.007719 0.047134
v 0.366457 0.007928 0.042620
v 0.365563 0.074915 0.163073
v 0.365701 0.072286 0.169372
v 0.355854 0.007771 0.038543
v 0.382075 -0.000299 0.046870
v 0.366602 -0.000107 0.042631
v 0.356009 0.000046 0.038521
v 0.348513 0.000115 0.034979
v 0.364923 -0.003239 0.204452
v 0.377128 -0.003322 0.212706
v 0.348522 -0.006803 0.034984
v 0.340083 -0.006357 0.029435
v 0.331041 -0.006512 0.021796
v 0.356166 -0.007680 0.038501
v 0.366764 -0.008160 0.042639
v 0.381156 -0.008288 0.047237
v 0.353664 -0.003339 0.197960
v 0.343136 -0.003574 0.192933
v 0.416173 -0.006230 0.055221
v 0.399290 -0.005542 0.050375
v 0.327481 -0.003959 0.189827
v 0.305877 -0.004399 0.184940
v 0.338106 -0.011970 0.032436
v 0.329615 -0.012406 0.024738
v 0.346600 -0.013336 0.038259
v 0.336354 -0.022501 0.036189
v 0.328750 -0.022722 0.029258
v 0.334833 -0.035514 0.040691
v 0.327395 -0.035046 0.034319
v 0.344840 -0.024691 0.042448
v 0.343272 -0.038442 0.047533
v 0.332361 -0.046019 0.046405
v 0.363789 -0.082463 0.133930
v 0.364400 -0.080867 0.144575
v 0.355102 -0.077016 0.142291
v 0.354975 -0.079811 0.130336
v 0.363806 -0.078025 0.153840
v 0.356073 -0.073102 0.153818
v 0.344500 -0.074321 0.137166
v 0.345031 -0.077082 0.126897
v 0.357381 -0.079005 0.115535
v 0.365678 -0.081536 0.120035
v 0.348047 -0.076636 0.110665
v 0.337658 -0.074437 0.105484
v 0.343042 -0.070235 0.086960
v 0.353258 -0.071984 0.092539
v 0.333787 -0.074415 0.122926
v 0.328986 -0.073026 0.101740
v 0.333853 -0.068895 0.081652
v 0.347374 -0.063499 0.072487
v 0.357145 -0.065355 0.078139
v 0.362319 -0.074601 0.097884
v 0.371798 -0.078185 0.102820
v 0.368204 -0.068513 0.083414
v 0.378871 -0.072862 0.089477
v 0.344806 -0.069704 0.149994
v 0.346366 -0.064104 0.162497
v 0.332145 -0.062011 0.155439
v 0.331634 -0.067585 0.143855
v 0.356764 -0.068374 0.164788
v 0.347973 -0.057916 0.172010
v 0.333921 -0.054606 0.166255
v 0.319487 -0.062371 0.148718
v 0.321246 -0.066995 0.138377
v 0.332658 -0.072567 0.130358
v 0.324566 -0.072947 0.120978
v 0.350663 -0.054226 0.062085
v 0.361028 -0.056838 0.067181
v 0.372915 -0.060607 0.072786
v 0.335960 -0.061325 0.064839
v 0.339872 -0.050549 0.054743
v 0.351949 -0.042450 0.053313
v 0.364421 -0.045250 0.058531
v 0.318231 -0.072475 0.098338
v 0.321764 -0.068146 0.075679
v 0.306285 -0.073291 0.095800
v 0.314304 -0.072599 0.118452
v 0.364887 -0.008369 0.204347
v 0.377569 -0.009397 0.212728
v 0.353236 -0.008048 0.197758
v 0.364262 -0.016313 0.202846
v 0.377070 -0.018135 0.211780
v 0.339062 -0.026325 0.186855
v 0.350892 -0.025223 0.192537
v 0.352351 -0.015733 0.195844
v 0.341014 -0.016316 0.190467
v 0.337427 -0.037376 0.180398
v 0.349649 -0.035497 0.187345
v 0.362932 -0.025865 0.200227
v 0.342297 -0.008331 0.192613
v 0.324684 -0.017443 0.187360
v 0.322535 -0.027932 0.183357
v 0.385100 -0.065481 0.079736
v 0.376289 -0.051580 0.064476
v 0.389446 -0.057185 0.071830
v 0.397175 -0.039458 0.061047
v 0.385377 -0.032558 0.054878
v 0.397442 -0.024946 0.054641
v 0.405142 -0.031604 0.058198
v 0.391925 -0.047974 0.065647
v 0.378307 -0.041440 0.058349
v 0.375235 -0.024704 0.050572
v 0.391768 -0.018173 0.051796
v 0.410711 -0.017492 0.055544
v 0.404698 -0.010926 0.053220
v 0.303069 -0.019061 0.181621
v 0.302930 -0.030012 0.178015
v 0.326080 -0.009047 0.189428
v 0.304002 -0.010112 0.184001
v 0.303473 -0.042237 0.169927
v 0.320436 -0.039760 0.174774
v 0.304681 -0.055738 0.157144
v 0.318659 -0.052960 0.161724
v 0.305715 -0.064508 0.143007
v 0.335321 -0.048388 0.172218
v 0.307789 -0.068253 0.132730
v 0.352391 -0.028192 0.047115
v 0.363158 -0.030711 0.051620
v 0.353843 -0.015777 0.042173
v 0.363998 -0.018741 0.046650
v 0.370301 -0.034995 0.053720
v 0.375598 -0.028329 0.210180
v 0.362572 -0.035963 0.196996
v 0.374155 -0.036702 0.207846
v 0.357030 -0.058357 0.179004
v 0.365534 -0.060579 0.185702
v 0.369035 -0.051338 0.196135
v 0.359225 -0.048168 0.188227
v 0.356401 -0.063401 0.173315
v 0.364321 -0.067082 0.177872
v 0.371994 -0.042658 0.203706
v 0.348066 -0.047786 0.179768
v 0.364130 -0.074016 0.163492
v 0.364211 -0.071195 0.170036
v 0.306261 -0.072536 0.116894
v 0.518315 0.001345 0.073252
v 0.514488 0.008209 0.068729
v 0.514816 0.009172 0.068153
v 0.518949 0.001722 0.072813
v 0.518550 0.001987 0.076071
v 0.515287 0.008922 0.071316
v 0.507014 0.020764 0.066862
v 0.507475 0.021859 0.066383
v 0.517027 0.010601 0.068942
v 0.518944 -0.000355 0.076245
v 0.517585 -0.000345 0.077085
v 0.518959 -0.002536 0.072879
v 0.518322 -0.002149 0.073308
v 0.517239 -0.000323 0.078480
v 0.521162 0.001587 0.074023
v 0.519978 -0.000341 0.076904
v 0.514832 -0.000429 0.071980
v 0.513526 0.011365 0.071171
v 0.513087 0.010581 0.071929
v 0.513935 -0.000417 0.072811
v 0.512744 -0.000519 0.066471
v 0.511635 0.009843 0.065904
v 0.509491 0.020698 0.070991
v 0.508991 0.020169 0.071936
v 0.511654 0.010473 0.073470
v 0.512252 -0.000402 0.074075
v 0.513131 -0.011443 0.072272
v 0.513575 -0.012247 0.071537
v 0.507257 0.019270 0.066208
v 0.499405 0.028254 0.070910
v 0.498785 0.027690 0.071576
v 0.508177 0.019147 0.073587
v 0.496759 0.028003 0.067115
v 0.491828 0.032305 0.072164
v 0.491514 0.031549 0.073102
v 0.498798 0.026759 0.073795
v 0.488545 0.032463 0.068945
v 0.487795 0.034902 0.073862
v 0.487425 0.034486 0.074580
v 0.491882 0.030539 0.075174
v 0.483653 0.036169 0.070388
v 0.484194 0.038192 0.075314
v 0.483851 0.037273 0.076201
v 0.488415 0.032926 0.076603
v 0.480091 0.039043 0.071424
v 0.480840 0.041232 0.077039
v 0.479971 0.040769 0.077803
v 0.485236 0.035642 0.077892
v 0.474684 0.043156 0.072587
v 0.476004 0.047100 0.078950
v 0.476127 0.046059 0.079861
v 0.481511 0.039185 0.078981
v 0.469062 0.048680 0.075010
v 0.474525 0.047506 0.077688
v 0.476827 0.045412 0.080878
v 0.478998 0.040530 0.079021
v 0.468427 0.054680 0.084207
v 0.480451 0.043040 0.076743
v 0.479125 0.041754 0.077029
v 0.472592 0.035091 0.089633
v 0.455882 0.036539 0.089898
v 0.479005 0.050596 0.085797
v 0.485007 0.045600 0.082438
v 0.489349 0.037509 0.073756
v 0.488729 0.036240 0.074317
v 0.493342 0.039934 0.077747
v 0.497952 0.032313 0.069388
v 0.497578 0.031242 0.070246
v 0.489145 0.035350 0.076601
v 0.478515 0.039951 0.080101
v 0.501749 0.034356 0.071573
v 0.497452 0.031188 0.071885
v 0.510380 0.023829 0.067756
v 0.506994 0.021195 0.069094
v 0.470752 0.026379 0.084653
v 0.502577 0.005367 0.076160
v 0.502073 -0.000382 0.076650
v 0.511698 -0.011293 0.073808
v 0.504021 0.014228 0.076534
v 0.503856 0.012763 0.076422
v 0.499765 0.018755 0.076076
v 0.501247 0.018040 0.076145
v 0.491943 0.021394 0.077358
v 0.495775 0.020728 0.076985
v 0.487480 0.023548 0.078654
v 0.481485 0.023935 0.081855
v 0.513379 0.009733 0.070376
v 0.515263 0.004096 0.073849
v 0.518558 -0.002702 0.076143
v 0.515091 -0.000368 0.075787
v 0.524106 -0.000301 0.079019
v 0.528043 0.001323 0.084844
v 0.527430 -0.000174 0.084665
v 0.523295 -0.000311 0.078472
v 0.527639 0.001522 0.084773
v 0.529543 0.002805 0.088665
v 0.529236 -0.000110 0.088638
v 0.528050 -0.001661 0.084890
v 0.527648 -0.001866 0.084825
v 0.525574 0.001511 0.080135
v 0.529217 0.003107 0.088769
v 0.529248 0.011399 0.094781
v 0.530258 0.010194 0.094714
v 0.529064 0.009128 0.094993
v 0.528677 0.011073 0.094950
v 0.529331 0.011571 0.098244
v 0.530566 0.004838 0.093681
v 0.528846 0.004407 0.093267
v 0.528367 0.006723 0.092110
v 0.528283 0.010982 0.094001
v 0.528308 0.011607 0.094844
v 0.528320 0.011843 0.094577
v 0.528778 0.010306 0.086637
v 0.529094 0.007151 0.091128
v 0.530224 0.003229 0.091525
v 0.479425 0.052703 0.172348
v 0.471500 0.053128 0.180780
v 0.478665 0.042845 0.182914
v 0.485938 0.043508 0.173739
v 0.474240 0.060236 0.168656
v 0.465645 0.061884 0.175976
v 0.461996 0.051946 0.189989
v 0.470057 0.040850 0.193086
v 0.485965 0.032053 0.182634
v 0.492208 0.034138 0.172635
v 0.492702 0.043699 0.164796
v 0.486904 0.051255 0.164572
v 0.476629 0.029898 0.192939
v 0.490956 0.024956 0.180114
v 0.496840 0.026852 0.169504
v 0.497420 0.035693 0.163426
v 0.481083 0.023243 0.191128
v 0.494392 0.017401 0.176490
v 0.500443 0.020569 0.165619
v 0.500664 0.029363 0.160520
v 0.485165 0.015152 0.188509
v 0.496213 0.011147 0.174898
v 0.503337 0.014777 0.162044
v 0.502479 0.023807 0.157389
v 0.496456 0.001137 0.175138
v 0.502491 0.000955 0.162632
v 0.505008 0.000826 0.154018
v 0.505037 0.011563 0.153044
v 0.485828 0.009113 0.188179
v 0.486031 0.001318 0.188173
v 0.496254 -0.008878 0.175209
v 0.503393 -0.012874 0.162473
v 0.482254 0.057338 0.161681
v 0.470309 0.066477 0.164092
v 0.461325 0.069165 0.170251
v 0.456198 0.061350 0.184413
v 0.468312 0.071078 0.158252
v 0.458922 0.075008 0.162907
v 0.467832 0.073214 0.150320
v 0.458422 0.077965 0.152637
v 0.447671 0.077886 0.167164
v 0.450784 0.070703 0.177260
v 0.478714 0.062474 0.157909
v 0.476664 0.066059 0.153421
v 0.475813 0.067735 0.147667
v 0.468508 0.073623 0.142046
v 0.459436 0.078665 0.142316
v 0.446999 0.081620 0.154739
v 0.470236 0.072494 0.136522
v 0.463229 0.076024 0.132522
v 0.476142 0.067991 0.128283
v 0.470186 0.070691 0.123568
v 0.454096 0.079119 0.128397
v 0.447330 0.082987 0.142213
v 0.475872 0.067899 0.141272
v 0.473728 0.013503 0.199788
v 0.473729 0.007646 0.199703
v 0.503949 0.019866 0.153176
v 0.505436 0.016671 0.146981
v 0.504623 0.022638 0.147368
v 0.503146 0.026433 0.151579
v 0.504915 0.018831 0.139190
v 0.503558 0.024469 0.142841
v 0.502568 0.027725 0.147875
v 0.502420 0.031271 0.154254
v 0.502536 0.021355 0.135280
v 0.502256 0.024816 0.141447
v 0.501249 0.027888 0.145991
v 0.501799 0.031764 0.150854
v 0.501497 0.021952 0.135373
v 0.500235 0.024104 0.141529
v 0.499839 0.027198 0.146010
v 0.500603 0.031840 0.149628
v 0.500500 0.021566 0.135766
v 0.499224 0.031281 0.149585
v 0.403194 0.079515 0.173997
v 0.398572 0.071938 0.176645
v 0.402374 0.066101 0.179479
v 0.408226 0.073401 0.177591
v 0.398954 0.080551 0.176037
v 0.395761 0.073871 0.177333
v 0.395531 0.067720 0.179639
v 0.398258 0.062087 0.182961
v 0.407131 0.060652 0.184859
v 0.413162 0.066972 0.183818
v 0.413258 0.078864 0.175677
v 0.407563 0.084609 0.171735
v 0.412839 0.055588 0.192801
v 0.417999 0.060226 0.192676
v 0.402869 0.057227 0.188032
v 0.409353 0.053136 0.194864
v 0.420049 0.051350 0.200170
v 0.424486 0.054155 0.200628
v 0.422678 0.064870 0.191403
v 0.418298 0.072284 0.182233
v 0.428761 0.047938 0.206969
v 0.432626 0.048761 0.207672
v 0.417220 0.049919 0.201319
v 0.426470 0.047575 0.207397
v 0.432788 0.046201 0.210950
v 0.439980 0.044118 0.212745
v 0.435683 0.050520 0.206876
v 0.428474 0.057614 0.199617
v 0.378552 0.072308 0.185128
v 0.379662 0.078034 0.176603
v 0.372749 0.075454 0.172078
v 0.372423 0.070647 0.180466
v 0.382656 0.074332 0.188276
v 0.384010 0.079853 0.180004
v 0.381578 0.083437 0.168546
v 0.373554 0.079579 0.163987
v 0.373403 0.064040 0.189382
v 0.378463 0.065442 0.193987
v 0.420059 0.090326 0.158306
v 0.415838 0.089128 0.165390
v 0.421791 0.085194 0.169644
v 0.426230 0.086982 0.163399
v 0.413371 0.093300 0.152963
v 0.410247 0.092353 0.161436
v 0.411675 0.087223 0.169864
v 0.417467 0.082490 0.173737
v 0.426989 0.080137 0.175910
v 0.431658 0.082931 0.169641
v 0.430569 0.087536 0.155679
v 0.424351 0.090228 0.148707
v 0.409872 0.055343 0.229622
v 0.400193 0.062051 0.225300
v 0.391707 0.053552 0.216459
v 0.402138 0.046267 0.219974
v 0.418859 0.065414 0.243287
v 0.410943 0.072019 0.239793
v 0.395247 0.069854 0.220998
v 0.386146 0.061384 0.210700
v 0.385377 0.049354 0.211177
v 0.395434 0.040579 0.214901
v 0.415493 0.039912 0.222245
v 0.421544 0.049082 0.231341
v 0.430784 0.035056 0.222214
v 0.434194 0.043432 0.230337
v 0.438238 0.051389 0.239551
v 0.427959 0.058535 0.243206
v 0.407388 0.031443 0.218466
v 0.427234 0.027754 0.218531
v 0.442428 0.033087 0.220628
v 0.443665 0.040355 0.228689
v 0.448461 0.046009 0.232855
v 0.446642 0.053661 0.242856
v 0.444363 0.046463 0.235597
v 0.449059 0.047714 0.233553
v 0.447494 0.055324 0.243520
v 0.442249 0.059560 0.248914
v 0.448383 0.040794 0.226420
v 0.420784 0.013695 0.218877
v 0.403123 0.013425 0.218117
v 0.402329 0.006710 0.218083
v 0.418285 0.006832 0.219261
v 0.423483 0.020889 0.218411
v 0.404978 0.021803 0.218308
v 0.386671 0.012830 0.215171
v 0.385987 0.006462 0.215313
v 0.402285 0.001614 0.218161
v 0.418297 0.001664 0.219342
v 0.435434 0.006891 0.218154
v 0.438109 0.013842 0.217924
v 0.447109 0.006854 0.215136
v 0.449289 0.013775 0.215004
v 0.451230 0.021532 0.214306
v 0.440728 0.020549 0.217088
v 0.435444 0.001683 0.218233
v 0.447121 0.001659 0.215215
v 0.459949 0.006729 0.209249
v 0.461201 0.013526 0.208946
v 0.442430 0.028092 0.216185
v 0.387575 0.031980 0.214404
v 0.387621 0.022389 0.215492
v 0.395206 0.094954 0.154193
v 0.399983 0.095735 0.155398
v 0.399490 0.096583 0.143213
v 0.393304 0.095331 0.140527
v 0.396825 0.095218 0.163235
v 0.400810 0.095731 0.163723
v 0.404997 0.094868 0.157813
v 0.406185 0.095905 0.147355
v 0.401867 0.095481 0.131027
v 0.394983 0.093656 0.127237
v 0.384488 0.092083 0.137194
v 0.386038 0.091776 0.150528
v 0.418908 0.076230 0.094577
v 0.408231 0.084119 0.103438
v 0.415470 0.086564 0.108139
v 0.426957 0.077860 0.098935
v 0.408425 0.073396 0.089024
v 0.398258 0.080910 0.097588
v 0.400243 0.089935 0.114323
v 0.407097 0.092445 0.118837
v 0.422587 0.087066 0.112679
v 0.434123 0.078192 0.102821
v 0.435681 0.070699 0.091314
v 0.427379 0.069430 0.087715
v 0.442176 0.064687 0.084864
v 0.433613 0.063736 0.082862
v 0.422514 0.059851 0.078264
v 0.416485 0.066382 0.082632
v 0.443011 0.070877 0.094506
v 0.451595 0.063932 0.086885
v 0.452116 0.057117 0.077610
v 0.441855 0.056838 0.076176
v 0.374172 0.086818 0.135876
v 0.375100 0.086086 0.146093
v 0.386077 0.090344 0.123391
v 0.374797 0.085608 0.122368
v 0.374598 0.083626 0.155312
v 0.385098 0.089064 0.160060
v 0.390764 0.086563 0.109136
v 0.379348 0.082333 0.106110
v 0.386908 0.076914 0.093193
v 0.395233 0.069466 0.083881
v 0.401425 0.061691 0.076588
v 0.459648 0.042583 0.063325
v 0.448173 0.032060 0.059677
v 0.427596 0.032763 0.059096
v 0.452176 0.048264 0.067656
v 0.466441 0.038097 0.062254
v 0.459302 0.030287 0.059317
v 0.440743 0.022448 0.057663
v 0.415766 0.024027 0.056015
v 0.417271 0.038393 0.061683
v 0.436256 0.047588 0.068501
v 0.461558 0.049755 0.071730
v 0.467795 0.044364 0.068649
v 0.470958 0.022301 0.200753
v 0.460652 0.022366 0.208918
v 0.459961 0.001593 0.209330
v 0.473721 0.001473 0.199778
v 0.485858 -0.006474 0.188421
v 0.466823 0.030071 0.202044
v 0.439375 0.080855 0.169719
v 0.441877 0.070321 0.184680
v 0.462156 0.039550 0.201219
v 0.457327 0.035375 0.208521
v 0.458685 0.030323 0.208882
v 0.453190 0.033695 0.212993
v 0.450524 0.030123 0.213713
v 0.454814 0.040194 0.207067
v 0.403760 0.093236 0.164092
v 0.408037 0.090767 0.166731
v 0.417254 0.092783 0.142149
v 0.409292 0.095191 0.135993
v 0.421889 0.090794 0.129006
v 0.414321 0.092727 0.123729
v 0.429927 0.088450 0.134947
v 0.429605 0.085608 0.117036
v 0.440407 0.077222 0.106236
v 0.437340 0.083672 0.120069
v 0.447288 0.075819 0.109430
v 0.449371 0.069959 0.097289
v 0.460841 0.061860 0.089398
v 0.455939 0.068903 0.100814
v 0.469408 0.060343 0.093414
v 0.460235 0.055919 0.080101
v 0.392214 0.082654 0.205746
v 0.393207 0.087315 0.198189
v 0.388444 0.082553 0.189002
v 0.386148 0.076551 0.195607
v 0.398655 0.090486 0.217069
v 0.398054 0.093286 0.206912
v 0.395122 0.091722 0.190837
v 0.391626 0.088298 0.182661
v 0.385755 0.080606 0.182581
v 0.384998 0.069314 0.202850
v 0.392440 0.076634 0.212899
v 0.381024 0.066649 0.197204
v 0.380489 0.058406 0.203799
v 0.403966 0.080218 0.233155
v 0.400627 0.086122 0.225825
v 0.429591 0.076252 0.260834
v 0.425306 0.082784 0.261907
v 0.435296 0.082200 0.269343
v 0.431980 0.087815 0.271450
v 0.422438 0.087289 0.261935
v 0.406408 0.075828 0.237425
v 0.435431 0.068655 0.256778
v 0.444273 0.064195 0.253451
v 0.439393 0.074329 0.263343
v 0.405521 0.053597 0.071066
v 0.428915 0.053575 0.073634
v 0.410813 0.045826 0.066074
v 0.419970 0.090841 0.259693
v 0.429013 0.092558 0.271266
v 0.426394 0.096436 0.268797
v 0.417094 0.095213 0.255119
v 0.406703 0.101362 0.231273
v 0.403522 0.101419 0.215482
v 0.411256 0.099305 0.244533
v 0.409880 0.104491 0.234997
v 0.406497 0.104172 0.218125
v 0.401690 0.101103 0.203642
v 0.397885 0.094979 0.198341
v 0.448383 0.035321 0.219306
v 0.449160 0.032308 0.215269
v 0.450874 0.037000 0.218558
v 0.450186 0.041607 0.225234
v 0.426881 0.069515 0.188980
v 0.422536 0.076586 0.180109
v 0.432013 0.061727 0.197137
v 0.431431 0.073950 0.184190
v 0.403973 0.088660 0.168565
v 0.453146 0.035936 0.212265
v 0.451259 0.035944 0.214066
v 0.451876 0.034363 0.214479
v 0.450308 0.040008 0.211008
v 0.448035 0.039295 0.213022
v 0.449904 0.038131 0.218385
v 0.398153 0.096122 0.167649
v 0.401970 0.096574 0.168189
v 0.403807 0.095914 0.169774
v 0.402793 0.095297 0.164825
v 0.391725 0.091308 0.166708
v 0.393773 0.092348 0.171008
v 0.399611 0.097348 0.173335
v 0.403185 0.097751 0.173881
v 0.444311 0.065295 0.253160
v 0.439848 0.075556 0.262902
v 0.442840 0.065383 0.251227
v 0.438587 0.075708 0.260891
v 0.435977 0.083263 0.268813
v 0.447072 0.056401 0.243343
v 0.432704 0.088418 0.270898
v 0.434858 0.080468 0.263032
v 0.431019 0.085285 0.264271
v 0.429834 0.092925 0.270688
v 0.448129 0.048876 0.233446
v 0.443483 0.051272 0.233176
v 0.443268 0.058805 0.243002
v 0.449072 0.042786 0.225126
v 0.427372 0.096782 0.268186
v 0.427680 0.089599 0.263576
v 0.424840 0.093406 0.260947
v 0.422895 0.100233 0.260920
v 0.421705 0.099942 0.261528
v 0.411739 0.104677 0.234526
v 0.408910 0.104437 0.217823
v 0.411364 0.103083 0.232890
v 0.408812 0.102881 0.216271
v 0.406898 0.103249 0.203156
v 0.404103 0.102936 0.203200
v 0.414948 0.103080 0.249465
v 0.416399 0.103276 0.248892
v 0.445713 0.040659 0.218291
v 0.444297 0.045225 0.224937
v 0.405698 0.101090 0.190558
v 0.402692 0.100762 0.190248
v 0.407597 0.102097 0.206591
v 0.406502 0.099957 0.194154
v 0.404459 0.099258 0.180800
v 0.401195 0.098900 0.180293
v 0.400174 0.098920 0.190515
v 0.405527 0.098530 0.185770
v 0.404393 0.097151 0.177568
v 0.395693 0.093896 0.176748
v 0.398064 0.096184 0.184041
v 0.389192 0.086353 0.176767
v 0.387224 0.085530 0.173244
v 0.443951 0.046098 0.209168
v 0.442203 0.044415 0.211344
v 0.445673 0.039305 0.214394
v 0.448021 0.048013 0.204656
v 0.437933 0.053220 0.204583
v 0.420402 0.097056 0.253809
v 0.414366 0.100545 0.242169
v 0.436335 0.078175 0.177034
v 0.434581 0.084897 0.162770
v 0.436482 0.065963 0.192159
v 0.438843 0.084016 0.157247
v 0.436847 0.086373 0.143421
v 0.463314 0.072355 0.118283
v 0.445123 0.081938 0.124300
v 0.454770 0.073981 0.112401
v 0.465272 0.067022 0.106279
v 0.475586 0.059647 0.099783
v 0.471757 0.065750 0.111035
v 0.481162 0.058498 0.105364
v 0.482849 0.052531 0.094589
v 0.475497 0.054028 0.088166
v 0.442136 0.056167 0.199817
v 0.448288 0.059366 0.192584
v 0.454415 0.050162 0.197808
v 0.402545 0.093744 0.164818
v 0.402758 0.089170 0.169291
v 0.452550 0.021571 0.057652
v 0.447154 0.008863 0.058011
v 0.434508 0.006947 0.058438
v 0.376183 0.055740 0.199335
v 0.383768 0.039787 0.211934
v 0.379585 0.047276 0.207152
v 0.478638 0.064726 0.116791
v 0.484501 0.061047 0.122061
v 0.486139 0.055884 0.110822
v 0.517310 0.011259 0.115574
v 0.519620 0.005987 0.117466
v 0.529057 0.006237 0.103759
v 0.526649 0.011108 0.102426
v 0.510323 0.012491 0.128485
v 0.510987 0.006538 0.131774
v 0.520434 0.000294 0.117811
v 0.529265 0.000125 0.103842
v 0.530145 0.007714 0.101904
v 0.528830 0.011391 0.099531
v 0.524143 0.013597 0.100854
v 0.513692 0.015030 0.112821
v 0.497693 0.038178 0.116475
v 0.497340 0.037730 0.121872
v 0.499665 0.030424 0.121441
v 0.500125 0.028981 0.116153
v 0.492906 0.048675 0.119268
v 0.494300 0.045137 0.123208
v 0.496282 0.036664 0.125844
v 0.498188 0.031046 0.125092
v 0.501510 0.021186 0.122330
v 0.502462 0.020140 0.115843
v 0.500863 0.028170 0.113200
v 0.499562 0.036526 0.109903
v 0.474273 0.039662 0.067328
v 0.478910 0.036603 0.066951
v 0.485008 0.031972 0.065745
v 0.472575 0.034787 0.061858
v 0.493736 0.026777 0.063484
v 0.503729 0.017465 0.061625
v 0.488479 0.024265 0.057860
v 0.480713 0.030275 0.060381
v 0.508182 0.008222 0.060782
v 0.495757 0.015705 0.055831
v 0.509812 -0.000610 0.061025
v 0.496820 -0.000730 0.054976
v 0.497073 0.007139 0.055047
v 0.511678 -0.010897 0.066226
v 0.508217 -0.009451 0.061056
v 0.462780 0.021132 0.057470
v 0.459150 0.010193 0.057189
v 0.444476 -0.000782 0.058511
v 0.432024 -0.000742 0.057761
v 0.486693 0.016941 0.054827
v 0.485456 0.007524 0.054072
v 0.475089 0.009569 0.054224
v 0.476803 0.019713 0.054866
v 0.484277 -0.000767 0.054172
v 0.473886 -0.000791 0.054013
v 0.478795 0.025922 0.057465
v 0.467339 0.028552 0.059231
v 0.508180 0.000661 0.142938
v 0.507720 0.008305 0.142299
v 0.511823 0.000492 0.131578
v 0.508180 0.013721 0.137164
v 0.505081 -0.009936 0.153379
v 0.507751 -0.007002 0.142537
v 0.511010 -0.005549 0.131961
v 0.519643 -0.005407 0.117644
v 0.500366 0.036705 0.156343
v 0.506314 0.014868 0.121769
v 0.504961 0.015956 0.130954
v 0.528535 0.012088 0.098131
v 0.518986 0.018731 0.099714
v 0.510556 0.020613 0.107918
v 0.499010 0.038721 0.107933
v 0.497626 0.044201 0.103017
v 0.492553 0.048273 0.107411
v 0.495392 0.043276 0.112879
v 0.509256 0.033221 0.099447
v 0.507294 0.037725 0.094744
v 0.493930 0.046524 0.095981
v 0.488095 0.051570 0.101135
v 0.490993 0.051916 0.115702
v 0.509880 0.027700 0.103379
v 0.517960 0.023876 0.096174
v 0.516737 0.028702 0.091622
v 0.528302 0.011887 0.094408
v 0.510361 0.035025 0.080385
v 0.505198 0.035365 0.074763
v 0.497024 0.041139 0.082521
v 0.502632 0.040432 0.088538
v 0.517864 0.025307 0.074778
v 0.512820 0.025000 0.070292
v 0.489065 0.046965 0.088862
v 0.514579 0.032752 0.086718
v 0.481188 0.062813 0.133255
v 0.496399 0.043491 0.157777
v 0.491911 0.049636 0.157874
v 0.487109 0.056992 0.125902
v 0.528219 0.011543 0.093778
v 0.526701 0.017715 0.088663
v 0.501772 0.018727 0.129347
v 0.501673 0.020794 0.130929
v 0.502330 0.018565 0.127730
v 0.500510 0.020242 0.126059
v 0.500397 0.021260 0.128044
v 0.500677 0.021323 0.131302
v 0.484302 0.058905 0.153244
v 0.481992 0.062019 0.150111
v 0.500225 0.037021 0.152674
v 0.497195 0.042844 0.153458
v 0.493413 0.048060 0.153379
v 0.487563 0.054738 0.155973
v 0.487011 0.055944 0.149965
v 0.484483 0.058665 0.147889
v 0.481200 0.063225 0.146136
v 0.483954 0.059207 0.145211
v 0.483868 0.056597 0.147363
v 0.483405 0.056886 0.145204
v 0.484359 0.058672 0.142157
v 0.481445 0.063143 0.141721
v 0.488809 0.054035 0.129239
v 0.501127 0.019829 0.124851
v 0.486646 0.055191 0.137030
v 0.485209 0.058648 0.135488
v 0.483594 0.056558 0.142681
v 0.485730 0.052984 0.138217
v 0.488754 0.051624 0.131872
v 0.494735 0.035902 0.128071
v 0.496590 0.030941 0.126990
v 0.493719 0.035370 0.129112
v 0.495441 0.030620 0.127997
v 0.498629 0.023863 0.126360
v 0.499974 0.023874 0.124692
v 0.494275 0.042349 0.126676
v 0.492881 0.040867 0.129153
v 0.487862 0.049410 0.133752
v 0.487006 0.048498 0.134715
v 0.491999 0.040118 0.130227
v 0.482724 0.055108 0.143092
v 0.484863 0.051803 0.138903
v 0.486796 0.054400 0.149168
v 0.483364 0.055099 0.147929
v 0.482710 0.055397 0.145687
v 0.496962 0.042583 0.152149
v 0.493052 0.047710 0.152049
v 0.489907 0.052583 0.151841
v 0.499184 0.036825 0.151370
v 0.498107 0.024261 0.127166
v 0.499569 0.021705 0.128767
v 0.489716 0.051776 0.150755
v 0.485449 0.053339 0.149374
v 0.499642 0.020826 0.131686
v 0.498489 0.021249 0.129062
v 0.497173 0.023993 0.127306
v 0.488112 0.050767 0.150807
v 0.495121 0.041985 0.152051
v 0.491200 0.047234 0.151775
v 0.497774 0.036517 0.151338
v 0.522629 0.001582 0.075931
v 0.524271 0.012480 0.077144
v 0.527103 0.011480 0.081659
v 0.521046 0.011750 0.072303
v 0.521940 0.024307 0.080272
v 0.524871 0.021320 0.084427
v 0.521014 -0.000330 0.077563
v 0.528075 0.003259 0.089900
v 0.525581 -0.002070 0.080190
v 0.522636 -0.002285 0.075991
v 0.521171 -0.002354 0.074084
v 0.455561 -0.000771 0.057801
v 0.497105 -0.008591 0.055292
v 0.529084 -0.005989 0.103947
v 0.530380 0.000091 0.101507
v 0.528082 0.011575 0.094340
v 0.447193 -0.010426 0.058310
v 0.434736 -0.008457 0.058818
v 0.475132 -0.011136 0.054547
v 0.459194 -0.011732 0.057529
v 0.485490 -0.009054 0.054329
v 0.400595 0.091912 0.199915
v 0.398593 0.089148 0.195073
v 0.408846 0.094883 0.229293
v 0.407109 0.098215 0.222870
v 0.418790 0.086306 0.247079
v 0.414221 0.090409 0.240200
v 0.400896 0.086177 0.174901
v 0.403092 0.092071 0.169565
v 0.401921 0.090458 0.173397
v 0.405747 0.097639 0.216986
v 0.405024 0.097255 0.209974
v 0.403087 0.094609 0.206172
v 0.435863 0.048918 0.224663
v 0.435125 0.054900 0.232740
v 0.426931 0.078415 0.251569
v 0.422548 0.082580 0.249930
v 0.436250 0.069158 0.250693
v 0.431938 0.073810 0.252000
v 0.436088 0.062531 0.242502
v 0.407543 0.052869 0.198865
v 0.416004 0.049861 0.204071
v 0.395884 0.061357 0.188039
v 0.400375 0.056695 0.193336
v 0.393942 0.071902 0.181535
v 0.394072 0.066857 0.182965
v 0.425749 0.047673 0.208958
v 0.432136 0.046140 0.212113
v 0.403464 0.094599 0.169639
v 0.438305 0.044584 0.218274
v 0.385997 0.001538 0.215389
v 0.395494 0.076500 0.183732
v 0.438777 0.043346 0.214509
v 0.418307 -0.003503 0.219421
v 0.435455 -0.003527 0.218314
v 0.402349 -0.003483 0.218242
v 0.447131 -0.003535 0.215296
v 0.386007 -0.003388 0.215465
v 0.459971 -0.003540 0.209409
v 0.473755 -0.004698 0.199896
v 0.396286 0.080324 0.186108
v 0.393807 0.068190 0.186718
v 0.395362 0.062727 0.192892
v 0.399772 0.057940 0.198269
v 0.407036 0.053822 0.202858
v 0.413910 0.050767 0.205966
v 0.423907 0.048656 0.210253
v 0.396313 0.083378 0.188657
v 0.403266 0.093595 0.172177
v 0.397082 0.086316 0.191645
v 0.395527 0.077610 0.197860
v 0.395314 0.074861 0.194607
v 0.414456 0.052518 0.209656
v 0.407829 0.055997 0.206841
v 0.416947 0.052849 0.212187
v 0.426857 0.048356 0.212527
v 0.401055 0.060961 0.202838
v 0.396693 0.066199 0.197524
v 0.402261 0.063560 0.206636
v 0.408748 0.057916 0.210226
v 0.394740 0.071722 0.190893
v 0.397781 0.069204 0.201434
v 0.418412 0.053633 0.214588
v 0.429241 0.047874 0.214411
v 0.409794 0.059586 0.213009
v 0.419399 0.055868 0.218054
v 0.429532 0.049653 0.218196
v 0.403386 0.065733 0.209668
v 0.398631 0.071737 0.204624
v 0.404818 0.068217 0.213443
v 0.411161 0.062054 0.216473
v 0.396556 0.080500 0.201829
v 0.399948 0.074361 0.208566
v 0.423706 0.071583 0.240126
v 0.429567 0.066791 0.241542
v 0.427744 0.059405 0.231662
v 0.421340 0.064789 0.229942
v 0.427732 0.053692 0.223880
v 0.419905 0.059549 0.222586
v 0.415262 0.069985 0.227789
v 0.418410 0.076042 0.237998
v 0.413679 0.080170 0.235165
v 0.404392 0.090299 0.219357
v 0.401009 0.086791 0.212361
v 0.409007 0.084922 0.228950
v 0.404753 0.080598 0.220058
v 0.409505 0.074996 0.225200
v 0.401734 0.077078 0.213264
v 0.398395 0.083533 0.206510
v 0.406551 0.071010 0.217960
v 0.412844 0.065322 0.220612
v 0.485943 -0.051876 0.139846
v 0.485073 -0.050678 0.140496
v 0.482945 -0.053861 0.144785
v 0.483822 -0.055318 0.144420
v 0.488062 -0.048434 0.135273
v 0.487202 -0.047496 0.136207
v 0.499349 -0.029775 0.150535
v 0.482933 -0.054069 0.147389
v 0.483635 -0.055568 0.146951
v 0.484596 -0.057443 0.143962
v 0.486869 -0.054116 0.138729
v 0.483586 -0.053697 0.149619
v 0.484096 -0.055211 0.149100
v 0.485664 -0.051886 0.151010
v 0.487016 -0.052947 0.150836
v 0.484719 -0.057259 0.149692
v 0.484192 -0.057886 0.147030
v 0.488317 -0.049258 0.152362
v 0.489924 -0.050262 0.152340
v 0.487235 -0.054464 0.151681
v 0.493046 -0.040017 0.130410
v 0.492161 -0.039240 0.131461
v 0.488964 -0.050701 0.133462
v 0.491389 -0.045684 0.153218
v 0.493242 -0.046144 0.153509
v 0.490118 -0.051036 0.153451
v 0.493606 -0.046453 0.154847
v 0.495289 -0.040414 0.153331
v 0.497132 -0.041002 0.153446
v 0.497921 -0.034961 0.152448
v 0.500730 -0.030328 0.150594
v 0.499331 -0.035262 0.152490
v 0.493861 -0.034520 0.130197
v 0.495564 -0.029801 0.128936
v 0.494880 -0.035081 0.129175
v 0.497269 -0.023192 0.128039
v 0.496715 -0.030149 0.127940
v 0.498205 -0.023461 0.127907
v 0.498574 -0.020389 0.129709
v 0.499655 -0.020848 0.129428
v 0.499724 -0.019880 0.132319
v 0.500762 -0.020385 0.131949
v 0.500586 -0.020490 0.136420
v 0.501585 -0.020882 0.136039
v 0.500331 -0.022849 0.142258
v 0.499947 -0.025803 0.146833
v 0.502355 -0.023554 0.142199
v 0.373610 -0.086333 0.136076
v 0.373211 -0.085345 0.147196
v 0.382641 -0.082232 0.107504
v 0.376087 -0.085262 0.122777
v 0.386717 -0.009755 0.215521
v 0.397793 -0.069993 0.086299
v 0.389889 -0.077144 0.095331
v 0.418564 -0.039615 0.063350
v 0.412408 -0.046869 0.067945
v 0.416621 -0.025297 0.057002
v 0.441321 -0.024028 0.058793
v 0.448307 -0.033555 0.060697
v 0.428628 -0.034153 0.060659
v 0.452639 -0.023118 0.058347
v 0.407425 -0.054473 0.073142
v 0.403623 -0.062442 0.078923
v 0.387699 -0.028915 0.215351
v 0.387705 -0.019295 0.216141
v 0.371835 -0.061984 0.190950
v 0.374797 -0.053244 0.200898
v 0.378998 -0.044461 0.208583
v 0.383924 -0.036810 0.213125
v 0.372626 -0.082614 0.156816
v 0.371648 -0.078334 0.165535
v 0.370700 -0.068918 0.182018
v 0.370931 -0.073981 0.173630
v 0.528090 -0.003442 0.090003
v 0.529104 -0.009147 0.095273
v 0.528398 -0.006837 0.092318
v 0.528864 -0.004483 0.093403
v 0.528726 -0.011095 0.095290
v 0.528330 -0.011034 0.094339
v 0.529126 -0.007291 0.091350
v 0.529233 -0.003320 0.088869
v 0.530302 -0.010216 0.095026
v 0.529381 -0.011489 0.098597
v 0.529298 -0.011423 0.095131
v 0.530588 -0.004894 0.093830
v 0.531069 -0.006100 0.096571
v 0.528587 -0.012013 0.098501
v 0.528371 -0.011877 0.094942
v 0.530723 -0.007290 0.100696
v 0.531054 0.000019 0.096672
v 0.530733 0.000073 0.100244
v 0.530179 -0.007516 0.102137
v 0.528881 -0.011271 0.099879
v 0.530240 -0.003353 0.091627
v 0.530120 -0.000063 0.091556
v 0.530564 -0.000027 0.093832
v 0.528792 -0.003229 0.091995
v 0.529555 -0.003020 0.088754
v 0.531042 0.006132 0.096383
v 0.530691 0.007443 0.100469
v 0.528354 -0.011926 0.094773
v 0.528361 -0.011634 0.095201
v 0.528133 -0.011617 0.094697
v 0.524194 -0.013484 0.101248
v 0.519062 -0.018701 0.100297
v 0.528269 -0.011602 0.094133
v 0.528824 -0.010583 0.086958
v 0.526769 -0.017967 0.089188
v 0.518058 -0.023957 0.096917
v 0.526696 -0.010909 0.102766
v 0.517355 -0.010745 0.115915
v 0.513753 -0.014615 0.113283
v 0.528778 0.003111 0.091899
v 0.466323 -0.016778 0.106145
v 0.458136 -0.017019 0.102392
v 0.458444 -0.000041 0.104384
v 0.464652 0.000084 0.111578
v 0.469174 -0.025689 0.102664
v 0.459414 -0.024600 0.102227
v 0.457651 -0.016953 0.101894
v 0.458178 -0.000073 0.102282
v 0.458067 0.016867 0.101865
v 0.466255 0.016776 0.105623
v 0.468905 0.000122 0.113414
v 0.470279 -0.017491 0.108747
v 0.477822 0.000137 0.113193
v 0.479550 -0.016284 0.108751
v 0.488471 0.000002 0.103191
v 0.491066 -0.015000 0.099149
v 0.483011 -0.023467 0.100500
v 0.474464 -0.027173 0.103049
v 0.470208 0.017585 0.108203
v 0.479485 0.016418 0.108244
v 0.476316 -0.046808 0.081304
v 0.479165 -0.041294 0.080293
v 0.456032 -0.037061 0.091042
v 0.480140 -0.041566 0.079082
v 0.481671 -0.039942 0.080211
v 0.470860 -0.027009 0.085483
v 0.472736 -0.035556 0.090729
v 0.477014 -0.046125 0.082301
v 0.455732 -0.032895 0.092926
v 0.482754 -0.042496 0.083266
v 0.477567 -0.048266 0.082625
v 0.476196 -0.047876 0.080427
v 0.460208 -0.028721 0.100773
v 0.459153 -0.024059 0.101018
v 0.457558 -0.030515 0.092176
v 0.459429 -0.028701 0.099702
v 0.476739 -0.036161 0.094476
v 0.483124 -0.032349 0.091858
v 0.481325 -0.040613 0.085572
v 0.489292 -0.036151 0.077712
v 0.488878 -0.037114 0.075457
v 0.492325 -0.029307 0.088659
v 0.497580 -0.032104 0.072869
v 0.497709 -0.032208 0.071233
v 0.489503 -0.038396 0.074935
v 0.484231 -0.043778 0.083438
v 0.497198 -0.028954 0.086226
v 0.503685 -0.025828 0.077064
v 0.507082 -0.022163 0.069768
v 0.507100 -0.021803 0.067524
v 0.498085 -0.033305 0.070408
v 0.515326 -0.009794 0.071606
v 0.514523 -0.009165 0.068999
v 0.507567 -0.022908 0.067078
v 0.502600 -0.006142 0.076339
v 0.500764 -0.000384 0.076688
v 0.500530 -0.005909 0.076343
v 0.503910 -0.013520 0.076831
v 0.501786 -0.013342 0.077423
v 0.504081 -0.014981 0.076988
v 0.508256 -0.019973 0.074193
v 0.501323 -0.018815 0.076718
v 0.499706 -0.017937 0.076750
v 0.499843 -0.019537 0.076672
v 0.498910 -0.027614 0.074640
v 0.492766 -0.020688 0.094602
v 0.500808 -0.019975 0.088952
v 0.501488 -0.013146 0.091159
v 0.511793 -0.017173 0.081098
v 0.500211 -0.000123 0.093583
v 0.514273 -0.009742 0.085452
v 0.491005 0.014882 0.098686
v 0.501436 0.012825 0.090755
v 0.511370 -0.000223 0.085675
v 0.511629 -0.013712 0.074374
v 0.513420 -0.010642 0.070692
v 0.513636 -0.006299 0.077987
v 0.515282 -0.004892 0.073989
v 0.512288 -0.000316 0.079621
v 0.513612 0.005622 0.077801
v 0.514234 0.009295 0.085157
v 0.468934 -0.009770 0.095550
v 0.468837 -0.000156 0.095623
v 0.457582 0.016784 0.101370
v 0.469385 -0.019622 0.095327
v 0.469361 -0.022611 0.093708
v 0.468364 -0.023102 0.090072
v 0.495862 -0.021497 0.077642
v 0.495541 -0.019559 0.077406
v 0.492031 -0.022166 0.078036
v 0.492009 -0.031375 0.076135
v 0.491624 -0.020199 0.077757
v 0.487578 -0.024299 0.079398
v 0.488550 -0.033733 0.077639
v 0.491646 -0.032452 0.074095
v 0.498900 -0.028613 0.072451
v 0.486713 -0.022464 0.079349
v 0.481585 -0.024610 0.082608
v 0.485383 -0.036418 0.079013
v 0.487567 -0.035357 0.075667
v 0.480243 -0.022599 0.082698
v 0.484005 -0.038107 0.077372
v 0.467403 -0.024030 0.086086
v 0.466019 -0.026477 0.087480
v 0.509075 -0.021043 0.072576
v 0.467595 -0.024454 0.086927
v 0.500508 0.005127 0.076172
v 0.502431 -0.000358 0.078154
v 0.502411 -0.006119 0.077882
v 0.503607 -0.013974 0.078440
v 0.503148 -0.014654 0.078240
v 0.501450 -0.018386 0.077573
v 0.500524 -0.019566 0.077554
v 0.495311 -0.020970 0.078330
v 0.491678 -0.021227 0.078695
v 0.486870 -0.023293 0.080540
v 0.480091 -0.023430 0.083817
v 0.482764 -0.008035 0.089023
v 0.492475 -0.010553 0.085920
v 0.492044 -0.000294 0.083609
v 0.481984 -0.000243 0.088237
v 0.481551 -0.018011 0.088906
v 0.491071 -0.018584 0.085358
v 0.496894 -0.008353 0.083313
v 0.495987 -0.000325 0.081132
v 0.492433 0.010032 0.085601
v 0.482732 0.007573 0.088779
v 0.468895 0.009454 0.095253
v 0.481054 -0.018969 0.088141
v 0.490051 -0.020576 0.084131
v 0.495529 -0.017033 0.082108
v 0.481404 -0.022281 0.086145
v 0.489370 -0.022263 0.081571
v 0.493275 -0.020779 0.079585
v 0.494741 -0.020003 0.081934
v 0.501608 -0.000260 0.084545
v 0.502643 -0.007656 0.084322
v 0.504388 -0.006715 0.083234
v 0.503254 -0.000272 0.083546
v 0.502055 -0.014023 0.083739
v 0.503584 -0.013981 0.082815
v 0.504780 -0.007418 0.081941
v 0.503614 -0.000289 0.082465
v 0.504363 0.006162 0.083034
v 0.502614 0.007127 0.084092
v 0.498929 -0.016730 0.082102
v 0.501563 -0.016764 0.081111
v 0.504893 -0.014349 0.081686
v 0.497354 -0.021019 0.079221
v 0.501271 -0.020566 0.079199
v 0.503134 -0.017075 0.080143
v 0.496862 0.007769 0.083061
v 0.505047 -0.014336 0.080109
v 0.504469 -0.007070 0.080003
v 0.503629 -0.000321 0.080376
v 0.504751 0.006825 0.081720
v 0.503609 -0.016477 0.079347
v 0.502387 0.005390 0.077703
v 0.504442 0.006416 0.079793
v 0.459312 0.024444 0.101464
v 0.469069 0.025588 0.101867
v 0.474353 0.027102 0.102206
v 0.482916 0.023354 0.099771
v 0.455600 0.032430 0.091911
v 0.459055 0.023864 0.100273
v 0.460115 0.028523 0.100001
v 0.476592 0.035828 0.093357
v 0.459312 0.028464 0.098813
v 0.457435 0.030037 0.091235
v 0.482992 0.031963 0.090858
v 0.492207 0.028861 0.087755
v 0.503582 0.025071 0.076274
v 0.497082 0.028454 0.085334
v 0.501732 0.012595 0.077019
v 0.499633 0.017158 0.076204
v 0.492683 0.020432 0.093964
v 0.500726 0.019577 0.088337
v 0.511723 0.016578 0.080574
v 0.511575 0.012908 0.073962
v 0.469305 0.019295 0.094722
v 0.469270 0.022232 0.093012
v 0.468271 0.022607 0.089362
v 0.495463 0.018782 0.076809
v 0.491544 0.019417 0.077142
v 0.486624 0.021710 0.078663
v 0.480154 0.021921 0.082005
v 0.467306 0.023406 0.085349
v 0.465912 0.025889 0.086667
v 0.467497 0.023858 0.086177
v 0.503552 0.013265 0.078017
v 0.501377 0.017639 0.077012
v 0.503089 0.013937 0.077796
v 0.495228 0.020221 0.077690
v 0.500446 0.018814 0.076958
v 0.491593 0.020473 0.078048
v 0.486776 0.022575 0.079827
v 0.479996 0.022788 0.083098
v 0.490997 0.018036 0.084788
v 0.481480 0.017535 0.088354
v 0.495461 0.016402 0.081588
v 0.489968 0.019986 0.083501
v 0.480978 0.018467 0.087559
v 0.489280 0.021588 0.080890
v 0.481315 0.021717 0.085461
v 0.494660 0.019363 0.081323
v 0.493192 0.020061 0.078952
v 0.503528 0.013406 0.082390
v 0.501999 0.013472 0.083313
v 0.504838 0.013744 0.081248
v 0.501495 0.016129 0.080599
v 0.498863 0.016115 0.081591
v 0.501188 0.019868 0.078570
v 0.497271 0.020304 0.078578
v 0.503065 0.016416 0.079623
v 0.504990 0.013684 0.079673
v 0.503543 0.015794 0.078845
v 0.514854 -0.010144 0.068452
v 0.517073 -0.011539 0.069286
v 0.509577 -0.021599 0.071649
v 0.499522 -0.029194 0.071804
v 0.507338 -0.020330 0.066823
v 0.491962 -0.033234 0.073181
v 0.496875 -0.029071 0.068002
v 0.487938 -0.035792 0.074961
v 0.488678 -0.033506 0.069971
v 0.484351 -0.039052 0.076515
v 0.483802 -0.037185 0.071529
v 0.481009 -0.042050 0.078333
v 0.480252 -0.040041 0.072652
v 0.474861 -0.044136 0.073943
v 0.469261 -0.049605 0.076537
v 0.468651 -0.055319 0.085917
v 0.485192 -0.046232 0.083866
v 0.480623 -0.051091 0.090648
v 0.493506 -0.040681 0.078999
v 0.501891 -0.035264 0.072654
v 0.510478 -0.024824 0.068513
v 0.486110 -0.041299 0.175057
v 0.478834 -0.040382 0.184208
v 0.471712 -0.050755 0.182394
v 0.479637 -0.050561 0.173953
v 0.492342 -0.031943 0.173663
v 0.486090 -0.029574 0.183590
v 0.470218 -0.038106 0.194313
v 0.462202 -0.049327 0.191564
v 0.465894 -0.059679 0.177865
v 0.474481 -0.058226 0.170496
v 0.487110 -0.049324 0.166135
v 0.492876 -0.041740 0.166125
v 0.497560 -0.033761 0.164506
v 0.496945 -0.024740 0.170307
v 0.491053 -0.022538 0.180852
v 0.476744 -0.027138 0.193826
v 0.500780 -0.027511 0.161405
v 0.500522 -0.018565 0.166228
v 0.494457 -0.015086 0.176993
v 0.481173 -0.020524 0.191809
v 0.502572 -0.022050 0.158102
v 0.485221 -0.012503 0.188940
v 0.456443 -0.058922 0.186282
v 0.461602 -0.067154 0.172370
v 0.470576 -0.064621 0.166130
v 0.482484 -0.055514 0.163435
v 0.459224 -0.073232 0.165210
v 0.468597 -0.069408 0.160435
v 0.451068 -0.068516 0.179425
v 0.447986 -0.076022 0.169555
v 0.458736 -0.076507 0.155036
v 0.468126 -0.071793 0.152574
v 0.476931 -0.064510 0.155450
v 0.478966 -0.060779 0.159825
v 0.447328 -0.080143 0.157253
v 0.459755 -0.077524 0.144742
v 0.468805 -0.072455 0.144317
v 0.476086 -0.066367 0.149751
v 0.463538 -0.075174 0.134871
v 0.470530 -0.071492 0.138759
v 0.447666 -0.081896 0.144775
v 0.454415 -0.078432 0.130846
v 0.470473 -0.070093 0.125756
v 0.476418 -0.067224 0.130383
v 0.476146 -0.066730 0.143364
v 0.473777 -0.010549 0.200163
v 0.504025 -0.018236 0.153769
v 0.503249 -0.024851 0.152375
v 0.504711 -0.021183 0.148049
v 0.505502 -0.015228 0.147476
v 0.502543 -0.029606 0.155200
v 0.502678 -0.026262 0.148713
v 0.503655 -0.023160 0.143582
v 0.504990 -0.017631 0.139756
v 0.501924 -0.030208 0.151817
v 0.501358 -0.026489 0.146836
v 0.502621 -0.020286 0.135927
v 0.394321 -0.064708 0.185035
v 0.395781 -0.065671 0.181738
v 0.398506 -0.059939 0.184857
v 0.396129 -0.059062 0.189911
v 0.394208 -0.069797 0.183764
v 0.396034 -0.071889 0.179626
v 0.398839 -0.069969 0.178879
v 0.402640 -0.064043 0.181501
v 0.403097 -0.054905 0.189776
v 0.400602 -0.054221 0.195060
v 0.395612 -0.060282 0.194805
v 0.394061 -0.065926 0.188828
v 0.409564 -0.050578 0.196476
v 0.407754 -0.050194 0.200467
v 0.407373 -0.058410 0.186709
v 0.413060 -0.053080 0.194489
v 0.417418 -0.047129 0.202828
v 0.416201 -0.046994 0.205577
v 0.407249 -0.051026 0.204487
v 0.400002 -0.055314 0.200030
v 0.426658 -0.044562 0.208830
v 0.425938 -0.044613 0.210391
v 0.420254 -0.048584 0.201723
v 0.428951 -0.044929 0.208412
v 0.432971 -0.043052 0.212338
v 0.432318 -0.042957 0.213499
v 0.424099 -0.045563 0.211718
v 0.414110 -0.047849 0.207498
v 0.401215 -0.084248 0.177583
v 0.396583 -0.078063 0.188598
v 0.396622 -0.081032 0.191244
v 0.402258 -0.088570 0.176214
v 0.399253 -0.078594 0.178541
v 0.395777 -0.074319 0.186106
v 0.395592 -0.072338 0.196922
v 0.395815 -0.074983 0.200261
v 0.397401 -0.083874 0.194323
v 0.403615 -0.091740 0.175094
v 0.403435 -0.090299 0.172434
v 0.403091 -0.087408 0.172069
v 0.438947 -0.040064 0.215805
v 0.440152 -0.040884 0.214066
v 0.445826 -0.036000 0.215565
v 0.442377 -0.041215 0.212676
v 0.448189 -0.036022 0.214193
v 0.445872 -0.037232 0.219501
v 0.438479 -0.041184 0.219607
v 0.414664 -0.049479 0.211241
v 0.408050 -0.053072 0.208536
v 0.427046 -0.045181 0.213980
v 0.417155 -0.049723 0.213781
v 0.401298 -0.058187 0.204690
v 0.396957 -0.063604 0.199541
v 0.408976 -0.054882 0.211978
v 0.402514 -0.060661 0.208568
v 0.395005 -0.069319 0.193112
v 0.398059 -0.066482 0.203543
v 0.403515 -0.077617 0.176441
v 0.408522 -0.071375 0.179840
v 0.413430 -0.064735 0.185864
v 0.407903 -0.082763 0.174337
v 0.413576 -0.076875 0.178097
v 0.418239 -0.057698 0.194507
v 0.424701 -0.051357 0.202267
v 0.418587 -0.070074 0.184445
v 0.422939 -0.062360 0.193380
v 0.432819 -0.045713 0.209141
v 0.428704 -0.054829 0.201364
v 0.435882 -0.047484 0.208399
v 0.429431 -0.044632 0.215849
v 0.418625 -0.050426 0.216206
v 0.429728 -0.046291 0.219688
v 0.419620 -0.052548 0.219739
v 0.410031 -0.056460 0.214812
v 0.403648 -0.062734 0.211665
v 0.411406 -0.058815 0.218350
v 0.405090 -0.065093 0.215514
v 0.398917 -0.068912 0.206809
v 0.400245 -0.071406 0.210832
v 0.396854 -0.077742 0.204318
v 0.378655 -0.076181 0.178963
v 0.377241 -0.070206 0.187270
v 0.381178 -0.081798 0.171157
v 0.384282 -0.077812 0.182515
v 0.382749 -0.072033 0.190619
v 0.377210 -0.063053 0.195939
v 0.421597 -0.061086 0.231897
v 0.427979 -0.055627 0.233449
v 0.429831 -0.062693 0.243554
v 0.423990 -0.067551 0.242289
v 0.420140 -0.056085 0.224382
v 0.427944 -0.050157 0.225494
v 0.435341 -0.051059 0.234386
v 0.436335 -0.058379 0.244381
v 0.432231 -0.069375 0.254225
v 0.427242 -0.074011 0.253938
v 0.418712 -0.072097 0.240301
v 0.415539 -0.066372 0.229908
v 0.426582 -0.085317 0.166077
v 0.422134 -0.083354 0.172265
v 0.416198 -0.087443 0.168134
v 0.420424 -0.088844 0.161091
v 0.431991 -0.081053 0.172189
v 0.427312 -0.078084 0.178370
v 0.417800 -0.080542 0.176272
v 0.412026 -0.085417 0.172547
v 0.410610 -0.090811 0.164295
v 0.413750 -0.092009 0.155842
v 0.424718 -0.089026 0.151491
v 0.430923 -0.086093 0.158377
v 0.419133 -0.082071 0.249696
v 0.422876 -0.078244 0.252429
v 0.428035 -0.084814 0.266287
v 0.425210 -0.088714 0.263776
v 0.413998 -0.076330 0.237596
v 0.431357 -0.080466 0.266848
v 0.430203 -0.087908 0.273500
v 0.427758 -0.091852 0.271116
v 0.420787 -0.092600 0.256756
v 0.414583 -0.086404 0.242948
v 0.435176 -0.075674 0.265459
v 0.436306 -0.078285 0.271324
v 0.433053 -0.083386 0.273568
v 0.436522 -0.064748 0.252774
v 0.438885 -0.070968 0.263171
v 0.443097 -0.060931 0.253191
v 0.443499 -0.054611 0.244766
v 0.444567 -0.060779 0.255121
v 0.440145 -0.070748 0.265176
v 0.443684 -0.047388 0.234708
v 0.448320 -0.044964 0.234904
v 0.447293 -0.052183 0.245029
v 0.436056 -0.045328 0.226128
v 0.444474 -0.041595 0.226285
v 0.403466 -0.091695 0.209082
v 0.405894 -0.096235 0.188833
v 0.404755 -0.095118 0.180592
v 0.400935 -0.089194 0.202764
v 0.405414 -0.094224 0.212949
v 0.406874 -0.097394 0.197260
v 0.404828 -0.097122 0.183891
v 0.403550 -0.095838 0.176927
v 0.404165 -0.094130 0.172764
v 0.398922 -0.086592 0.197838
v 0.401355 -0.083707 0.215011
v 0.404753 -0.086982 0.222111
v 0.402320 -0.042962 0.221361
v 0.391918 -0.050395 0.218074
v 0.400438 -0.058580 0.227174
v 0.410090 -0.051703 0.231287
v 0.395593 -0.037462 0.216114
v 0.385571 -0.046389 0.212666
v 0.386371 -0.058395 0.212584
v 0.395526 -0.066534 0.223117
v 0.411229 -0.068050 0.241971
v 0.419118 -0.061306 0.245256
v 0.421737 -0.045343 0.232807
v 0.415649 -0.036485 0.223431
v 0.434365 -0.039677 0.231628
v 0.430919 -0.031570 0.223250
v 0.427340 -0.024402 0.219342
v 0.407509 -0.028172 0.219392
v 0.428189 -0.054397 0.244962
v 0.438439 -0.047325 0.241086
v 0.443822 -0.036612 0.229884
v 0.442557 -0.029605 0.221601
v 0.444544 -0.042501 0.236979
v 0.446854 -0.049461 0.244458
v 0.448641 -0.042116 0.234225
v 0.442484 -0.055187 0.250697
v 0.447712 -0.051098 0.245175
v 0.449245 -0.043795 0.234975
v 0.448542 -0.037104 0.227630
v 0.403170 -0.010191 0.218483
v 0.420833 -0.010365 0.219250
v 0.405061 -0.018550 0.218935
v 0.423560 -0.017558 0.219009
v 0.438158 -0.010470 0.218303
v 0.449338 -0.010450 0.215381
v 0.440806 -0.017188 0.217676
v 0.451311 -0.018216 0.214925
v 0.461250 -0.010340 0.209316
v 0.442538 -0.024750 0.217006
v 0.393631 -0.094506 0.143551
v 0.399851 -0.095650 0.146238
v 0.400341 -0.094417 0.158391
v 0.395561 -0.093694 0.157162
v 0.395306 -0.093251 0.130214
v 0.402195 -0.094930 0.134060
v 0.406543 -0.094817 0.150356
v 0.405352 -0.093455 0.160775
v 0.401166 -0.094150 0.166711
v 0.397180 -0.093667 0.166207
v 0.386352 -0.090660 0.153435
v 0.384806 -0.091397 0.140118
v 0.427274 -0.078200 0.101360
v 0.415794 -0.086681 0.110865
v 0.408522 -0.084430 0.106123
v 0.419219 -0.076739 0.096954
v 0.434442 -0.078381 0.105255
v 0.422942 -0.086992 0.115385
v 0.407445 -0.092252 0.121743
v 0.400554 -0.089925 0.117189
v 0.400772 -0.081296 0.101280
v 0.410428 -0.074064 0.092521
v 0.427665 -0.070120 0.089885
v 0.435970 -0.071244 0.093521
v 0.433873 -0.064555 0.084856
v 0.442442 -0.065409 0.086885
v 0.451857 -0.064552 0.088883
v 0.443300 -0.071293 0.096716
v 0.417959 -0.067235 0.085643
v 0.423550 -0.060819 0.080775
v 0.442089 -0.057835 0.077957
v 0.452350 -0.058026 0.079400
v 0.385402 -0.087649 0.162874
v 0.387080 -0.090050 0.126559
v 0.393180 -0.086622 0.112759
v 0.459824 -0.043913 0.064668
v 0.452376 -0.049488 0.069175
v 0.436453 -0.048851 0.070000
v 0.459429 -0.031749 0.060282
v 0.466600 -0.039436 0.063458
v 0.467977 -0.045495 0.070047
v 0.461762 -0.050813 0.073293
v 0.460737 -0.019177 0.209563
v 0.471042 -0.019326 0.201400
v 0.466940 -0.027067 0.202933
v 0.442160 -0.067938 0.186829
v 0.439701 -0.078944 0.172203
v 0.462312 -0.036587 0.202402
v 0.458804 -0.027139 0.209776
v 0.457464 -0.032207 0.209572
v 0.450639 -0.026825 0.214597
v 0.453320 -0.030406 0.213989
v 0.454971 -0.037078 0.208269
v 0.409650 -0.094451 0.138975
v 0.417631 -0.091811 0.145018
v 0.408395 -0.089067 0.169538
v 0.404106 -0.091632 0.167002
v 0.414669 -0.092354 0.126640
v 0.422258 -0.090214 0.131819
v 0.429953 -0.085370 0.119694
v 0.430286 -0.087654 0.137684
v 0.440722 -0.077281 0.108637
v 0.447597 -0.075750 0.111785
v 0.437680 -0.083310 0.122664
v 0.449657 -0.070263 0.099469
v 0.461095 -0.062366 0.091329
v 0.469655 -0.060689 0.095295
v 0.456222 -0.069072 0.102958
v 0.460465 -0.056720 0.081851
v 0.386431 -0.074032 0.197976
v 0.388751 -0.080228 0.191564
v 0.393532 -0.084680 0.200896
v 0.392520 -0.079789 0.208301
v 0.386055 -0.078494 0.185084
v 0.391954 -0.086157 0.185406
v 0.395461 -0.089309 0.193684
v 0.398398 -0.090356 0.209801
v 0.398990 -0.087237 0.219866
v 0.392722 -0.073547 0.215261
v 0.385254 -0.066573 0.204989
v 0.400970 -0.082621 0.228448
v 0.404285 -0.076478 0.235590
v 0.380049 -0.055681 0.205589
v 0.380673 -0.064123 0.199259
v 0.425634 -0.078063 0.264407
v 0.429892 -0.071551 0.263130
v 0.406708 -0.071950 0.239722
v 0.422783 -0.082578 0.264575
v 0.432327 -0.082769 0.274102
v 0.435620 -0.077208 0.271820
v 0.435701 -0.064059 0.258841
v 0.439686 -0.069510 0.265578
v 0.444527 -0.059669 0.255376
v 0.429507 -0.054696 0.075640
v 0.420331 -0.086208 0.262444
v 0.426776 -0.091490 0.271717
v 0.429380 -0.087528 0.274064
v 0.417472 -0.090730 0.258008
v 0.403897 -0.098195 0.218624
v 0.407109 -0.097659 0.234367
v 0.406915 -0.100878 0.221312
v 0.410297 -0.100660 0.238186
v 0.411653 -0.095176 0.247556
v 0.398236 -0.092320 0.201288
v 0.402065 -0.098259 0.206778
v 0.405074 -0.077264 0.222510
v 0.409346 -0.081292 0.231532
v 0.409804 -0.071485 0.227476
v 0.409226 -0.091237 0.232184
v 0.398704 -0.080620 0.209093
v 0.402041 -0.073967 0.215611
v 0.448520 -0.031854 0.220351
v 0.450348 -0.037945 0.226469
v 0.451017 -0.033545 0.219654
v 0.449285 -0.028964 0.216222
v 0.450051 -0.034686 0.219516
v 0.449238 -0.039133 0.226400
v 0.422844 -0.074422 0.182456
v 0.427160 -0.067061 0.191103
v 0.431727 -0.071625 0.186452
v 0.432258 -0.059001 0.199012
v 0.404304 -0.086918 0.171327
v 0.452009 -0.031032 0.215496
v 0.451399 -0.032628 0.215133
v 0.453287 -0.032668 0.213331
v 0.450465 -0.036789 0.212201
v 0.402330 -0.094848 0.171202
v 0.398511 -0.094425 0.170646
v 0.394118 -0.090566 0.173886
v 0.392065 -0.089667 0.169555
v 0.403148 -0.093672 0.167797
v 0.399973 -0.095468 0.176368
v 0.422102 -0.095241 0.264561
v 0.423295 -0.095546 0.263963
v 0.409329 -0.101144 0.221016
v 0.412156 -0.100853 0.237720
v 0.404485 -0.100096 0.206393
v 0.407310 -0.100409 0.206336
v 0.409224 -0.099635 0.219418
v 0.411776 -0.099312 0.236037
v 0.416811 -0.098986 0.252035
v 0.415360 -0.098780 0.252603
v 0.403067 -0.098335 0.193380
v 0.406073 -0.098641 0.193701
v 0.400543 -0.096495 0.193590
v 0.401563 -0.096793 0.183374
v 0.408006 -0.099158 0.209719
v 0.398420 -0.093972 0.187032
v 0.396043 -0.091924 0.179673
v 0.406137 -0.094388 0.219970
v 0.387516 -0.083690 0.175939
v 0.389514 -0.084408 0.179453
v 0.402895 -0.092122 0.167743
v 0.403817 -0.092822 0.172588
v 0.444131 -0.042959 0.210552
v 0.448211 -0.044997 0.206101
v 0.438145 -0.050245 0.206190
v 0.414767 -0.096473 0.245230
v 0.407503 -0.094775 0.225869
v 0.413104 -0.061945 0.222589
v 0.406833 -0.067739 0.220116
v 0.436649 -0.076049 0.179430
v 0.434922 -0.083217 0.165383
v 0.436746 -0.063373 0.194168
v 0.439180 -0.082492 0.159834
v 0.437197 -0.085285 0.146089
v 0.445455 -0.081414 0.126838
v 0.463608 -0.071948 0.120525
v 0.455071 -0.073790 0.114697
v 0.465546 -0.066984 0.108360
v 0.475830 -0.059770 0.101638
v 0.476634 -0.054481 0.092022
v 0.483063 -0.052791 0.096226
v 0.481399 -0.058427 0.107181
v 0.472024 -0.065537 0.113075
v 0.448525 -0.056718 0.194387
v 0.442359 -0.053322 0.201518
v 0.454613 -0.047332 0.199323
v 0.478902 -0.064307 0.118795
v 0.486365 -0.055623 0.112554
v 0.484748 -0.060443 0.123948
v 0.510372 -0.011605 0.128860
v 0.500241 -0.028511 0.117046
v 0.499787 -0.029792 0.122377
v 0.497492 -0.037090 0.123034
v 0.497849 -0.037705 0.117654
v 0.502543 -0.019676 0.116461
v 0.501595 -0.020522 0.122978
v 0.498313 -0.030306 0.126045
v 0.496429 -0.035906 0.126973
v 0.494483 -0.044464 0.124601
v 0.493102 -0.048129 0.120773
v 0.499709 -0.036250 0.111035
v 0.500978 -0.027788 0.114068
v 0.474437 -0.040811 0.068578
v 0.479062 -0.037746 0.068107
v 0.472719 -0.036114 0.062960
v 0.485142 -0.033129 0.066755
v 0.493847 -0.027971 0.064335
v 0.480840 -0.031617 0.061343
v 0.488580 -0.025657 0.058636
v 0.503803 -0.018680 0.062186
v 0.495824 -0.017134 0.056341
v 0.462869 -0.022641 0.058151
v 0.486766 -0.018439 0.055378
v 0.476886 -0.021249 0.055501
v 0.478903 -0.027366 0.058293
v 0.467459 -0.029985 0.060141
v 0.508232 -0.012572 0.137573
v 0.500514 -0.034983 0.157456
v 0.505023 -0.015014 0.131436
v 0.506374 -0.014206 0.122220
v 0.510639 -0.020362 0.108555
v 0.495568 -0.042922 0.114219
v 0.492749 -0.048096 0.108908
v 0.497805 -0.044143 0.104391
v 0.499167 -0.038506 0.109133
v 0.491205 -0.051487 0.117309
v 0.488305 -0.051605 0.102739
v 0.494119 -0.046698 0.097429
v 0.507448 -0.037888 0.095920
v 0.509391 -0.033231 0.100479
v 0.509993 -0.027589 0.104237
v 0.516855 -0.028929 0.092517
v 0.502798 -0.040804 0.089800
v 0.497193 -0.041720 0.083808
v 0.505343 -0.036157 0.075873
v 0.510505 -0.035622 0.081483
v 0.489258 -0.047379 0.090329
v 0.512923 -0.025906 0.071083
v 0.517969 -0.026054 0.075576
v 0.514714 -0.033136 0.087740
v 0.481441 -0.061872 0.135194
v 0.492110 -0.047894 0.159389
v 0.496573 -0.041737 0.159102
v 0.487338 -0.056259 0.127662
v 0.501755 -0.019863 0.131561
v 0.501847 -0.017847 0.129915
v 0.500481 -0.020424 0.128693
v 0.500590 -0.019466 0.126677
v 0.502404 -0.017732 0.128294
v 0.482240 -0.060551 0.152015
v 0.484539 -0.057333 0.155050
v 0.500372 -0.035412 0.153800
v 0.487783 -0.053069 0.157649
v 0.497365 -0.041220 0.154766
v 0.481453 -0.061886 0.148080
v 0.481700 -0.061938 0.143664
v 0.489027 -0.053194 0.130907
v 0.501206 -0.019091 0.125456
v 0.485446 -0.057624 0.137296
v 0.500071 -0.023143 0.125422
v 0.498726 -0.023086 0.127090
v 0.494446 -0.041568 0.127980
v 0.527144 -0.011948 0.081997
v 0.524324 -0.013133 0.077543
v 0.524959 -0.021740 0.085096
v 0.522041 -0.024867 0.081035
v 0.521095 -0.012567 0.072679
v -0.187181 0.119342 -0.090218
v -0.192382 0.119302 -0.069684
v -0.176022 0.119956 -0.067337
v -0.174949 0.120120 -0.090710
v -0.199320 0.118780 -0.095476
v -0.216336 0.117355 -0.100622
v -0.227130 0.116279 -0.082173
v -0.207607 0.118533 -0.074471
v -0.140862 0.113568 -0.101865
v -0.132724 0.112651 -0.072724
v -0.126014 0.105425 -0.079997
v -0.133917 0.103945 -0.109880
v -0.251529 0.094844 -0.113067
v -0.267385 0.093339 -0.098968
v -0.259197 0.101640 -0.095118
v -0.244592 0.102066 -0.110115
v -0.236561 0.055823 -0.121407
v -0.209849 0.061198 -0.128847
v -0.207783 0.056184 -0.113641
v -0.235652 0.051417 -0.108119
v -0.190796 0.065836 -0.130088
v -0.164256 0.074317 -0.126789
v -0.155848 0.073117 -0.107469
v -0.183763 0.062093 -0.112768
v -0.255667 0.054466 -0.117592
v -0.257543 0.050470 -0.105443
v -0.272995 0.053080 -0.103327
v -0.268284 0.056936 -0.115745
v -0.145127 0.081894 -0.121945
v -0.136641 0.080944 -0.098932
v -0.133275 0.090652 -0.116102
v -0.122979 0.089456 -0.088505
v -0.229030 0.113886 -0.103719
v -0.240878 0.112756 -0.088859
v -0.149255 0.117646 -0.097019
v -0.145272 0.117407 -0.068163
v -0.123486 0.099297 -0.084187
v -0.159905 0.118717 -0.095049
v -0.160253 0.118746 -0.066649
v -0.256017 0.090456 -0.116676
v -0.271970 0.085478 -0.101443
v -0.260351 0.085312 -0.115943
v -0.273377 0.069089 -0.116091
v -0.285179 0.066370 -0.100710
v -0.280648 0.074930 -0.101188
v -0.267904 0.076863 -0.116925
v -0.274658 0.061203 -0.115191
v -0.284783 0.057465 -0.100287
v -0.298992 0.055086 -0.085253
v -0.301469 0.064630 -0.084082
v -0.298967 0.073462 -0.083827
v -0.292965 0.048719 -0.087403
v -0.313935 0.050475 -0.069128
v -0.318342 0.060833 -0.065929
v -0.346287 0.049327 -0.024404
v -0.342297 0.032964 -0.029542
v -0.344636 0.059358 -0.018628
v -0.334489 0.056159 -0.046071
v -0.329824 0.044582 -0.050803
v -0.329999 0.020012 -0.036964
v -0.333560 0.065814 -0.042508
v -0.316992 0.069843 -0.064155
v -0.304661 0.042538 -0.073795
v -0.318134 0.032244 -0.057155
v -0.263389 0.043766 -0.093827
v -0.281130 0.046428 -0.090835
v -0.241835 0.044263 -0.097215
v -0.270577 0.036445 -0.082443
v -0.290831 0.039118 -0.078092
v -0.276569 0.023800 -0.067592
v -0.301757 0.026336 -0.062815
v -0.246948 0.036673 -0.084400
v -0.250503 0.023890 -0.070526
v -0.281105 0.014287 -0.053310
v -0.310616 0.015492 -0.044659
v -0.289359 0.088242 -0.082224
v -0.309193 0.085265 -0.061421
v -0.264325 0.108864 0.012727
v -0.291995 0.103744 0.009204
v -0.248558 0.112977 -0.014203
v -0.278832 0.108048 -0.017920
v -0.310354 0.098246 0.005990
v -0.239391 0.111416 0.013247
v -0.337042 0.074552 -0.008135
v -0.327703 0.085926 0.000045
v -0.326081 0.081047 -0.033616
v -0.317257 0.091931 -0.025485
v -0.300789 0.096340 -0.053008
v -0.228626 0.115856 -0.036680
v -0.260052 0.111338 -0.042256
v -0.280871 0.106625 -0.045688
v -0.298681 0.103014 -0.020328
v -0.221000 0.115461 -0.011622
v -0.208626 0.117634 -0.031127
v -0.216879 0.117467 -0.055396
v -0.240948 0.113913 -0.063400
v -0.281029 0.099554 -0.076614
v -0.261187 0.109733 -0.068270
v -0.205059 0.113173 0.013558
v -0.174069 0.113775 0.020319
v -0.149949 0.112919 0.021397
v -0.165955 0.117215 -0.002167
v -0.193955 0.117010 -0.007780
v -0.162540 0.118075 -0.024654
v -0.185823 0.118725 -0.028255
v -0.143920 0.116101 -0.000451
v -0.142295 0.116694 -0.022506
v -0.160639 0.118546 -0.046252
v -0.179865 0.119714 -0.048133
v -0.199138 0.118910 -0.050402
v -0.143084 0.116944 -0.044662
v -0.120384 0.102872 0.009792
v -0.130929 0.108546 0.016532
v -0.118141 0.104836 -0.010056
v -0.126909 0.111236 -0.003812
v -0.118932 0.104347 -0.031142
v -0.126206 0.111378 -0.024855
v -0.113162 0.100569 -0.013738
v -0.113689 0.099782 -0.033596
v -0.120885 0.104875 -0.054704
v -0.128302 0.111723 -0.047151
v -0.116776 0.097124 -0.060125
v -0.119508 0.088298 -0.053625
v -0.113251 0.095417 -0.042471
v -0.115389 0.093622 -0.036452
v -0.119527 0.087979 -0.047614
v -0.119547 0.088695 -0.066337
v -0.113307 0.097391 -0.026487
v -0.125061 0.082063 -0.053596
v -0.123844 0.084048 -0.059378
v -0.128295 0.082308 -0.075818
v -0.177431 0.051531 -0.078114
v -0.203905 0.036928 -0.076732
v -0.200772 0.044733 -0.088238
v -0.177399 0.055236 -0.088853
v -0.174648 0.048577 -0.071690
v -0.205463 0.028874 -0.068807
v -0.224935 0.026882 -0.072876
v -0.220321 0.040081 -0.086676
v -0.196698 0.050603 -0.099091
v -0.178930 0.058692 -0.099692
v -0.150645 0.068134 -0.080875
v -0.152026 0.064427 -0.071845
v -0.208525 0.018559 -0.064645
v -0.199396 0.021546 -0.064650
v -0.228389 0.014542 -0.062597
v -0.190290 0.036336 -0.068128
v -0.151519 0.070987 -0.092727
v -0.137208 0.077671 -0.084444
v -0.253126 0.013976 -0.058986
v -0.214374 0.047741 -0.098652
v -0.128837 0.080302 -0.064013
v -0.137306 0.075179 -0.072695
v -0.131723 0.076799 -0.058849
v -0.139907 0.071368 -0.065583
v -0.269890 0.083283 -0.170971
v -0.274658 0.083558 -0.185248
v -0.274709 0.079545 -0.185583
v -0.270092 0.078846 -0.171434
v -0.267218 0.086784 -0.171461
v -0.272630 0.086774 -0.185762
v -0.277914 0.083895 -0.195061
v -0.277882 0.080037 -0.195314
v -0.271742 0.075851 -0.188185
v -0.267303 0.074770 -0.173800
v -0.266576 0.078175 -0.156869
v -0.265882 0.083237 -0.155926
v -0.262456 0.077578 -0.143501
v -0.261235 0.083459 -0.141847
v -0.258031 0.087774 -0.140603
v -0.262867 0.087103 -0.155302
v -0.263859 0.072899 -0.158427
v -0.260412 0.071411 -0.144839
v -0.260464 0.077002 -0.130777
v -0.258698 0.083840 -0.128672
v -0.251155 0.090904 -0.128224
v -0.256282 0.088112 -0.129324
v -0.252884 0.090523 -0.139789
v -0.246667 0.095062 -0.124738
v -0.257076 0.089804 -0.155649
v -0.247303 0.095066 -0.138749
v -0.250988 0.093982 -0.156402
v -0.262142 0.089349 -0.172803
v -0.268626 0.089189 -0.187125
v -0.256451 0.093278 -0.173891
v -0.263749 0.093001 -0.188709
v -0.273404 0.089136 -0.196456
v -0.276410 0.086921 -0.195434
v -0.183572 0.116973 -0.121756
v -0.198922 0.116699 -0.120147
v -0.168477 0.115868 -0.128133
v -0.214388 0.115926 -0.117555
v -0.206232 0.112771 -0.143408
v -0.218317 0.113386 -0.139589
v -0.225277 0.112990 -0.118270
v -0.219459 0.108766 -0.166561
v -0.227320 0.110290 -0.162087
v -0.233910 0.108901 -0.159271
v -0.227794 0.111414 -0.137570
v -0.195655 0.111821 -0.148560
v -0.212200 0.107484 -0.171720
v -0.230378 0.106255 -0.186443
v -0.236155 0.108278 -0.181891
v -0.239750 0.104336 -0.204246
v -0.244807 0.106782 -0.199293
v -0.249602 0.106221 -0.195828
v -0.241218 0.107225 -0.178582
v -0.224739 0.104378 -0.191093
v -0.234915 0.101701 -0.208707
v -0.244959 0.102980 -0.213727
v -0.249716 0.105522 -0.208986
v -0.219216 0.102560 -0.196656
v -0.230187 0.098930 -0.212718
v -0.205530 0.106348 -0.177582
v -0.214636 0.099112 -0.201529
v -0.225845 0.095077 -0.215586
v -0.235123 0.097303 -0.221008
v -0.239935 0.100196 -0.217673
v -0.156352 0.112225 -0.133591
v -0.149013 0.103535 -0.139745
v -0.161436 0.115319 -0.130074
v -0.148785 0.090000 -0.144461
v -0.171913 0.099951 -0.165855
v -0.179319 0.107688 -0.160422
v -0.194165 0.095812 -0.186982
v -0.199947 0.103519 -0.182332
v -0.186583 0.110522 -0.155049
v -0.171353 0.087222 -0.169185
v -0.192191 0.084325 -0.188697
v -0.209729 0.091128 -0.205637
v -0.220814 0.086906 -0.217854
v -0.207720 0.080524 -0.206095
v -0.219479 0.076468 -0.217732
v -0.225649 0.084908 -0.225728
v -0.230687 0.093247 -0.223558
v -0.239900 0.101972 -0.122457
v -0.241307 0.101402 -0.137529
v -0.244925 0.099633 -0.157166
v -0.250615 0.098551 -0.175067
v -0.258024 0.098301 -0.190613
v -0.262950 0.097999 -0.199701
v -0.268906 0.092857 -0.197899
v -0.248938 0.060566 -0.208421
v -0.236206 0.060807 -0.214031
v -0.225311 0.063109 -0.199003
v -0.239042 0.061661 -0.193165
v -0.253384 0.060831 -0.215339
v -0.242026 0.060371 -0.221745
v -0.225177 0.067103 -0.215991
v -0.213574 0.070561 -0.202898
v -0.214435 0.064985 -0.182217
v -0.232024 0.061566 -0.176845
v -0.247720 0.063421 -0.188773
v -0.255184 0.063400 -0.202830
v -0.199978 0.066417 -0.164469
v -0.224319 0.060856 -0.158900
v -0.238470 0.060228 -0.154763
v -0.242747 0.062051 -0.172186
v -0.199549 0.073636 -0.185870
v -0.180917 0.075672 -0.168423
v -0.188834 0.066311 -0.146639
v -0.218984 0.059222 -0.141171
v -0.236149 0.057925 -0.137288
v -0.167436 0.074199 -0.147781
v -0.155160 0.080990 -0.146710
v -0.255128 0.067249 -0.183205
v -0.260101 0.068469 -0.197590
v -0.261537 0.071046 -0.178046
v -0.265846 0.072570 -0.192859
v -0.265613 0.069489 -0.204574
v -0.261537 0.063922 -0.209812
v -0.251505 0.065230 -0.166635
v -0.248927 0.062517 -0.150644
v -0.255245 0.065399 -0.145862
v -0.257899 0.068616 -0.161194
v -0.247105 0.059979 -0.135904
v -0.254957 0.063890 -0.134652
v -0.275121 0.076573 -0.197443
v -0.269819 0.073141 -0.201473
v -0.259734 0.070549 -0.134057
v -0.230382 0.065921 -0.224400
v -0.224827 0.074486 -0.225870
v -0.256329 0.104729 -0.204101
v -0.270816 0.072955 -0.205596
v -0.266845 0.069447 -0.208198
v -0.245140 0.060138 -0.229325
v -0.233930 0.064881 -0.232343
v -0.262538 0.064354 -0.219293
v -0.256101 0.061171 -0.222970
v -0.228601 0.072700 -0.233529
v -0.228923 0.083111 -0.233164
v -0.234006 0.091556 -0.231020
v -0.264550 0.097511 -0.204567
v -0.238551 0.095768 -0.228675
v -0.243475 0.098888 -0.225660
v -0.248007 0.101644 -0.221963
v -0.252407 0.104069 -0.217718
v -0.256762 0.103695 -0.215615
v -0.270549 0.092240 -0.203347
v -0.274800 0.088634 -0.202384
v -0.277206 0.086728 -0.201701
v -0.278382 0.083786 -0.201287
v -0.278330 0.079898 -0.201228
v -0.275753 0.076292 -0.202669
v -0.265900 0.096206 -0.214964
v -0.271612 0.090892 -0.213388
v -0.275211 0.087712 -0.212022
v -0.276980 0.086216 -0.211566
v -0.277730 0.083587 -0.211787
v -0.277973 0.079498 -0.211661
v -0.275866 0.076064 -0.212685
v -0.271546 0.073276 -0.214946
v -0.267206 0.069378 -0.217066
v -0.276120 0.085659 -0.227075
v -0.276977 0.083188 -0.227169
v -0.272923 0.088878 -0.228769
v -0.269479 0.069113 -0.275283
v -0.270593 0.072081 -0.249803
v -0.276137 0.075275 -0.248690
v -0.275140 0.074434 -0.274129
v -0.266211 0.068100 -0.251912
v -0.272480 0.073903 -0.230057
v -0.276285 0.075845 -0.227965
v -0.277544 0.078673 -0.247573
v -0.276453 0.078790 -0.272718
v -0.275150 0.074072 -0.293051
v -0.270735 0.069413 -0.295010
v -0.276279 0.074189 -0.305586
v -0.271512 0.070028 -0.306941
v -0.267205 0.064799 -0.309068
v -0.266240 0.064369 -0.297759
v -0.276426 0.078710 -0.291804
v -0.277581 0.078432 -0.304974
v -0.275495 0.073425 -0.317828
v -0.271416 0.069554 -0.318152
v -0.277774 0.078937 -0.227059
v -0.276243 0.083107 -0.247500
v -0.238345 0.082724 -0.313347
v -0.238780 0.082087 -0.299709
v -0.237281 0.076221 -0.301322
v -0.237992 0.077509 -0.313534
v -0.241965 0.089668 -0.314090
v -0.243599 0.088876 -0.298546
v -0.238641 0.082751 -0.284149
v -0.236505 0.076733 -0.286442
v -0.236939 0.071402 -0.303889
v -0.238249 0.072320 -0.315195
v -0.235488 0.077975 -0.321376
v -0.235395 0.082460 -0.321959
v -0.250500 0.100253 -0.239592
v -0.257196 0.100866 -0.235632
v -0.242416 0.094719 -0.245351
v -0.236578 0.088317 -0.248921
v -0.232604 0.079469 -0.251873
v -0.233999 0.068940 -0.253492
v -0.235581 0.076213 -0.269797
v -0.238252 0.085382 -0.266549
v -0.243800 0.089570 -0.281775
v -0.243109 0.092147 -0.263485
v -0.236929 0.069963 -0.287943
v -0.266879 0.094266 -0.231806
v -0.266850 0.092805 -0.251857
v -0.272678 0.087818 -0.248930
v -0.237800 0.065547 -0.271662
v -0.239912 0.062441 -0.288651
v -0.242330 0.061341 -0.271194
v -0.245153 0.058438 -0.288761
v -0.242406 0.059783 -0.301790
v -0.238900 0.066176 -0.301725
v -0.263516 0.058668 -0.311790
v -0.261650 0.058947 -0.301306
v -0.267543 0.065123 -0.317725
v -0.264464 0.058766 -0.318647
v -0.258087 0.055431 -0.312591
v -0.255615 0.056429 -0.302691
v -0.259131 0.059985 -0.285773
v -0.264613 0.064503 -0.281265
v -0.252497 0.060951 -0.267313
v -0.262293 0.065204 -0.259584
v -0.252649 0.057960 -0.288272
v -0.248913 0.061343 -0.248080
v -0.259457 0.064094 -0.240152
v -0.239045 0.063401 -0.252098
v -0.264339 0.066924 -0.236191
v -0.247968 0.056531 -0.302117
v -0.268545 0.071034 -0.232772
v -0.274873 0.083440 -0.272093
v -0.271459 0.087791 -0.272750
v -0.274574 0.083323 -0.291263
v -0.275422 0.082762 -0.305099
v -0.271213 0.087632 -0.292757
v -0.272015 0.087328 -0.308991
v -0.275118 0.081914 -0.318462
v -0.276728 0.077544 -0.317933
v -0.245354 0.056801 -0.311446
v -0.241814 0.061108 -0.311848
v -0.239829 0.065057 -0.314193
v -0.250767 0.054941 -0.311696
v -0.245520 0.053389 -0.318958
v -0.240973 0.057186 -0.318994
v -0.259111 0.055093 -0.319007
v -0.251965 0.054059 -0.318663
v -0.266365 0.091624 -0.296267
v -0.267211 0.092144 -0.314803
v -0.267407 0.091416 -0.330172
v -0.272916 0.085983 -0.319869
v -0.266216 0.091845 -0.274690
v -0.257933 0.096918 -0.297627
v -0.257156 0.096863 -0.316843
v -0.257580 0.098876 -0.256260
v -0.257943 0.097632 -0.277578
v -0.251975 0.096128 -0.279381
v -0.251801 0.095403 -0.297843
v -0.238165 0.058866 -0.319693
v -0.237982 0.062732 -0.319426
v -0.236808 0.066779 -0.320112
v -0.239048 0.068719 -0.314692
v -0.251083 0.098019 -0.259435
v -0.250023 0.095819 -0.315253
v -0.258624 0.096544 -0.334557
v -0.252421 0.098154 -0.329459
v -0.235077 0.069647 -0.321192
v -0.235692 0.073117 -0.320846
v -0.239814 0.092967 -0.324739
v -0.243499 0.095863 -0.325726
v -0.248300 0.097570 -0.326388
v -0.237240 0.088915 -0.323426
v -0.234719 0.085559 -0.323076
v -0.268842 0.067866 -0.328250
v -0.266478 0.064388 -0.326931
v -0.272132 0.075856 -0.330400
v -0.271120 0.071583 -0.329524
v -0.249466 0.051955 -0.323744
v -0.242970 0.050334 -0.323669
v -0.269792 0.084947 -0.332799
v -0.271681 0.080669 -0.331123
v -0.262414 0.059109 -0.324286
v -0.257164 0.055360 -0.323472
v -0.231417 0.056495 -0.323308
v -0.231084 0.060503 -0.322789
v -0.261443 0.092506 -0.337828
v -0.228019 0.069510 -0.324595
v -0.228563 0.073046 -0.324198
v -0.232884 0.094780 -0.328818
v -0.236095 0.097414 -0.329665
v -0.228411 0.077769 -0.324731
v -0.228683 0.087546 -0.327144
v -0.229513 0.090030 -0.327796
v -0.238798 0.051039 -0.323255
v -0.234599 0.054025 -0.322929
v -0.230853 0.091921 -0.328090
v -0.240826 0.099630 -0.330366
v -0.228601 0.081858 -0.325408
v -0.230050 0.064385 -0.323600
v -0.228504 0.066813 -0.324597
v -0.228026 0.084756 -0.326564
v -0.243021 0.100968 -0.332630
v -0.247171 0.099834 -0.337487
v -0.251590 0.097967 -0.342162
v -0.223920 0.060348 -0.362045
v -0.224440 0.059878 -0.361388
v -0.226465 0.063773 -0.361572
v -0.225845 0.063878 -0.362191
v -0.220633 0.058504 -0.362574
v -0.220985 0.057680 -0.361898
v -0.225659 0.059099 -0.360699
v -0.227059 0.069366 -0.362449
v -0.226399 0.069096 -0.363010
v -0.220360 0.064359 -0.363945
v -0.225006 0.050155 -0.360033
v -0.226230 0.054344 -0.360293
v -0.223009 0.054381 -0.361172
v -0.222262 0.050363 -0.360820
v -0.228494 0.052688 -0.359355
v -0.226316 0.055056 -0.359970
v -0.222146 0.055363 -0.361152
v -0.219724 0.053077 -0.361807
v -0.219212 0.048526 -0.361295
v -0.222149 0.077227 -0.327749
v -0.222712 0.080839 -0.328735
v -0.242014 0.048278 -0.327742
v -0.235327 0.047808 -0.327708
v -0.240089 0.045828 -0.332789
v -0.232352 0.044359 -0.332669
v -0.226115 0.045968 -0.330623
v -0.231764 0.049386 -0.326637
v -0.248146 0.050368 -0.328124
v -0.246514 0.048496 -0.333325
v -0.238800 0.043863 -0.337759
v -0.230588 0.042169 -0.337502
v -0.219185 0.096667 -0.362203
v -0.220130 0.099476 -0.362394
v -0.219538 0.101939 -0.356236
v -0.218381 0.098712 -0.356133
v -0.220368 0.095331 -0.365589
v -0.221098 0.097703 -0.365824
v -0.222558 0.102009 -0.362368
v -0.222107 0.104640 -0.356481
v -0.220845 0.102745 -0.349531
v -0.219643 0.099619 -0.349364
v -0.218058 0.096487 -0.355983
v -0.219003 0.094665 -0.361951
v -0.209761 0.093188 -0.363798
v -0.214672 0.093729 -0.362696
v -0.213496 0.095447 -0.356380
v -0.208153 0.094780 -0.357287
v -0.211125 0.091671 -0.367373
v -0.215628 0.092100 -0.366236
v -0.217838 0.093680 -0.361953
v -0.216872 0.095481 -0.355812
v -0.215018 0.096237 -0.349016
v -0.210054 0.095341 -0.349198
v -0.203878 0.092546 -0.357493
v -0.205905 0.091110 -0.364264
v -0.205010 0.082957 -0.362938
v -0.204635 0.087210 -0.363777
v -0.202262 0.088462 -0.356902
v -0.202352 0.084011 -0.356206
v -0.207332 0.082473 -0.366674
v -0.206787 0.086373 -0.367534
v -0.204398 0.088753 -0.348157
v -0.204353 0.084462 -0.347813
v -0.202884 0.081269 -0.355754
v -0.205718 0.080334 -0.362338
v -0.201282 0.071772 -0.361784
v -0.203606 0.076007 -0.362034
v -0.200889 0.077046 -0.355271
v -0.198805 0.073043 -0.354823
v -0.203467 0.070772 -0.365562
v -0.205860 0.074968 -0.365705
v -0.205397 0.078362 -0.362074
v -0.202528 0.079258 -0.355488
v -0.202913 0.077808 -0.346848
v -0.201034 0.074089 -0.346042
v -0.197882 0.068241 -0.354153
v -0.200228 0.066933 -0.361165
v -0.203786 0.058513 -0.358985
v -0.201436 0.062320 -0.360121
v -0.199102 0.063345 -0.353299
v -0.201439 0.059133 -0.352468
v -0.205807 0.058567 -0.362716
v -0.203523 0.061985 -0.363938
v -0.201407 0.064479 -0.344915
v -0.203484 0.060295 -0.344766
v -0.203369 0.056566 -0.351927
v -0.205763 0.056176 -0.358206
v -0.209773 0.047565 -0.355785
v -0.208758 0.050824 -0.356493
v -0.206318 0.051377 -0.350445
v -0.207413 0.048383 -0.350050
v -0.211816 0.047095 -0.358968
v -0.210883 0.050314 -0.359839
v -0.208202 0.053045 -0.357030
v -0.205730 0.053432 -0.350866
v -0.207477 0.053117 -0.343380
v -0.208531 0.050334 -0.342723
v -0.209690 0.044736 -0.349524
v -0.211640 0.043864 -0.354864
v -0.245868 0.096157 -0.355313
v -0.251130 0.090785 -0.355668
v -0.254966 0.089133 -0.353032
v -0.250054 0.095221 -0.351229
v -0.241384 0.097641 -0.358335
v -0.246813 0.092092 -0.358340
v -0.253589 0.085579 -0.355643
v -0.257950 0.083428 -0.353201
v -0.259670 0.087575 -0.348107
v -0.255250 0.094082 -0.345418
v -0.245324 0.099538 -0.349587
v -0.240745 0.100333 -0.354555
v -0.231287 0.105023 -0.345178
v -0.227745 0.106005 -0.351187
v -0.233545 0.104396 -0.352819
v -0.237671 0.103423 -0.347225
v -0.226894 0.104386 -0.343788
v -0.223511 0.105390 -0.350134
v -0.226100 0.105248 -0.356802
v -0.231603 0.103842 -0.357238
v -0.241010 0.102426 -0.343467
v -0.235184 0.103763 -0.340439
v -0.224378 0.102004 -0.342997
v -0.223315 0.099526 -0.342711
v -0.228957 0.101424 -0.337846
v -0.227222 0.099224 -0.337446
v -0.222994 0.097771 -0.342656
v -0.219303 0.097455 -0.349256
v -0.219550 0.096324 -0.341474
v -0.215726 0.095050 -0.340540
v -0.218168 0.096402 -0.348928
v -0.222010 0.096705 -0.342196
v -0.224020 0.096172 -0.336180
v -0.221441 0.094591 -0.334878
v -0.212587 0.092235 -0.339457
v -0.206024 0.092876 -0.348813
v -0.211260 0.088176 -0.338821
v -0.211183 0.084337 -0.338898
v -0.218078 0.088097 -0.332835
v -0.217771 0.084745 -0.332965
v -0.211455 0.081970 -0.339163
v -0.204783 0.081811 -0.347676
v -0.209876 0.078339 -0.337992
v -0.208180 0.074885 -0.336809
v -0.204423 0.079839 -0.347389
v -0.211145 0.080180 -0.338886
v -0.216642 0.079613 -0.332054
v -0.215397 0.076267 -0.330750
v -0.207541 0.070317 -0.336006
v -0.200272 0.069398 -0.345344
v -0.208526 0.065620 -0.336177
v -0.210152 0.061877 -0.336990
v -0.215708 0.067347 -0.330227
v -0.216767 0.063952 -0.331255
v -0.211341 0.059685 -0.337689
v -0.205204 0.057778 -0.344773
v -0.212506 0.056014 -0.336273
v -0.213381 0.053406 -0.334901
v -0.207011 0.054981 -0.344007
v -0.212164 0.057617 -0.337375
v -0.218038 0.059172 -0.330873
v -0.218911 0.056480 -0.329325
v -0.215150 0.049932 -0.334104
v -0.210799 0.046752 -0.342252
v -0.234547 0.100839 -0.334171
v -0.231358 0.098641 -0.333649
v -0.230931 0.103408 -0.339009
v -0.236476 0.102399 -0.335374
v -0.228834 0.097129 -0.334271
v -0.226103 0.097718 -0.337740
v -0.228104 0.095763 -0.332627
v -0.226333 0.093631 -0.331567
v -0.225368 0.096841 -0.337375
v -0.224819 0.091029 -0.330535
v -0.219175 0.091776 -0.333536
v -0.223922 0.087935 -0.329813
v -0.223356 0.084988 -0.329589
v -0.221936 0.082838 -0.330361
v -0.217288 0.082620 -0.333597
v -0.217032 0.081257 -0.333340
v -0.222049 0.072751 -0.327113
v -0.214947 0.071801 -0.329947
v -0.222519 0.068651 -0.327174
v -0.223122 0.065635 -0.327662
v -0.222223 0.063264 -0.328980
v -0.216919 0.061796 -0.332483
v -0.222808 0.049489 -0.328999
v -0.228942 0.051691 -0.326050
v -0.222467 0.043585 -0.335513
v -0.217884 0.046635 -0.334344
v -0.220398 0.052904 -0.328585
v -0.226427 0.054946 -0.325834
v -0.243768 0.101368 -0.341169
v -0.239371 0.102382 -0.336848
v -0.247757 0.098893 -0.346743
v -0.265452 0.086306 -0.340623
v -0.262230 0.081870 -0.348735
v -0.267551 0.080637 -0.341501
v -0.262805 0.076789 -0.347444
v -0.267803 0.075689 -0.340374
v -0.262514 0.071836 -0.345422
v -0.267306 0.071169 -0.338627
v -0.258998 0.078111 -0.351750
v -0.261353 0.067021 -0.342662
v -0.266025 0.067103 -0.336307
v -0.260035 0.062119 -0.339553
v -0.263898 0.062842 -0.333625
v -0.259341 0.072737 -0.350133
v -0.258562 0.066717 -0.346697
v -0.231791 0.101392 -0.361229
v -0.237239 0.100777 -0.357973
v -0.236983 0.097582 -0.361464
v -0.226471 0.102737 -0.361931
v -0.219947 0.041252 -0.342578
v -0.214219 0.043656 -0.342174
v -0.229998 0.040539 -0.343108
v -0.218923 0.039903 -0.348333
v -0.213100 0.041852 -0.348953
v -0.224121 0.061833 -0.327211
v -0.225076 0.058721 -0.326130
v -0.217137 0.060437 -0.332405
v -0.207945 0.054263 -0.357417
v -0.205441 0.054621 -0.351322
v -0.206929 0.056022 -0.344550
v -0.210696 0.052624 -0.360364
v -0.211063 0.054037 -0.360591
v -0.207169 0.055209 -0.357789
v -0.204690 0.055566 -0.351665
v -0.206365 0.056853 -0.344800
v -0.210240 0.055191 -0.361023
v -0.208134 0.056335 -0.361728
v -0.212391 0.058394 -0.337980
v -0.216953 0.060872 -0.333377
v -0.212159 0.058947 -0.338080
v -0.206397 0.078910 -0.361973
v -0.203484 0.079785 -0.355503
v -0.205341 0.080333 -0.347612
v -0.207926 0.077370 -0.365616
v -0.209364 0.078045 -0.365379
v -0.206470 0.079422 -0.362042
v -0.203567 0.080312 -0.355572
v -0.205426 0.080853 -0.347688
v -0.209467 0.078758 -0.365477
v -0.208325 0.079905 -0.365956
v -0.211938 0.080633 -0.339337
v -0.217144 0.081662 -0.334291
v -0.212005 0.081071 -0.339408
v -0.219040 0.093308 -0.361672
v -0.218050 0.095143 -0.355699
v -0.219307 0.096101 -0.349016
v -0.218883 0.091872 -0.365344
v -0.220627 0.091265 -0.364818
v -0.219325 0.093585 -0.361694
v -0.218328 0.095415 -0.355776
v -0.219577 0.096390 -0.349136
v -0.221068 0.091705 -0.364791
v -0.220456 0.093291 -0.365214
v -0.223023 0.096483 -0.342532
v -0.225877 0.096806 -0.338115
v -0.223246 0.096755 -0.342654
v -0.254192 0.073846 -0.354688
v -0.256165 0.073913 -0.352556
v -0.255397 0.079912 -0.354012
v -0.253203 0.079589 -0.356135
v -0.254364 0.067553 -0.353301
v -0.256385 0.067286 -0.350853
v -0.251380 0.084777 -0.357628
v -0.251167 0.078967 -0.357831
v -0.216696 0.042239 -0.358411
v -0.215611 0.041210 -0.356822
v -0.220140 0.039496 -0.355381
v -0.220655 0.040965 -0.357086
v -0.214898 0.044005 -0.359249
v -0.213344 0.043640 -0.357892
v -0.214427 0.041142 -0.353909
v -0.219584 0.039339 -0.352740
v -0.229521 0.038332 -0.352791
v -0.229569 0.039944 -0.354524
v -0.221367 0.042227 -0.358805
v -0.217904 0.043320 -0.359959
v -0.213722 0.046703 -0.360104
v -0.216549 0.044474 -0.360557
v -0.215628 0.046318 -0.361167
v -0.212746 0.049398 -0.360901
v -0.213501 0.051789 -0.361189
v -0.215985 0.053871 -0.360962
v -0.214614 0.048398 -0.361843
v -0.215596 0.050960 -0.362071
v -0.215030 0.055703 -0.361555
v -0.210640 0.057281 -0.362966
v -0.218574 0.053998 -0.361853
v -0.216889 0.057281 -0.362907
v -0.207389 0.059549 -0.364225
v -0.205395 0.062546 -0.365324
v -0.212154 0.058685 -0.364413
v -0.208901 0.060627 -0.365636
v -0.204413 0.065932 -0.366214
v -0.202377 0.066177 -0.365008
v -0.205409 0.069726 -0.366643
v -0.207129 0.063106 -0.366566
v -0.206196 0.065693 -0.367294
v -0.207178 0.068715 -0.367584
v -0.207651 0.073433 -0.366728
v -0.210321 0.075774 -0.366464
v -0.213356 0.076749 -0.365874
v -0.209238 0.072061 -0.367649
v -0.212357 0.074287 -0.367225
v -0.213558 0.078112 -0.366064
v -0.211010 0.080111 -0.367062
v -0.216541 0.075388 -0.366310
v -0.216929 0.077757 -0.366637
v -0.209412 0.082740 -0.367949
v -0.208810 0.085949 -0.368700
v -0.213295 0.080349 -0.368076
v -0.211196 0.082975 -0.369115
v -0.209373 0.088531 -0.369026
v -0.207737 0.089866 -0.367939
v -0.212132 0.089723 -0.368502
v -0.210640 0.085633 -0.369754
v -0.210714 0.087452 -0.370070
v -0.212994 0.088014 -0.369561
v -0.216250 0.089971 -0.367436
v -0.220192 0.089295 -0.366290
v -0.223881 0.087718 -0.365102
v -0.216848 0.088161 -0.368553
v -0.221321 0.087115 -0.367167
v -0.224788 0.088653 -0.365031
v -0.223082 0.092070 -0.366030
v -0.226414 0.084873 -0.365403
v -0.228085 0.086387 -0.365229
v -0.222413 0.094646 -0.366643
v -0.222855 0.096455 -0.366854
v -0.225490 0.091228 -0.366795
v -0.224334 0.094195 -0.367640
v -0.224425 0.098041 -0.366721
v -0.223251 0.099925 -0.365667
v -0.227239 0.098524 -0.366047
v -0.226743 0.100689 -0.364908
v -0.224619 0.095290 -0.367765
v -0.225606 0.096387 -0.367703
v -0.227854 0.096612 -0.367137
v -0.230405 0.097882 -0.365052
v -0.230410 0.100038 -0.364012
v -0.245841 0.089984 -0.359923
v -0.236539 0.095069 -0.362946
v -0.244883 0.088770 -0.361439
v -0.230665 0.095959 -0.366265
v -0.236282 0.093398 -0.364327
v -0.229584 0.038371 -0.350782
v -0.237220 0.040916 -0.351414
v -0.236760 0.042445 -0.353216
v -0.227386 0.040985 -0.356937
v -0.237458 0.040811 -0.349531
v -0.229694 0.039285 -0.347573
v -0.238087 0.042469 -0.342694
v -0.237624 0.041475 -0.346640
v -0.249432 0.083775 -0.359203
v -0.253401 0.060883 -0.352111
v -0.254827 0.060262 -0.349673
v -0.252842 0.073305 -0.356466
v -0.253039 0.067414 -0.355185
v -0.257428 0.061642 -0.344153
v -0.256150 0.061313 -0.347247
v -0.245187 0.046911 -0.338095
v -0.220657 0.068418 -0.364616
v -0.217374 0.062387 -0.364372
v -0.213362 0.062791 -0.365509
v -0.225638 0.044826 -0.358830
v -0.226309 0.047614 -0.359181
v -0.222343 0.044594 -0.359680
v -0.229648 0.042658 -0.357094
v -0.230185 0.046071 -0.357601
v -0.229800 0.049415 -0.358355
v -0.224439 0.080895 -0.365883
v -0.219412 0.079792 -0.367017
v -0.222815 0.079329 -0.366032
v -0.216076 0.081907 -0.368286
v -0.220703 0.076554 -0.365863
v -0.224185 0.076063 -0.364857
v -0.226801 0.076777 -0.364296
v -0.228550 0.078699 -0.364176
v -0.238462 0.085579 -0.363005
v -0.231899 0.086918 -0.364982
v -0.235476 0.085103 -0.363710
v -0.229153 0.090647 -0.366380
v -0.231475 0.083354 -0.364229
v -0.234819 0.081542 -0.363022
v -0.238295 0.080899 -0.361990
v -0.241945 0.081353 -0.361157
v -0.245020 0.064366 -0.357338
v -0.239782 0.057232 -0.357409
v -0.243421 0.059189 -0.356762
v -0.236338 0.057227 -0.358340
v -0.241955 0.049429 -0.355035
v -0.246497 0.050824 -0.353985
v -0.249655 0.054733 -0.353875
v -0.251451 0.061194 -0.354727
v -0.252070 0.072680 -0.356947
v -0.252266 0.067173 -0.355760
v -0.244729 0.069190 -0.358360
v -0.252164 0.061036 -0.354072
v -0.250724 0.077262 -0.357806
v -0.250086 0.076355 -0.358198
v -0.246672 0.079256 -0.359185
v -0.246302 0.078180 -0.359492
v -0.241862 0.071644 -0.359577
v -0.246973 0.081049 -0.359251
v -0.242685 0.080017 -0.360303
v -0.242602 0.078874 -0.360540
v -0.238791 0.079557 -0.361182
v -0.239018 0.078445 -0.361359
v -0.238557 0.071951 -0.360509
v -0.242463 0.080845 -0.360511
v -0.238548 0.080373 -0.361392
v -0.235326 0.079194 -0.362034
v -0.235802 0.078109 -0.362152
v -0.232228 0.079018 -0.362823
v -0.232911 0.077943 -0.362887
v -0.235525 0.071127 -0.361158
v -0.234368 0.080432 -0.362287
v -0.231169 0.080250 -0.363102
v -0.230050 0.077218 -0.363080
v -0.230875 0.076265 -0.363127
v -0.228797 0.073795 -0.362802
v -0.229695 0.073070 -0.362867
v -0.233808 0.067837 -0.361013
v -0.229219 0.077577 -0.363145
v -0.227925 0.074040 -0.362858
v -0.227862 0.069287 -0.362225
v -0.228815 0.068863 -0.362331
v -0.227261 0.063695 -0.361349
v -0.228229 0.063641 -0.361518
v -0.233224 0.063121 -0.360288
v -0.227497 0.059533 -0.360508
v -0.228443 0.059755 -0.360734
v -0.228568 0.056799 -0.359700
v -0.229452 0.057207 -0.359982
v -0.234363 0.059942 -0.359387
v -0.226764 0.056276 -0.359866
v -0.229753 0.053633 -0.358766
v -0.230564 0.054243 -0.359114
v -0.231049 0.050027 -0.357706
v -0.231777 0.050867 -0.358125
v -0.229064 0.053114 -0.358847
v -0.230388 0.049544 -0.357782
v -0.233660 0.048104 -0.356630
v -0.234217 0.049064 -0.357120
v -0.237583 0.047861 -0.355537
v -0.237877 0.048836 -0.356094
v -0.233056 0.046039 -0.356174
v -0.237286 0.046314 -0.355119
v -0.241960 0.048499 -0.354398
v -0.246853 0.049995 -0.353267
v -0.241713 0.047440 -0.354053
v -0.247105 0.049089 -0.352804
v -0.250251 0.054162 -0.353152
v -0.251348 0.053824 -0.351148
v -0.216809 0.058133 -0.363517
v -0.212453 0.059233 -0.364874
v -0.209447 0.060939 -0.365986
v -0.222120 0.056722 -0.361199
v -0.225175 0.073105 -0.363630
v -0.224660 0.072588 -0.364109
v -0.220811 0.074995 -0.365112
v -0.220623 0.074356 -0.365487
v -0.217375 0.070312 -0.365827
v -0.225983 0.073509 -0.363274
v -0.221456 0.075461 -0.364805
v -0.216640 0.074723 -0.366608
v -0.212713 0.073692 -0.367464
v -0.213548 0.069741 -0.366740
v -0.209783 0.071613 -0.367862
v -0.207845 0.068487 -0.367804
v -0.211226 0.067093 -0.366870
v -0.206921 0.065667 -0.367532
v -0.207793 0.063253 -0.366856
v -0.211220 0.064946 -0.366478
v -0.227298 0.041347 -0.357480
v -0.221657 0.042502 -0.359232
v -0.218410 0.043521 -0.360315
v -0.229966 0.042357 -0.356501
v -0.230689 0.045958 -0.357000
v -0.232414 0.042871 -0.355751
v -0.216377 0.050432 -0.362204
v -0.215221 0.048170 -0.362086
v -0.216253 0.046289 -0.361456
v -0.219285 0.046509 -0.360893
v -0.217149 0.044598 -0.360881
v -0.217247 0.078007 -0.367042
v -0.213825 0.080422 -0.368389
v -0.211857 0.082871 -0.369362
v -0.220633 0.076199 -0.365374
v -0.224403 0.075676 -0.364293
v -0.225368 0.074924 -0.363686
v -0.227215 0.076444 -0.363690
v -0.229072 0.078499 -0.363566
v -0.227310 0.075453 -0.363271
v -0.229741 0.080584 -0.363759
v -0.229202 0.080647 -0.364354
v -0.229219 0.082697 -0.364267
v -0.228758 0.082622 -0.364822
v -0.223595 0.082970 -0.366481
v -0.230610 0.082430 -0.363630
v -0.226137 0.084653 -0.365885
v -0.221343 0.086740 -0.367537
v -0.219594 0.084927 -0.367899
v -0.217144 0.087713 -0.368835
v -0.213543 0.087575 -0.369774
v -0.216123 0.085082 -0.368853
v -0.211411 0.087049 -0.370248
v -0.211340 0.085353 -0.369955
v -0.215189 0.084227 -0.368946
v -0.228575 0.086514 -0.365565
v -0.226113 0.091027 -0.367032
v -0.225017 0.093793 -0.367823
v -0.231193 0.083001 -0.363798
v -0.234810 0.081064 -0.362500
v -0.245615 0.082399 -0.360045
v -0.244888 0.082822 -0.360717
v -0.247994 0.085054 -0.359999
v -0.247110 0.085319 -0.360672
v -0.239280 0.088090 -0.363243
v -0.244199 0.088783 -0.362012
v -0.236191 0.093061 -0.364727
v -0.233937 0.091640 -0.365291
v -0.230944 0.095441 -0.366539
v -0.228318 0.096049 -0.367353
v -0.230694 0.092874 -0.366375
v -0.226213 0.095839 -0.367878
v -0.225285 0.094814 -0.367941
v -0.229067 0.092401 -0.366719
v -0.220118 0.045167 -0.360398
v -0.236987 0.044197 -0.354839
v -0.241601 0.046051 -0.353869
v -0.241872 0.045243 -0.352235
v -0.247499 0.048628 -0.351189
v -0.242828 0.044084 -0.349531
v -0.252641 0.053224 -0.348691
v -0.248807 0.048303 -0.348566
v -0.244172 0.045630 -0.342409
v -0.243428 0.044724 -0.345971
v -0.258423 0.057252 -0.336277
v -0.261002 0.058317 -0.330459
v -0.253876 0.052741 -0.334207
v -0.255721 0.054209 -0.328615
v -0.256441 0.056252 -0.340738
v -0.253732 0.053793 -0.345717
v -0.249890 0.049353 -0.345314
v -0.254996 0.055500 -0.343909
v -0.250958 0.050324 -0.342297
v -0.252284 0.051429 -0.338776
v -0.174361 -0.123634 -0.089273
v -0.175608 -0.122877 -0.065787
v -0.191935 -0.122100 -0.068317
v -0.186581 -0.122734 -0.088915
v -0.198668 -0.122166 -0.094336
v -0.207119 -0.121358 -0.073255
v -0.226554 -0.119124 -0.081207
v -0.215630 -0.120672 -0.099716
v -0.133011 -0.108158 -0.108361
v -0.125380 -0.109087 -0.078312
v -0.132208 -0.116083 -0.070955
v -0.140132 -0.117629 -0.100225
v -0.250493 -0.097774 -0.112900
v -0.243673 -0.105110 -0.109823
v -0.258462 -0.104498 -0.094753
v -0.266593 -0.096140 -0.098837
v -0.208525 -0.064863 -0.128471
v -0.235283 -0.058996 -0.121250
v -0.234592 -0.054583 -0.108106
v -0.206718 -0.059787 -0.113445
v -0.189555 -0.069763 -0.129523
v -0.182793 -0.065963 -0.112393
v -0.154888 -0.077202 -0.106778
v -0.163082 -0.078528 -0.125951
v -0.254461 -0.057328 -0.117536
v -0.267134 -0.059626 -0.115743
v -0.271982 -0.055762 -0.103472
v -0.256507 -0.053330 -0.105532
v -0.135757 -0.084995 -0.097937
v -0.143957 -0.086249 -0.120845
v -0.132181 -0.094981 -0.114809
v -0.122117 -0.093340 -0.087154
v -0.228283 -0.117102 -0.103045
v -0.240213 -0.115632 -0.088111
v -0.144831 -0.120620 -0.066401
v -0.148604 -0.121529 -0.095389
v -0.122758 -0.103075 -0.082614
v -0.159283 -0.122458 -0.093494
v -0.159838 -0.121791 -0.064988
v -0.254896 -0.093398 -0.116566
v -0.271067 -0.088219 -0.101426
v -0.259209 -0.088202 -0.115879
v -0.266753 -0.079642 -0.116941
v -0.279763 -0.077528 -0.101230
v -0.284280 -0.068874 -0.100803
v -0.272259 -0.071757 -0.116130
v -0.273536 -0.063831 -0.115235
v -0.283845 -0.059971 -0.100446
v -0.280293 -0.048922 -0.091171
v -0.262495 -0.046511 -0.094147
v -0.240927 -0.047305 -0.097452
v -0.292189 -0.051041 -0.087736
v -0.290079 -0.041326 -0.078640
v -0.269785 -0.038873 -0.082981
v -0.301209 -0.027124 -0.063207
v -0.275964 -0.024594 -0.067901
v -0.303997 -0.044501 -0.074339
v -0.317630 -0.033280 -0.057687
v -0.310265 -0.015691 -0.044752
v -0.280665 -0.014569 -0.053408
v -0.249863 -0.024899 -0.070816
v -0.246159 -0.039388 -0.084865
v -0.176720 -0.058704 -0.088807
v -0.200083 -0.048009 -0.088449
v -0.203273 -0.039616 -0.077136
v -0.176835 -0.054741 -0.078207
v -0.178116 -0.062408 -0.099498
v -0.195880 -0.054148 -0.099089
v -0.219557 -0.043150 -0.087011
v -0.224325 -0.028354 -0.073194
v -0.204935 -0.030458 -0.069145
v -0.174157 -0.051629 -0.071864
v -0.151521 -0.067680 -0.071517
v -0.150025 -0.071646 -0.080406
v -0.199025 -0.022263 -0.064762
v -0.208139 -0.019037 -0.064667
v -0.189789 -0.038667 -0.068530
v -0.227960 -0.014992 -0.062609
v -0.252661 -0.014351 -0.059042
v -0.329710 -0.020149 -0.037101
v -0.213523 -0.051095 -0.098728
v -0.329410 -0.045882 -0.051441
v -0.342047 -0.033173 -0.029968
v -0.298267 -0.057325 -0.085581
v -0.313379 -0.052257 -0.069622
v -0.150725 -0.074758 -0.092129
v -0.300799 -0.066820 -0.084370
v -0.298340 -0.075696 -0.084044
v -0.317896 -0.062507 -0.066386
v -0.346044 -0.049927 -0.024987
v -0.334180 -0.057295 -0.046585
v -0.344479 -0.059866 -0.019005
v -0.316581 -0.071492 -0.064485
v -0.333299 -0.066884 -0.042873
v -0.288778 -0.090503 -0.082192
v -0.308839 -0.086945 -0.061460
v -0.292171 -0.104079 0.009755
v -0.264506 -0.109307 0.013374
v -0.310522 -0.098509 0.006473
v -0.278888 -0.109050 -0.017290
v -0.248573 -0.114102 -0.013412
v -0.239528 -0.111995 0.013947
v -0.337008 -0.074934 -0.008197
v -0.327767 -0.086216 0.000243
v -0.325951 -0.082000 -0.033655
v -0.300554 -0.097921 -0.052770
v -0.317228 -0.092817 -0.025262
v -0.259878 -0.113031 -0.041529
v -0.228396 -0.117686 -0.035668
v -0.208448 -0.119464 -0.029931
v -0.220921 -0.116703 -0.010668
v -0.298739 -0.103947 -0.019808
v -0.280713 -0.108224 -0.045145
v -0.240525 -0.116203 -0.062535
v -0.216505 -0.119760 -0.054272
v -0.280562 -0.101779 -0.076288
v -0.260785 -0.111960 -0.067618
v -0.174187 -0.114592 0.021493
v -0.205113 -0.113935 0.014452
v -0.150089 -0.113881 0.022793
v -0.193915 -0.118351 -0.006572
v -0.165965 -0.118629 -0.000715
v -0.185679 -0.120659 -0.026847
v -0.162426 -0.120135 -0.023042
v -0.142195 -0.118891 -0.020730
v -0.143954 -0.117663 0.001193
v -0.179576 -0.122144 -0.046639
v -0.160363 -0.121093 -0.044620
v -0.142810 -0.119603 -0.042912
v -0.198820 -0.121235 -0.049093
v -0.131031 -0.109799 0.018097
v -0.120402 -0.104366 0.011355
v -0.126903 -0.113072 -0.002063
v -0.118043 -0.106906 -0.008363
v -0.126043 -0.113721 -0.023084
v -0.118665 -0.106899 -0.029459
v -0.127971 -0.114567 -0.045385
v -0.120438 -0.107955 -0.053021
v -0.113363 -0.102430 -0.031967
v -0.113016 -0.102791 -0.012097
v -0.116223 -0.100415 -0.058560
v -0.119294 -0.090948 -0.046573
v -0.115167 -0.096370 -0.035161
v -0.112837 -0.098315 -0.040935
v -0.119120 -0.091402 -0.052459
v -0.113118 -0.099915 -0.025024
v -0.118930 -0.092147 -0.065000
v -0.123469 -0.087259 -0.058402
v -0.124829 -0.085121 -0.052781
v -0.127660 -0.085899 -0.074774
v -0.136487 -0.081385 -0.083591
v -0.136761 -0.078626 -0.071970
v -0.128385 -0.083572 -0.063135
v -0.139476 -0.074582 -0.065034
v -0.131372 -0.079927 -0.058143
v -0.268246 -0.081603 -0.171559
v -0.272720 -0.082318 -0.185735
v -0.272713 -0.086331 -0.185395
v -0.268095 -0.086034 -0.171085
v -0.265390 -0.077563 -0.173905
v -0.269694 -0.078658 -0.188318
v -0.275807 -0.082823 -0.195488
v -0.275878 -0.086679 -0.195223
v -0.270713 -0.089560 -0.185883
v -0.265456 -0.089566 -0.171537
v -0.264254 -0.085960 -0.155990
v -0.264871 -0.080894 -0.156965
v -0.259746 -0.086161 -0.141874
v -0.260877 -0.080272 -0.143560
v -0.258746 -0.074140 -0.144892
v -0.262080 -0.075661 -0.158506
v -0.261282 -0.089860 -0.155336
v -0.256613 -0.090507 -0.140574
v -0.257352 -0.086488 -0.128663
v -0.259009 -0.079650 -0.130808
v -0.254981 -0.090802 -0.129285
v -0.249908 -0.093648 -0.128116
v -0.251512 -0.093310 -0.139699
v -0.245512 -0.097849 -0.124567
v -0.255520 -0.092621 -0.155615
v -0.260398 -0.092181 -0.172823
v -0.249476 -0.096869 -0.156292
v -0.245991 -0.097918 -0.138596
v -0.266720 -0.092017 -0.187201
v -0.261865 -0.095882 -0.188731
v -0.254739 -0.096176 -0.173844
v -0.274398 -0.089714 -0.195579
v -0.271402 -0.091960 -0.196568
v -0.182741 -0.120662 -0.120738
v -0.198107 -0.120167 -0.119307
v -0.167578 -0.119782 -0.127006
v -0.213585 -0.119158 -0.116906
v -0.224437 -0.116054 -0.117783
v -0.217247 -0.116605 -0.139069
v -0.205118 -0.116164 -0.142761
v -0.225946 -0.113470 -0.161679
v -0.218021 -0.112054 -0.166076
v -0.210692 -0.110870 -0.171161
v -0.194478 -0.115371 -0.147805
v -0.226718 -0.114503 -0.137156
v -0.232548 -0.111995 -0.158940
v -0.234525 -0.111416 -0.181591
v -0.228678 -0.109467 -0.186090
v -0.242960 -0.109873 -0.199109
v -0.237823 -0.107480 -0.204020
v -0.232921 -0.104895 -0.208448
v -0.222967 -0.107661 -0.190689
v -0.239614 -0.110299 -0.178337
v -0.247786 -0.109256 -0.195689
v -0.247766 -0.108574 -0.208866
v -0.242940 -0.106078 -0.213572
v -0.228127 -0.102166 -0.212418
v -0.217364 -0.105912 -0.196208
v -0.223719 -0.098354 -0.215248
v -0.212691 -0.102506 -0.201047
v -0.203944 -0.109829 -0.176960
v -0.237849 -0.103340 -0.217473
v -0.232972 -0.100490 -0.220765
v -0.147845 -0.107734 -0.138535
v -0.155358 -0.116309 -0.132398
v -0.147376 -0.094212 -0.143297
v -0.160514 -0.119337 -0.128883
v -0.177959 -0.111483 -0.159511
v -0.170392 -0.103851 -0.164892
v -0.198274 -0.107075 -0.181662
v -0.192357 -0.099454 -0.186274
v -0.190233 -0.087975 -0.187987
v -0.169637 -0.091142 -0.168254
v -0.185316 -0.114209 -0.154204
v -0.207663 -0.094569 -0.205121
v -0.218592 -0.090226 -0.217473
v -0.217164 -0.079800 -0.217347
v -0.205544 -0.083984 -0.205571
v -0.228474 -0.096477 -0.223274
v -0.223342 -0.088183 -0.225402
v -0.238864 -0.104831 -0.122198
v -0.240094 -0.104322 -0.137293
v -0.243472 -0.102594 -0.156975
v -0.248950 -0.101512 -0.174944
v -0.256179 -0.101238 -0.190567
v -0.266926 -0.095720 -0.197965
v -0.261005 -0.100919 -0.199702
v -0.236798 -0.064799 -0.192992
v -0.223028 -0.066394 -0.198678
v -0.233790 -0.063986 -0.213818
v -0.246573 -0.063628 -0.208330
v -0.229929 -0.064740 -0.176615
v -0.212326 -0.068371 -0.181787
v -0.211330 -0.073962 -0.202445
v -0.222796 -0.070378 -0.215665
v -0.239565 -0.063496 -0.221581
v -0.250976 -0.063856 -0.215273
v -0.252887 -0.066401 -0.202793
v -0.245544 -0.066462 -0.188692
v -0.222381 -0.064069 -0.158602
v -0.198046 -0.069941 -0.163905
v -0.179062 -0.079451 -0.167629
v -0.197496 -0.077210 -0.185262
v -0.240708 -0.065089 -0.172073
v -0.236566 -0.063254 -0.154618
v -0.217190 -0.062443 -0.140833
v -0.187068 -0.069954 -0.145965
v -0.234376 -0.060911 -0.137134
v -0.165765 -0.078141 -0.146859
v -0.153602 -0.085103 -0.145642
v -0.257891 -0.071412 -0.197604
v -0.253043 -0.070196 -0.183200
v -0.259200 -0.066875 -0.209817
v -0.263362 -0.072399 -0.204619
v -0.263722 -0.075449 -0.192933
v -0.259540 -0.073910 -0.178099
v -0.249553 -0.068153 -0.166605
v -0.247095 -0.065410 -0.150601
v -0.256039 -0.071446 -0.161225
v -0.253491 -0.068188 -0.145878
v -0.245381 -0.062823 -0.135850
v -0.253296 -0.066630 -0.134667
v -0.267625 -0.076010 -0.201561
v -0.272995 -0.079390 -0.197585
v -0.258164 -0.073226 -0.134101
v -0.227933 -0.069150 -0.224134
v -0.222433 -0.077759 -0.225542
v -0.254412 -0.107717 -0.204033
v -0.264567 -0.072350 -0.208249
v -0.268583 -0.075814 -0.205687
v -0.231416 -0.068063 -0.232100
v -0.242622 -0.063231 -0.229182
v -0.253641 -0.064170 -0.222919
v -0.260130 -0.067300 -0.219298
v -0.226132 -0.075924 -0.233234
v -0.231720 -0.094741 -0.230775
v -0.226542 -0.086331 -0.232872
v -0.262554 -0.100426 -0.204587
v -0.236323 -0.098913 -0.228470
v -0.245897 -0.104711 -0.221840
v -0.241304 -0.101994 -0.225500
v -0.254726 -0.106688 -0.215562
v -0.250354 -0.107100 -0.217629
v -0.272739 -0.091451 -0.202507
v -0.268514 -0.095096 -0.203430
v -0.276285 -0.086566 -0.201453
v -0.275133 -0.089520 -0.201853
v -0.273575 -0.079101 -0.202810
v -0.276198 -0.082680 -0.201390
v -0.258556 -0.061916 -0.301304
v -0.260032 -0.061252 -0.312221
v -0.264095 -0.067732 -0.309132
v -0.263203 -0.067311 -0.297796
v -0.252196 -0.059033 -0.303043
v -0.254065 -0.057857 -0.313661
v -0.260674 -0.061227 -0.319800
v -0.264481 -0.067947 -0.318218
v -0.268560 -0.072921 -0.307139
v -0.267750 -0.072328 -0.295086
v -0.261716 -0.067462 -0.281284
v -0.256167 -0.062960 -0.285751
v -0.259577 -0.068172 -0.259585
v -0.249692 -0.063984 -0.267228
v -0.249651 -0.060975 -0.288193
v -0.266661 -0.072041 -0.275344
v -0.263575 -0.071036 -0.251946
v -0.256887 -0.067075 -0.240130
v -0.246262 -0.064403 -0.247967
v -0.261821 -0.069865 -0.236209
v -0.236378 -0.066531 -0.251900
v -0.244310 -0.059016 -0.302759
v -0.246372 -0.057567 -0.313134
v -0.246953 -0.057205 -0.320775
v -0.254562 -0.057731 -0.320604
v -0.242154 -0.061499 -0.288617
v -0.238773 -0.062372 -0.302367
v -0.240838 -0.059736 -0.312987
v -0.268455 -0.072413 -0.318877
v -0.272597 -0.076238 -0.318828
v -0.273497 -0.077031 -0.305990
v -0.268006 -0.074986 -0.249874
v -0.266088 -0.073940 -0.232827
v -0.272208 -0.076977 -0.293163
v -0.272362 -0.077323 -0.274241
v -0.264854 -0.072281 -0.217112
v -0.239498 -0.064437 -0.271022
v -0.240121 -0.057320 -0.321246
v -0.269474 -0.093751 -0.213472
v -0.263800 -0.099114 -0.214996
v -0.274817 -0.089021 -0.211703
v -0.273056 -0.090534 -0.212142
v -0.275748 -0.082295 -0.211808
v -0.275539 -0.086385 -0.211936
v -0.269241 -0.076140 -0.215033
v -0.273602 -0.078885 -0.212813
v -0.273820 -0.088494 -0.227196
v -0.274656 -0.086017 -0.227298
v -0.270640 -0.091744 -0.228859
v -0.273580 -0.078138 -0.248808
v -0.273715 -0.081673 -0.272842
v -0.275021 -0.081524 -0.247703
v -0.273899 -0.078684 -0.228090
v -0.270065 -0.076776 -0.230145
v -0.274846 -0.081267 -0.305407
v -0.273521 -0.081605 -0.291927
v -0.275420 -0.081757 -0.227196
v -0.273752 -0.085968 -0.247620
v -0.234956 -0.081338 -0.313340
v -0.234278 -0.079378 -0.301106
v -0.235826 -0.085179 -0.299501
v -0.235753 -0.086260 -0.312588
v -0.234532 -0.076597 -0.315922
v -0.233795 -0.074555 -0.303759
v -0.233638 -0.079848 -0.286219
v -0.235831 -0.085855 -0.283942
v -0.240694 -0.091943 -0.298379
v -0.239738 -0.092886 -0.312902
v -0.233489 -0.088249 -0.319854
v -0.232901 -0.083773 -0.320080
v -0.248217 -0.103302 -0.239493
v -0.254952 -0.103861 -0.235588
v -0.240035 -0.097828 -0.245182
v -0.234118 -0.091468 -0.248702
v -0.230044 -0.082649 -0.251617
v -0.235615 -0.088513 -0.266343
v -0.232854 -0.079341 -0.269567
v -0.231360 -0.072105 -0.253252
v -0.234008 -0.073072 -0.287725
v -0.240544 -0.095243 -0.263322
v -0.241052 -0.092639 -0.281611
v -0.264614 -0.097180 -0.231845
v -0.270211 -0.090704 -0.249019
v -0.264395 -0.095733 -0.251897
v -0.236941 -0.065530 -0.288462
v -0.234984 -0.068657 -0.271456
v -0.235584 -0.069050 -0.301839
v -0.272171 -0.086328 -0.272201
v -0.271701 -0.086228 -0.291371
v -0.268780 -0.090701 -0.272830
v -0.272617 -0.085625 -0.305386
v -0.269144 -0.090218 -0.309188
v -0.268350 -0.090541 -0.292830
v -0.273862 -0.080348 -0.319001
v -0.272257 -0.084736 -0.319394
v -0.237446 -0.064348 -0.313196
v -0.235539 -0.068814 -0.315505
v -0.235746 -0.061766 -0.320930
v -0.264335 -0.094929 -0.314732
v -0.263494 -0.094562 -0.296299
v -0.263545 -0.094792 -0.274726
v -0.270016 -0.088829 -0.320677
v -0.264709 -0.094194 -0.329871
v -0.254875 -0.099451 -0.315672
v -0.255082 -0.099903 -0.297583
v -0.255282 -0.100630 -0.277543
v -0.255128 -0.101872 -0.256219
v -0.248938 -0.098425 -0.297747
v -0.249286 -0.099162 -0.279293
v -0.233202 -0.067981 -0.320802
v -0.232960 -0.064103 -0.321333
v -0.235025 -0.072668 -0.315726
v -0.232506 -0.072467 -0.320870
v -0.247896 -0.098597 -0.313914
v -0.248597 -0.101063 -0.259339
v -0.256307 -0.100600 -0.332000
v -0.251165 -0.102120 -0.325837
v -0.232369 -0.078932 -0.320407
v -0.231243 -0.075737 -0.321120
v -0.242696 -0.100397 -0.322245
v -0.238930 -0.097970 -0.321326
v -0.236057 -0.094290 -0.320413
v -0.247377 -0.101558 -0.323161
v -0.233323 -0.091578 -0.320178
v -0.226818 -0.053814 -0.344460
v -0.228678 -0.053956 -0.339587
v -0.220202 -0.053797 -0.338149
v -0.218398 -0.053403 -0.343614
v -0.233467 -0.055850 -0.344847
v -0.235586 -0.055845 -0.340538
v -0.231351 -0.054393 -0.334567
v -0.223222 -0.054515 -0.333465
v -0.212806 -0.056225 -0.334585
v -0.208795 -0.055738 -0.341165
v -0.217156 -0.053050 -0.347997
v -0.225530 -0.053660 -0.348276
v -0.216412 -0.052751 -0.351239
v -0.224765 -0.053569 -0.351092
v -0.230703 -0.055853 -0.351616
v -0.231992 -0.055738 -0.348240
v -0.206720 -0.055623 -0.346792
v -0.206624 -0.055743 -0.351282
v -0.216061 -0.053079 -0.353191
v -0.224249 -0.054047 -0.352828
v -0.252524 -0.069000 -0.342314
v -0.258001 -0.067717 -0.336648
v -0.255162 -0.062981 -0.333554
v -0.250895 -0.063521 -0.339403
v -0.254212 -0.074158 -0.344710
v -0.260153 -0.072315 -0.339149
v -0.262607 -0.068077 -0.329165
v -0.258342 -0.062776 -0.326704
v -0.249577 -0.059209 -0.331464
v -0.246140 -0.059214 -0.337174
v -0.247794 -0.063973 -0.343767
v -0.249185 -0.069738 -0.346359
v -0.243886 -0.062921 -0.348478
v -0.242244 -0.063057 -0.351221
v -0.245549 -0.069748 -0.351439
v -0.239341 -0.059104 -0.348091
v -0.237558 -0.058832 -0.351163
v -0.240701 -0.064261 -0.353249
v -0.243901 -0.070985 -0.353438
v -0.247407 -0.070150 -0.349166
v -0.245723 -0.064069 -0.346696
v -0.248195 -0.076559 -0.351723
v -0.250829 -0.074968 -0.348174
v -0.243322 -0.059275 -0.341750
v -0.241074 -0.059297 -0.345226
v -0.241348 -0.056374 -0.330413
v -0.238208 -0.056000 -0.335728
v -0.252553 -0.059346 -0.326121
v -0.243992 -0.056854 -0.325947
v -0.234802 -0.055233 -0.329431
v -0.229555 -0.057611 -0.353850
v -0.235919 -0.059814 -0.353384
v -0.265162 -0.071617 -0.330303
v -0.261747 -0.076630 -0.340934
v -0.267575 -0.075546 -0.331461
v -0.245912 -0.077534 -0.353701
v -0.242423 -0.071654 -0.355087
v -0.244317 -0.077915 -0.355319
v -0.246715 -0.083917 -0.354014
v -0.248950 -0.083329 -0.352263
v -0.235368 -0.060603 -0.354788
v -0.223830 -0.055906 -0.354247
v -0.216177 -0.054939 -0.354651
v -0.224167 -0.057851 -0.355607
v -0.229189 -0.058724 -0.355243
v -0.237021 -0.056208 -0.325829
v -0.232815 -0.057557 -0.325317
v -0.227898 -0.056083 -0.329051
v -0.252174 -0.081321 -0.350643
v -0.255789 -0.079182 -0.346765
v -0.239381 -0.065106 -0.354923
v -0.219339 -0.057507 -0.355903
v -0.206820 -0.056267 -0.353924
v -0.207367 -0.057903 -0.355459
v -0.268482 -0.079834 -0.332390
v -0.268134 -0.084517 -0.332782
v -0.266505 -0.088858 -0.333715
v -0.226199 -0.068537 -0.323653
v -0.225839 -0.064667 -0.324602
v -0.258563 -0.097700 -0.336392
v -0.225723 -0.081385 -0.322693
v -0.224581 -0.078134 -0.323450
v -0.236186 -0.104386 -0.324339
v -0.232958 -0.102305 -0.323620
v -0.226329 -0.086085 -0.322395
v -0.229303 -0.098373 -0.322956
v -0.228114 -0.095978 -0.322777
v -0.228847 -0.061330 -0.324658
v -0.230768 -0.099888 -0.323134
v -0.240716 -0.105877 -0.325155
v -0.227163 -0.090147 -0.322319
v -0.225779 -0.072634 -0.323605
v -0.224603 -0.075444 -0.323871
v -0.227036 -0.093275 -0.322706
v -0.242600 -0.107262 -0.327000
v -0.249515 -0.105032 -0.337931
v -0.245964 -0.106529 -0.332485
v -0.241657 -0.072026 -0.355569
v -0.243433 -0.077893 -0.355780
v -0.238793 -0.065877 -0.355423
v -0.235599 -0.076549 -0.356476
v -0.244111 -0.083476 -0.356038
v -0.245049 -0.083890 -0.355602
v -0.221059 -0.090851 -0.324465
v -0.219949 -0.087266 -0.324208
v -0.224699 -0.058188 -0.327907
v -0.217739 -0.056908 -0.330983
v -0.216656 -0.114101 -0.345633
v -0.218399 -0.117049 -0.345457
v -0.217615 -0.115649 -0.351920
v -0.216172 -0.113053 -0.351985
v -0.219015 -0.113575 -0.339097
v -0.220743 -0.116416 -0.338977
v -0.221387 -0.119271 -0.345741
v -0.220473 -0.117685 -0.351941
v -0.217720 -0.114371 -0.355689
v -0.216580 -0.112156 -0.355684
v -0.215638 -0.111098 -0.352003
v -0.215926 -0.111972 -0.345758
v -0.205796 -0.112239 -0.345575
v -0.211240 -0.111813 -0.345513
v -0.211147 -0.111063 -0.352122
v -0.206122 -0.111573 -0.352427
v -0.208898 -0.111027 -0.337943
v -0.213917 -0.111015 -0.338487
v -0.214601 -0.111169 -0.345537
v -0.214315 -0.110343 -0.351949
v -0.211252 -0.109946 -0.355974
v -0.206637 -0.110500 -0.356368
v -0.201904 -0.110297 -0.352525
v -0.201179 -0.110840 -0.345368
v -0.198204 -0.102600 -0.345109
v -0.198893 -0.107051 -0.345117
v -0.199974 -0.106649 -0.352405
v -0.199620 -0.102313 -0.352279
v -0.201422 -0.101211 -0.337211
v -0.202262 -0.105422 -0.336924
v -0.201365 -0.106135 -0.356559
v -0.201247 -0.102109 -0.356390
v -0.199876 -0.099545 -0.352203
v -0.198244 -0.099770 -0.345166
v -0.192801 -0.092328 -0.344766
v -0.195546 -0.095933 -0.344974
v -0.197017 -0.095657 -0.352181
v -0.193967 -0.091904 -0.352160
v -0.196438 -0.091438 -0.336528
v -0.198854 -0.094838 -0.337003
v -0.197541 -0.097835 -0.345139
v -0.199212 -0.097641 -0.352182
v -0.198481 -0.094914 -0.356299
v -0.195353 -0.091230 -0.356365
v -0.192080 -0.087284 -0.352089
v -0.191054 -0.087714 -0.344663
v -0.192953 -0.077979 -0.344976
v -0.191397 -0.082609 -0.344763
v -0.192492 -0.082421 -0.351959
v -0.194184 -0.078129 -0.351819
v -0.196259 -0.077396 -0.337654
v -0.195093 -0.081867 -0.337034
v -0.193910 -0.082416 -0.356086
v -0.195627 -0.078498 -0.355793
v -0.195753 -0.075388 -0.351745
v -0.194396 -0.075066 -0.345160
v -0.196977 -0.066112 -0.345232
v -0.196448 -0.069270 -0.344987
v -0.197849 -0.069388 -0.351381
v -0.198293 -0.065929 -0.351346
v -0.199486 -0.066517 -0.338002
v -0.198917 -0.069510 -0.338049
v -0.196221 -0.071438 -0.344994
v -0.197670 -0.071728 -0.351481
v -0.199336 -0.069121 -0.355079
v -0.199731 -0.065689 -0.354866
v -0.199506 -0.061860 -0.351314
v -0.198545 -0.062095 -0.345650
v -0.247071 -0.104674 -0.346478
v -0.250493 -0.098384 -0.350038
v -0.246750 -0.101002 -0.351743
v -0.242725 -0.106948 -0.349682
v -0.252271 -0.101500 -0.342093
v -0.255415 -0.095353 -0.346224
v -0.252325 -0.092445 -0.351638
v -0.248166 -0.095578 -0.352961
v -0.242489 -0.103379 -0.353475
v -0.238323 -0.109611 -0.351735
v -0.238682 -0.111662 -0.347451
v -0.243308 -0.109075 -0.343582
v -0.236852 -0.113484 -0.339523
v -0.232712 -0.116385 -0.344021
v -0.227676 -0.118609 -0.341250
v -0.231297 -0.115677 -0.336231
v -0.230289 -0.117031 -0.348156
v -0.225336 -0.119236 -0.346652
v -0.223715 -0.118616 -0.339584
v -0.227276 -0.115625 -0.334154
v -0.235108 -0.112762 -0.332566
v -0.240114 -0.111167 -0.336675
v -0.223308 -0.111546 -0.333083
v -0.224721 -0.113783 -0.333162
v -0.227526 -0.109410 -0.328747
v -0.229312 -0.111159 -0.329146
v -0.218288 -0.111524 -0.339264
v -0.222680 -0.109893 -0.333254
v -0.215540 -0.108170 -0.330689
v -0.219260 -0.108869 -0.331763
v -0.221694 -0.105581 -0.326948
v -0.224271 -0.106907 -0.327882
v -0.221596 -0.108945 -0.332811
v -0.217017 -0.110623 -0.338919
v -0.204557 -0.109258 -0.337235
v -0.212203 -0.105836 -0.330045
v -0.209422 -0.098376 -0.330606
v -0.210251 -0.102049 -0.330028
v -0.216583 -0.096362 -0.326650
v -0.217506 -0.099516 -0.326111
v -0.201340 -0.098543 -0.337544
v -0.209180 -0.096093 -0.331148
v -0.205005 -0.089446 -0.330128
v -0.207139 -0.092668 -0.330655
v -0.212948 -0.088177 -0.326035
v -0.214643 -0.091433 -0.326613
v -0.208577 -0.094371 -0.331163
v -0.200644 -0.096642 -0.337492
v -0.194912 -0.086909 -0.336593
v -0.203606 -0.085012 -0.330109
v -0.204314 -0.076505 -0.332174
v -0.203607 -0.080296 -0.330951
v -0.211940 -0.076134 -0.328206
v -0.211659 -0.079408 -0.326910
v -0.197431 -0.074662 -0.338328
v -0.204912 -0.074283 -0.333086
v -0.206090 -0.067328 -0.332046
v -0.205532 -0.070284 -0.332622
v -0.212869 -0.068134 -0.328007
v -0.212326 -0.071201 -0.328691
v -0.205343 -0.072080 -0.333193
v -0.198743 -0.071509 -0.338306
v -0.201047 -0.062573 -0.338462
v -0.207252 -0.063472 -0.332079
v -0.231667 -0.107220 -0.326512
v -0.234755 -0.108798 -0.327029
v -0.226282 -0.108344 -0.328975
v -0.229116 -0.106456 -0.326823
v -0.236531 -0.110181 -0.328147
v -0.231264 -0.112881 -0.330439
v -0.226580 -0.103148 -0.324981
v -0.228421 -0.104976 -0.325711
v -0.225486 -0.107551 -0.328776
v -0.219158 -0.103008 -0.326191
v -0.224744 -0.100684 -0.324496
v -0.222347 -0.094915 -0.324550
v -0.223394 -0.097710 -0.324340
v -0.215654 -0.094522 -0.327380
v -0.220525 -0.093244 -0.325315
v -0.215184 -0.093204 -0.327363
v -0.211765 -0.083797 -0.326032
v -0.219113 -0.082825 -0.324369
v -0.218859 -0.075870 -0.325851
v -0.218847 -0.078795 -0.325026
v -0.211517 -0.074265 -0.329416
v -0.217409 -0.074006 -0.327076
v -0.222249 -0.061046 -0.327098
v -0.215425 -0.060593 -0.329046
v -0.220378 -0.064584 -0.326277
v -0.213751 -0.064256 -0.328075
v -0.209211 -0.059816 -0.332924
v -0.239082 -0.110001 -0.330102
v -0.242715 -0.109241 -0.335133
v -0.245719 -0.107452 -0.341412
v -0.261742 -0.091732 -0.340310
v -0.263185 -0.086331 -0.342093
v -0.256809 -0.089569 -0.348238
v -0.262771 -0.081286 -0.341899
v -0.256654 -0.084324 -0.347939
v -0.252580 -0.086877 -0.351272
v -0.234996 -0.113256 -0.350236
v -0.229471 -0.115309 -0.352512
v -0.233714 -0.110797 -0.354161
v -0.224474 -0.117646 -0.352081
v -0.203766 -0.058976 -0.339431
v -0.201365 -0.058614 -0.346106
v -0.219690 -0.068531 -0.325858
v -0.219202 -0.071924 -0.326133
v -0.211482 -0.072898 -0.329563
v -0.196110 -0.072720 -0.345214
v -0.197605 -0.073023 -0.351635
v -0.200135 -0.072832 -0.355295
v -0.199535 -0.071485 -0.355219
v -0.198790 -0.072627 -0.338668
v -0.195520 -0.073824 -0.345280
v -0.196987 -0.074138 -0.351723
v -0.197585 -0.075762 -0.355560
v -0.199503 -0.074168 -0.355405
v -0.198371 -0.073572 -0.338691
v -0.205611 -0.072891 -0.333558
v -0.211245 -0.073545 -0.330204
v -0.205481 -0.073484 -0.333536
v -0.198570 -0.098185 -0.345241
v -0.200306 -0.097982 -0.352174
v -0.202533 -0.097240 -0.356130
v -0.200970 -0.096874 -0.356212
v -0.201598 -0.097004 -0.337796
v -0.198744 -0.098695 -0.345246
v -0.200468 -0.098479 -0.352177
v -0.201808 -0.099324 -0.356239
v -0.202757 -0.097932 -0.356138
v -0.201771 -0.097507 -0.337808
v -0.209347 -0.094740 -0.331495
v -0.215253 -0.093761 -0.328019
v -0.209486 -0.095160 -0.331491
v -0.215694 -0.110620 -0.345678
v -0.215446 -0.109728 -0.351937
v -0.216139 -0.108033 -0.355577
v -0.214491 -0.109011 -0.355699
v -0.218056 -0.110167 -0.339232
v -0.216008 -0.110850 -0.345763
v -0.215777 -0.109952 -0.351968
v -0.216316 -0.110096 -0.355633
v -0.216656 -0.108379 -0.355560
v -0.218359 -0.110422 -0.339352
v -0.222480 -0.108619 -0.333337
v -0.225831 -0.107568 -0.329376
v -0.222730 -0.108869 -0.333451
v -0.246618 -0.089892 -0.354342
v -0.249099 -0.089525 -0.352583
v -0.244297 -0.089873 -0.355761
v -0.245618 -0.095458 -0.354678
v -0.202560 -0.058956 -0.354298
v -0.203589 -0.060049 -0.355880
v -0.204753 -0.061164 -0.357437
v -0.208062 -0.059310 -0.357069
v -0.201809 -0.058577 -0.351267
v -0.200686 -0.061887 -0.354592
v -0.202075 -0.062217 -0.356126
v -0.201341 -0.065182 -0.356359
v -0.203582 -0.062621 -0.357615
v -0.200812 -0.068104 -0.356571
v -0.202964 -0.064672 -0.357779
v -0.201975 -0.070343 -0.356628
v -0.204826 -0.071897 -0.356528
v -0.203717 -0.069336 -0.357971
v -0.202294 -0.066982 -0.357958
v -0.204177 -0.073940 -0.356674
v -0.200025 -0.076468 -0.357057
v -0.206098 -0.075392 -0.358076
v -0.207235 -0.071735 -0.357823
v -0.197139 -0.079446 -0.357390
v -0.195640 -0.082884 -0.357676
v -0.198621 -0.080481 -0.358865
v -0.201566 -0.077827 -0.358522
v -0.193471 -0.086864 -0.356312
v -0.195226 -0.086492 -0.357873
v -0.196879 -0.090074 -0.357906
v -0.196757 -0.086145 -0.359267
v -0.197256 -0.083351 -0.359102
v -0.199770 -0.093302 -0.357828
v -0.198261 -0.088959 -0.359276
v -0.202859 -0.095067 -0.357686
v -0.206079 -0.095390 -0.357490
v -0.204435 -0.093413 -0.358997
v -0.200909 -0.091864 -0.359200
v -0.206515 -0.096710 -0.357510
v -0.204295 -0.099261 -0.357750
v -0.209636 -0.095892 -0.358700
v -0.208839 -0.093604 -0.358664
v -0.203136 -0.102239 -0.357951
v -0.203078 -0.105584 -0.358105
v -0.204750 -0.102367 -0.359359
v -0.206416 -0.099280 -0.359093
v -0.202915 -0.109429 -0.356601
v -0.204086 -0.108048 -0.358140
v -0.207073 -0.108639 -0.357928
v -0.205027 -0.106956 -0.359546
v -0.204643 -0.105152 -0.359494
v -0.211267 -0.107989 -0.357563
v -0.207421 -0.107022 -0.359362
v -0.215121 -0.106458 -0.357225
v -0.218558 -0.104091 -0.356936
v -0.215662 -0.104309 -0.358595
v -0.211333 -0.106330 -0.359021
v -0.219631 -0.104827 -0.356885
v -0.218506 -0.108609 -0.357062
v -0.222357 -0.102105 -0.357980
v -0.220412 -0.100953 -0.358085
v -0.218278 -0.111330 -0.357164
v -0.219031 -0.113043 -0.357179
v -0.219912 -0.110740 -0.358532
v -0.220569 -0.107516 -0.358345
v -0.220267 -0.116130 -0.355579
v -0.220887 -0.114290 -0.357086
v -0.223913 -0.116140 -0.355329
v -0.223807 -0.114158 -0.356841
v -0.221568 -0.112658 -0.358489
v -0.220387 -0.111774 -0.358543
v -0.227470 -0.114726 -0.355183
v -0.226894 -0.112820 -0.356513
v -0.223873 -0.112392 -0.358293
v -0.240953 -0.101747 -0.355214
v -0.232590 -0.108673 -0.355934
v -0.243337 -0.095040 -0.356064
v -0.231816 -0.107342 -0.357480
v -0.226595 -0.111125 -0.358022
v -0.213922 -0.056747 -0.356469
v -0.239603 -0.100970 -0.356745
v -0.210711 -0.081845 -0.358644
v -0.208719 -0.088457 -0.359085
v -0.211701 -0.085846 -0.358750
v -0.204765 -0.088717 -0.359399
v -0.212713 -0.091761 -0.358718
v -0.216478 -0.089114 -0.358330
v -0.217634 -0.085238 -0.358075
v -0.216184 -0.080132 -0.357949
v -0.213862 -0.063755 -0.357495
v -0.210246 -0.067399 -0.357990
v -0.212979 -0.066590 -0.357725
v -0.206857 -0.066223 -0.358196
v -0.211711 -0.071230 -0.357868
v -0.214952 -0.070488 -0.357573
v -0.216956 -0.068330 -0.357292
v -0.217722 -0.064757 -0.357027
v -0.215741 -0.096304 -0.358892
v -0.217151 -0.099780 -0.358930
v -0.217644 -0.097518 -0.358798
v -0.213454 -0.102610 -0.359333
v -0.222325 -0.098268 -0.358254
v -0.222435 -0.096194 -0.358166
v -0.221444 -0.094386 -0.358167
v -0.219352 -0.092844 -0.358265
v -0.229489 -0.099329 -0.357961
v -0.233832 -0.101494 -0.357723
v -0.232580 -0.099157 -0.357720
v -0.229058 -0.106210 -0.358274
v -0.241191 -0.097142 -0.356885
v -0.238565 -0.095066 -0.356951
v -0.235380 -0.094182 -0.357118
v -0.231640 -0.094469 -0.357392
v -0.233114 -0.071676 -0.356412
v -0.236105 -0.081453 -0.356691
v -0.233624 -0.084501 -0.357013
v -0.242703 -0.087558 -0.356348
v -0.243550 -0.088278 -0.355930
v -0.239205 -0.090130 -0.356694
v -0.239812 -0.091066 -0.356290
v -0.240436 -0.092773 -0.356128
v -0.235615 -0.091566 -0.356993
v -0.235948 -0.092624 -0.356603
v -0.231950 -0.091855 -0.357263
v -0.231972 -0.092940 -0.356888
v -0.231868 -0.093810 -0.356929
v -0.235868 -0.093496 -0.356645
v -0.230344 -0.085490 -0.357312
v -0.228650 -0.092218 -0.357530
v -0.228418 -0.093330 -0.357174
v -0.225708 -0.092681 -0.357774
v -0.225267 -0.093829 -0.357434
v -0.224442 -0.095252 -0.357343
v -0.227696 -0.094740 -0.357073
v -0.227149 -0.085323 -0.357544
v -0.223369 -0.091445 -0.357904
v -0.222764 -0.092501 -0.357576
v -0.221634 -0.088503 -0.357917
v -0.220912 -0.089348 -0.357593
v -0.220108 -0.089745 -0.357461
v -0.222019 -0.093002 -0.357443
v -0.224858 -0.082401 -0.357591
v -0.220027 -0.084481 -0.357865
v -0.219202 -0.085035 -0.357534
v -0.218548 -0.079375 -0.357740
v -0.217642 -0.079564 -0.357400
v -0.216853 -0.079814 -0.357470
v -0.218408 -0.085289 -0.357603
v -0.223465 -0.077801 -0.357480
v -0.218102 -0.075434 -0.357586
v -0.217171 -0.075339 -0.357235
v -0.218687 -0.072658 -0.357404
v -0.217789 -0.072364 -0.357035
v -0.215910 -0.072193 -0.356963
v -0.215275 -0.075267 -0.357169
v -0.224072 -0.074366 -0.357267
v -0.219305 -0.069442 -0.357184
v -0.218447 -0.068927 -0.356797
v -0.219957 -0.065787 -0.356929
v -0.219145 -0.065024 -0.356518
v -0.218398 -0.064681 -0.356550
v -0.217664 -0.068555 -0.356833
v -0.225603 -0.071211 -0.356985
v -0.222112 -0.063445 -0.356635
v -0.221451 -0.062523 -0.356202
v -0.225765 -0.062418 -0.356300
v -0.225366 -0.061424 -0.355851
v -0.224832 -0.059902 -0.355621
v -0.220525 -0.060544 -0.355959
v -0.229077 -0.070485 -0.356675
v -0.230022 -0.062146 -0.355929
v -0.229940 -0.061132 -0.355454
v -0.234919 -0.062589 -0.355547
v -0.235223 -0.061603 -0.355048
v -0.229543 -0.060084 -0.355234
v -0.201899 -0.078389 -0.358941
v -0.206101 -0.076338 -0.358532
v -0.199160 -0.080752 -0.359256
v -0.203391 -0.081794 -0.359191
v -0.207365 -0.080517 -0.358835
v -0.210017 -0.075879 -0.358218
v -0.210292 -0.074900 -0.357740
v -0.213644 -0.077012 -0.357997
v -0.214150 -0.076352 -0.357515
v -0.211304 -0.073655 -0.357397
v -0.217147 -0.089444 -0.357879
v -0.213075 -0.092283 -0.358291
v -0.213835 -0.092570 -0.358034
v -0.218062 -0.089635 -0.357610
v -0.208763 -0.092996 -0.359068
v -0.204630 -0.092817 -0.359379
v -0.201321 -0.091374 -0.359568
v -0.198834 -0.088665 -0.359639
v -0.201973 -0.086571 -0.359516
v -0.197421 -0.086039 -0.359629
v -0.197888 -0.083432 -0.359477
v -0.201600 -0.084420 -0.359448
v -0.208337 -0.059603 -0.357497
v -0.213832 -0.057210 -0.356931
v -0.205233 -0.061336 -0.357841
v -0.209351 -0.061593 -0.357742
v -0.212713 -0.061103 -0.357448
v -0.216424 -0.058011 -0.356767
v -0.216757 -0.057560 -0.356288
v -0.217544 -0.061316 -0.356851
v -0.218097 -0.061015 -0.356368
v -0.215221 -0.071105 -0.357169
v -0.211069 -0.072325 -0.357554
v -0.208178 -0.070639 -0.358113
v -0.204354 -0.068717 -0.358313
v -0.202803 -0.066700 -0.358331
v -0.203525 -0.064589 -0.358173
v -0.206588 -0.064185 -0.358115
v -0.204143 -0.062695 -0.358015
v -0.206901 -0.099315 -0.359479
v -0.209935 -0.096154 -0.359112
v -0.205334 -0.102196 -0.359727
v -0.209390 -0.100351 -0.359548
v -0.212391 -0.097507 -0.359198
v -0.213170 -0.093945 -0.358774
v -0.213102 -0.093526 -0.358338
v -0.216593 -0.092697 -0.358467
v -0.216811 -0.092185 -0.358010
v -0.217685 -0.091183 -0.357696
v -0.219775 -0.092342 -0.357796
v -0.221999 -0.093996 -0.357693
v -0.219729 -0.091291 -0.357549
v -0.223029 -0.095936 -0.357688
v -0.222867 -0.098163 -0.357782
v -0.224254 -0.097553 -0.357439
v -0.220032 -0.100872 -0.358538
v -0.215557 -0.104006 -0.359014
v -0.211490 -0.105895 -0.359411
v -0.207837 -0.106542 -0.359727
v -0.209981 -0.103523 -0.359641
v -0.205598 -0.106480 -0.359899
v -0.205236 -0.104795 -0.359852
v -0.208895 -0.102869 -0.359697
v -0.221101 -0.107257 -0.358712
v -0.222808 -0.102203 -0.358372
v -0.220468 -0.110265 -0.358887
v -0.224067 -0.106255 -0.358656
v -0.226194 -0.101924 -0.358318
v -0.225191 -0.098408 -0.358036
v -0.224908 -0.098038 -0.357620
v -0.228249 -0.095870 -0.357703
v -0.228220 -0.095314 -0.357263
v -0.239275 -0.094430 -0.356474
v -0.242083 -0.096635 -0.356408
v -0.238871 -0.101186 -0.357196
v -0.231605 -0.107102 -0.357904
v -0.226725 -0.110623 -0.358414
v -0.224182 -0.111804 -0.358666
v -0.226002 -0.108149 -0.358590
v -0.222024 -0.112054 -0.358845
v -0.220912 -0.111230 -0.358897
v -0.224280 -0.108029 -0.358715
v -0.207203 -0.062654 -0.357973
v -0.365403 -0.000451 0.055312
v -0.370903 0.013944 0.057952
v -0.360339 0.034474 0.089175
v -0.356204 0.030003 0.099171
v -0.349673 0.022673 0.106358
v -0.343507 0.010400 0.110756
v -0.363240 0.000046 0.115109
v -0.365334 0.010595 0.111802
v -0.402302 0.017354 0.103484
v -0.402142 0.000549 0.109193
v -0.342068 -0.000625 0.112899
v -0.368615 0.020524 0.106662
v -0.447866 0.001793 0.111720
v -0.447371 0.015841 0.105981
v -0.402760 -0.016433 0.104095
v -0.365435 -0.010453 0.111997
v -0.402444 0.031935 0.085207
v -0.373730 0.029055 0.096280
v -0.377316 0.033354 0.087042
v -0.381711 0.029363 0.070834
v -0.402216 0.029637 0.067017
v -0.365983 0.029608 0.072884
v -0.382199 0.022780 0.062556
v -0.401951 0.022830 0.060446
v -0.448845 0.027210 0.069177
v -0.448328 0.029616 0.087516
v -0.368311 0.022724 0.064019
v -0.343872 -0.011558 0.110743
v -0.383500 0.013998 0.057244
v -0.401969 0.014072 0.056476
v -0.378867 -0.000444 0.056306
v -0.402105 -0.000446 0.054604
v -0.449157 0.011886 0.058644
v -0.383767 -0.014855 0.057620
v -0.402415 -0.014882 0.057009
v -0.449338 0.000008 0.056904
v -0.371113 -0.014797 0.058247
v -0.449566 -0.011725 0.059422
v -0.447892 -0.012614 0.106902
v -0.368889 -0.020399 0.107073
v -0.377831 -0.033513 0.087823
v -0.374149 -0.029060 0.096921
v -0.403363 -0.031651 0.086372
v -0.360819 -0.034866 0.089619
v -0.356797 -0.030476 0.099396
v -0.403120 -0.030032 0.068117
v -0.382223 -0.029870 0.071579
v -0.449306 -0.027513 0.089389
v -0.449769 -0.026318 0.070939
v -0.402657 -0.023486 0.061299
v -0.382613 -0.023498 0.063146
v -0.366388 -0.030174 0.073443
v -0.368632 -0.023457 0.064474
v -0.350297 -0.023452 0.106412
v -0.499752 0.003079 0.110679
v -0.499735 0.017082 0.104878
v -0.549801 0.017972 0.101400
v -0.549610 0.004212 0.107206
v -0.500823 0.030216 0.086578
v -0.551056 0.029620 0.082818
v -0.593346 0.018445 0.097341
v -0.593223 0.005132 0.103115
v -0.550423 -0.010008 0.102744
v -0.500344 -0.011330 0.106045
v -0.551756 0.001681 0.053499
v -0.550909 0.013388 0.055158
v -0.503872 0.012818 0.057879
v -0.504465 0.000933 0.056177
v -0.597810 0.002323 0.049866
v -0.596807 0.013653 0.051527
v -0.550793 0.032186 0.065255
v -0.502890 0.027710 0.068264
v -0.504382 -0.010786 0.058864
v -0.551425 -0.009829 0.056274
v -0.596614 0.027391 0.061267
v -0.594520 0.031098 0.079466
v -0.597256 -0.008785 0.052761
v -0.593946 -0.008709 0.098817
v -0.502028 -0.025857 0.088889
v -0.504020 -0.024787 0.070446
v -0.552232 -0.023314 0.085368
v -0.552121 -0.027562 0.068122
v -0.597587 -0.021370 0.063947
v -0.595671 -0.023160 0.082416
v -0.678226 0.006223 0.100937
v -0.677771 0.018433 0.095609
v -0.714309 0.019964 0.099467
v -0.715287 0.008163 0.104710
v -0.636249 0.005671 0.101382
v -0.636531 0.018484 0.095805
v -0.679736 0.030400 0.078367
v -0.716161 0.031632 0.082661
v -0.715699 -0.004385 0.101240
v -0.678290 -0.006560 0.097154
v -0.721695 0.005115 0.056792
v -0.719910 0.015054 0.057303
v -0.682322 0.013547 0.052088
v -0.683697 0.003263 0.051258
v -0.718249 0.028967 0.066360
v -0.681431 0.027700 0.061507
v -0.641114 0.013636 0.051282
v -0.642190 0.002769 0.049989
v -0.682753 -0.006889 0.053355
v -0.721162 -0.004809 0.058665
v -0.640419 0.028004 0.060981
v -0.638697 0.030701 0.078230
v -0.641262 -0.007886 0.052514
v -0.636713 -0.007688 0.097301
v -0.719179 -0.018109 0.086142
v -0.680818 -0.020465 0.081514
v -0.721162 -0.017460 0.069531
v -0.682442 -0.019796 0.064452
v -0.639059 -0.021793 0.081236
v -0.640757 -0.021059 0.063791
v -0.755650 0.023733 0.095277
v -0.758111 0.012261 0.100701
v -0.753131 0.006740 0.053665
v -0.751348 0.016685 0.054006
v -0.751450 0.030791 0.062269
v -0.753067 0.034285 0.078178
v -0.787691 0.037778 0.076372
v -0.788881 0.027827 0.093465
v -0.790877 0.016578 0.099182
v -0.787771 0.034057 0.060743
v -0.822575 0.042000 0.079004
v -0.822615 0.032709 0.095660
v -0.788906 0.020160 0.052950
v -0.823771 0.038129 0.064079
v -0.790789 0.010350 0.053024
v -0.825420 0.024594 0.056943
v -0.826933 0.014937 0.057340
v -0.753408 -0.003052 0.056034
v -0.791441 0.000725 0.055547
v -0.823957 0.021725 0.101439
v -0.791992 0.004084 0.096681
v -0.758329 -0.000394 0.097889
v -0.839940 0.018033 0.067639
v -0.838078 0.022296 0.093484
v -0.839077 0.023798 0.066926
v -0.838953 0.014912 0.092742
v -0.838230 0.031325 0.071377
v -0.832659 0.024559 0.060398
v -0.833926 0.016291 0.061032
v -0.827852 0.005588 0.060032
v -0.830165 0.031754 0.093715
v -0.831321 0.022262 0.098509
v -0.825589 0.009508 0.099423
v -0.830266 0.039246 0.079449
v -0.831333 0.035823 0.066605
v -0.834690 0.008214 0.063144
v -0.840452 0.012322 0.068906
v -0.837260 0.028986 0.090334
v -0.832656 0.011749 0.097071
v -0.837445 0.033790 0.080407
v -0.793935 -0.009958 0.082823
v -0.758408 -0.014638 0.083394
v -0.793589 -0.010529 0.066733
v -0.756319 -0.014914 0.067041
v -0.828487 -0.004211 0.086522
v -0.829286 -0.005027 0.071105
v -0.840621 0.007254 0.084984
v -0.835096 0.000321 0.085995
v -0.835831 -0.000429 0.072701
v -0.841177 0.006708 0.075625
v -0.353516 0.038974 -0.000548
f 7207 1 2
f 7207 2 3
f 4 5 6
f 4 6 7
f 8 9 10
f 8 10 11
f 12 13 14
f 12 14 15
f 16 17 18
f 16 18 19
f 20 21 22
f 20 22 23
f 24 25 26
f 24 26 27
f 28 29 30
f 28 30 31
f 32 31 30
f 32 30 33
f 34 35 36
f 34 36 37
f 38 39 40
f 38 40 41
f 42 43 44
f 42 44 45
f 46 47 48
f 46 48 49
f 50 20 23
f 50 23 51
f 21 27 26
f 21 26 22
f 35 42 45
f 35 45 36
f 52 53 25
f 52 25 24
f 34 37 54
f 34 54 55
f 52 55 56
f 52 56 53
f 38 41 29
f 38 29 28
f 32 33 44
f 32 44 43
f 49 48 40
f 49 40 39
f 57 58 17
f 57 17 16
f 15 14 58
f 15 58 57
f 59 60 61
f 59 61 62
f 11 10 61
f 11 61 60
f 63 64 13
f 63 13 12
f 4 59 62
f 4 62 5
f 7 6 64
f 7 64 63
f 7207 3 9
f 7207 9 8
f 1 50 65
f 1 65 2
f 19 18 66
f 66 67 47
f 66 47 46
f 3 2 68
f 3 68 69
f 2 65 70
f 2 70 68
f 68 71 72
f 68 72 69
f 3 69 73
f 3 73 9
f 10 9 73
f 10 73 74
f 73 75 76
f 73 76 74
f 10 74 77
f 10 77 61
f 78 79 80
f 78 80 81
f 71 82 83
f 71 83 84
f 71 84 85
f 71 85 72
f 68 70 82
f 68 82 71
f 83 82 86
f 87 88 89
f 87 89 90
f 87 91 92
f 87 92 88
f 88 93 94
f 88 94 89
f 87 90 95
f 96 97 98
f 96 98 99
f 95 100 101
f 87 95 101
f 101 100 102
f 101 102 103
f 104 105 106
f 104 107 108
f 104 108 105
f 105 109 110
f 105 110 106
f 104 106 111
f 104 111 112
f 5 110 109
f 5 109 6
f 5 62 113
f 5 113 110
f 6 109 114
f 6 114 64
f 18 17 115
f 17 58 116
f 17 116 115
f 18 115 117
f 18 117 118
f 13 114 119
f 13 119 120
f 119 121 122
f 119 122 120
f 13 120 14
f 13 64 114
f 105 108 119
f 105 119 114
f 123 124 125
f 123 125 126
f 127 128 129
f 127 129 130
f 127 131 132
f 127 132 128
f 87 129 128
f 87 128 91
f 103 133 130
f 103 130 129
f 127 130 134
f 127 134 135
f 136 137 138
f 136 138 139
f 126 140 137
f 126 137 136
f 137 141 142
f 137 142 138
f 138 143 144
f 138 144 139
f 102 145 133
f 102 133 103
f 102 146 147
f 102 147 145
f 133 145 148
f 133 148 149
f 143 150 151
f 143 151 144
f 117 152 153
f 117 153 118
f 117 154 155
f 117 155 152
f 156 153 152
f 156 152 157
f 67 118 153
f 67 153 99
f 158 159 160
f 158 160 161
f 162 163 164
f 162 164 165
f 166 167 168
f 166 168 169
f 170 171 172
f 170 172 173
f 100 174 146
f 100 146 102
f 72 85 94
f 72 94 75
f 123 158 161
f 123 161 124
f 124 161 175
f 124 175 176
f 160 177 175
f 160 175 161
f 121 176 175
f 121 175 122
f 124 176 178
f 124 178 125
f 30 29 172
f 30 172 179
f 40 164 173
f 40 173 41
f 163 170 173
f 163 173 164
f 180 179 172
f 180 172 171
f 81 80 179
f 81 179 180
f 30 179 80
f 30 80 33
f 33 80 79
f 33 79 44
f 36 45 169
f 36 169 168
f 78 166 169
f 78 169 79
f 44 79 169
f 44 169 45
f 152 155 181
f 152 181 157
f 155 160 159
f 155 159 181
f 97 162 165
f 97 165 98
f 96 99 153
f 96 153 156
f 154 177 160
f 154 160 155
f 47 98 165
f 47 165 48
f 115 116 154
f 115 154 117
f 116 182 177
f 116 177 154
f 122 175 177
f 122 177 182
f 14 120 122
f 14 122 182
f 14 182 116
f 14 116 58
f 138 142 183
f 138 183 143
f 134 149 183
f 134 183 142
f 134 142 141
f 134 141 135
f 130 133 149
f 130 149 134
f 148 184 183
f 148 183 149
f 126 125 140
f 137 140 185
f 137 185 141
f 125 178 185
f 125 185 140
f 135 141 185
f 135 185 186
f 178 187 186
f 178 186 185
f 127 135 186
f 127 186 131
f 87 101 103
f 87 103 129
f 107 131 186
f 107 186 187
f 121 187 178
f 121 178 176
f 91 112 92
f 91 128 132
f 91 132 112
f 92 112 111
f 92 111 188
f 107 187 121
f 107 121 108
f 104 132 131
f 104 131 107
f 104 112 132
f 105 114 109
f 108 121 119
f 18 118 67
f 18 67 66
f 61 77 113
f 61 113 62
f 106 110 113
f 106 113 111
f 77 188 111
f 77 111 113
f 74 76 188
f 74 188 77
f 76 93 188
f 75 94 93
f 75 93 76
f 88 92 188
f 88 188 93
f 69 72 75
f 69 75 73
f 29 41 173
f 29 173 172
f 167 189 190
f 167 190 168
f 36 168 190
f 36 190 37
f 40 48 165
f 40 165 164
f 143 183 184
f 143 184 150
f 151 150 191
f 151 191 192
f 150 184 193
f 150 193 191
f 148 194 193
f 148 193 184
f 145 147 194
f 145 194 148
f 47 67 99
f 47 99 98
f 50 51 195
f 50 195 65
f 70 196 86
f 70 86 82
f 65 195 196
f 65 196 70
f 83 86 197
f 86 196 198
f 86 198 197
f 195 199 198
f 195 198 196
f 146 174 200
f 146 200 201
f 146 201 202
f 146 202 147
f 147 202 203
f 147 203 194
f 193 194 203
f 193 203 204
f 191 193 204
f 191 204 205
f 192 191 205
f 192 205 206
f 51 207 199
f 51 199 195
f 208 209 210
f 208 210 211
f 212 213 214
f 212 214 215
f 208 216 217
f 208 217 209
f 83 197 213
f 83 213 212
f 216 215 214
f 216 214 218
f 200 219 220
f 211 210 219
f 221 222 223
f 221 223 224
f 22 225 226
f 22 226 23
f 25 227 228
f 25 228 26
f 229 230 231
f 229 231 232
f 221 233 234
f 221 234 222
f 233 235 236
f 233 236 234
f 222 234 231
f 222 231 230
f 23 226 207
f 23 207 51
f 22 26 228
f 22 228 225
f 25 53 237
f 25 237 227
f 53 56 238
f 53 238 237
f 238 239 230
f 238 230 229
f 222 230 239
f 222 239 223
f 224 223 240
f 224 240 241
f 56 242 239
f 56 239 238
f 231 234 236
f 231 236 243
f 223 239 242
f 223 242 240
f 241 240 244
f 241 244 245
f 54 244 240
f 54 240 242
f 55 54 242
f 55 242 56
f 232 231 243
f 232 243 246
f 189 245 244
f 189 244 190
f 37 190 244
f 37 244 54
f 247 248 249
f 247 249 250
f 251 252 253
f 251 253 254
f 255 256 257
f 255 257 258
f 259 260 261
f 259 261 262
f 263 264 265
f 263 265 266
f 267 268 269
f 267 269 270
f 271 272 269
f 271 269 268
f 273 274 275
f 273 275 276
f 246 243 277
f 246 277 278
f 279 280 281
f 279 281 282
f 267 270 274
f 267 274 273
f 278 277 272
f 278 272 271
f 276 275 281
f 276 281 280
f 283 266 265
f 283 265 284
f 259 283 284
f 259 284 260
f 285 286 287
f 285 287 288
f 256 288 287
f 256 287 257
f 289 262 261
f 289 261 290
f 254 253 286
f 254 286 285
f 251 289 290
f 251 290 252
f 248 255 258
f 248 258 249
f 199 207 247
f 199 247 250
f 279 282 291
f 279 291 292
f 263 292 264
f 293 294 295
f 293 295 296
f 297 298 299
f 297 299 300
f 301 302 303
f 301 303 304
f 205 305 306
f 205 306 206
f 307 308 309
f 307 309 310
f 311 312 313
f 311 313 314
f 315 316 317
f 315 317 318
f 304 303 308
f 304 308 307
f 314 313 316
f 314 316 315
f 319 318 317
f 319 317 320
f 235 296 295
f 235 295 236
f 321 322 323
f 321 323 324
f 310 309 322
f 310 322 321
f 297 300 312
f 297 312 311
f 298 325 326
f 298 326 299
f 325 324 323
f 325 323 326
f 306 305 327
f 306 327 328
f 329 328 327
f 329 327 330
f 301 329 330
f 301 330 331
f 293 319 320
f 293 320 294
f 250 249 332
f 250 332 333
f 213 333 332
f 213 332 214
f 198 199 250
f 198 250 333
f 249 258 334
f 249 334 332
f 258 257 335
f 258 335 334
f 218 334 335
f 218 335 336
f 257 287 337
f 257 337 335
f 197 198 333
f 197 333 213
f 209 338 339
f 209 339 210
f 219 210 220
f 200 220 340
f 200 340 201
f 341 342 343
f 341 344 345
f 341 345 342
f 342 346 347
f 342 347 343
f 341 343 348
f 341 348 349
f 252 345 344
f 252 344 253
f 252 290 350
f 252 350 345
f 253 344 351
f 253 351 286
f 265 264 352
f 265 352 353
f 265 353 284
f 264 354 355
f 264 355 352
f 261 356 357
f 261 357 350
f 261 350 290
f 261 260 356
f 356 358 359
f 356 359 357
f 342 350 357
f 342 357 346
f 360 361 362
f 360 362 363
f 340 361 360
f 340 360 364
f 210 339 362
f 210 362 361
f 362 365 366
f 362 366 363
f 360 363 367
f 360 367 368
f 327 369 370
f 327 370 330
f 201 340 364
f 201 364 202
f 202 364 371
f 202 371 203
f 323 355 354
f 323 354 326
f 323 322 372
f 323 372 355
f 291 299 326
f 291 326 354
f 303 373 374
f 303 374 308
f 358 374 373
f 358 373 359
f 308 374 375
f 308 375 309
f 302 376 373
f 302 373 303
f 270 269 320
f 270 320 317
f 274 316 313
f 274 313 275
f 269 272 294
f 269 294 320
f 272 277 295
f 272 295 294
f 236 295 277
f 236 277 243
f 309 375 372
f 309 372 322
f 281 312 300
f 281 300 282
f 352 355 372
f 352 372 353
f 353 372 375
f 353 375 377
f 358 377 375
f 358 375 374
f 260 377 358
f 260 358 356
f 260 284 353
f 260 353 377
f 305 378 369
f 305 369 327
f 368 369 378
f 368 378 371
f 203 371 378
f 203 378 204
f 360 368 371
f 360 371 364
f 367 370 369
f 367 369 368
f 301 331 302
f 330 370 379
f 330 379 331
f 367 380 379
f 367 379 370
f 302 331 379
f 302 379 376
f 363 366 380
f 363 380 367
f 376 379 380
f 376 380 381
f 210 361 340
f 210 340 220
f 347 381 380
f 347 380 366
f 359 373 376
f 359 376 381
f 338 348 339
f 339 348 365
f 339 365 362
f 338 382 349
f 338 349 348
f 343 347 366
f 343 366 365
f 346 359 381
f 346 381 347
f 343 365 348
f 342 345 350
f 346 357 359
f 264 292 291
f 264 291 354
f 286 351 337
f 286 337 287
f 341 349 351
f 341 351 344
f 337 351 349
f 337 349 382
f 335 337 382
f 335 382 336
f 217 336 382
f 209 217 382
f 209 382 338
f 216 218 336
f 216 336 217
f 214 332 334
f 214 334 218
f 270 317 316
f 270 316 274
f 275 313 312
f 275 312 281
f 204 378 305
f 204 305 205
f 282 300 299
f 282 299 291
f 383 78 81
f 383 81 384
f 383 385 166
f 383 166 78
f 81 180 386
f 81 386 384
f 383 384 387
f 383 387 388
f 96 389 390
f 96 390 97
f 96 156 391
f 96 391 389
f 389 392 390
f 390 393 162
f 390 162 97
f 394 123 126
f 394 126 395
f 394 396 158
f 394 158 123
f 126 136 397
f 126 397 395
f 394 395 398
f 394 398 399
f 136 139 400
f 136 400 397
f 144 151 401
f 144 401 402
f 139 144 402
f 139 402 400
f 151 192 403
f 151 403 401
f 402 401 404
f 402 404 405
f 396 406 159
f 396 159 158
f 396 407 408
f 396 408 406
f 159 406 409
f 159 409 181
f 393 410 163
f 393 163 162
f 410 411 170
f 410 170 163
f 393 412 413
f 393 413 410
f 385 414 167
f 385 167 166
f 414 415 189
f 414 189 167
f 385 416 417
f 385 417 414
f 411 171 170
f 180 171 411
f 180 411 386
f 394 399 407
f 394 407 396
f 410 413 418
f 410 418 411
f 386 411 418
f 384 386 418
f 384 418 387
f 388 419 420
f 388 420 416
f 416 420 421
f 416 421 417
f 383 388 416
f 383 416 385
f 387 422 419
f 387 419 388
f 407 423 424
f 407 424 408
f 399 425 423
f 399 423 407
f 398 426 425
f 398 425 399
f 392 427 428
f 392 428 429
f 430 431 432
f 430 432 433
f 408 424 430
f 408 430 433
f 413 434 422
f 413 422 418
f 392 429 412
f 412 429 434
f 412 434 413
f 390 392 412
f 390 412 393
f 428 427 432
f 428 432 431
f 409 433 432
f 409 432 435
f 406 408 433
f 406 433 409
f 387 418 422
f 391 435 432
f 391 432 427
f 157 181 409
f 157 409 435
f 389 391 427
f 389 427 392
f 156 157 435
f 156 435 391
f 405 436 437
f 405 437 438
f 439 440 438
f 439 438 437
f 400 402 405
f 400 405 438
f 404 441 436
f 404 436 405
f 397 400 438
f 397 438 440
f 395 397 440
f 395 440 398
f 398 440 439
f 398 439 426
f 417 421 442
f 417 442 443
f 414 417 443
f 414 443 415
f 404 444 445
f 404 445 441
f 401 403 444
f 401 444 404
f 192 206 446
f 192 446 403
f 403 446 447
f 403 447 444
f 445 444 447
f 445 447 448
f 449 450 451
f 449 451 452
f 453 454 455
f 453 455 456
f 457 458 459
f 457 459 460
f 461 462 463
f 461 463 464
f 465 466 467
f 465 467 468
f 460 459 466
f 460 466 465
f 469 470 471
f 469 471 472
f 473 474 475
f 473 475 476
f 477 478 479
f 477 479 480
f 452 451 454
f 452 454 453
f 456 455 481
f 456 481 482
f 464 483 471
f 464 471 470
f 461 468 467
f 461 467 462
f 448 447 474
f 448 474 473
f 477 476 475
f 477 475 478
f 480 479 484
f 480 484 485
f 449 469 486
f 449 486 450
f 482 481 487
f 482 487 488
f 457 485 484
f 457 484 458
f 442 489 490
f 442 490 443
f 488 487 490
f 488 490 489
f 491 221 224
f 491 224 492
f 491 493 233
f 491 233 221
f 224 241 494
f 224 494 492
f 455 491 492
f 455 492 481
f 454 493 491
f 454 491 455
f 451 495 493
f 451 493 454
f 493 495 235
f 493 235 233
f 481 492 494
f 481 494 487
f 241 245 496
f 241 496 494
f 487 494 496
f 487 496 490
f 189 415 496
f 189 496 245
f 415 443 490
f 415 490 496
f 497 293 296
f 497 296 498
f 497 499 319
f 497 319 293
f 495 498 296
f 495 296 235
f 450 486 497
f 450 497 498
f 297 500 501
f 297 501 298
f 297 311 502
f 297 502 500
f 463 501 500
f 501 503 325
f 501 325 298
f 504 301 304
f 504 304 505
f 504 506 329
f 504 329 301
f 304 307 507
f 304 507 505
f 479 504 505
f 479 505 484
f 206 306 508
f 206 508 446
f 306 328 509
f 306 509 508
f 446 508 474
f 446 474 447
f 307 310 510
f 307 510 507
f 458 507 510
f 458 510 459
f 510 310 321
f 510 321 511
f 311 314 512
f 311 512 502
f 314 315 513
f 314 513 512
f 471 483 502
f 471 502 512
f 315 318 513
f 499 513 318
f 499 318 319
f 458 484 505
f 458 505 507
f 472 471 512
f 472 512 513
f 472 513 499
f 472 499 497
f 472 497 486
f 450 498 495
f 450 495 451
f 464 463 483
f 463 500 502
f 463 502 483
f 466 511 514
f 466 514 467
f 459 510 511
f 459 511 466
f 469 472 486
f 321 324 514
f 321 514 511
f 462 467 514
f 462 514 503
f 462 503 501
f 462 501 463
f 503 514 324
f 503 324 325
f 474 508 509
f 474 509 475
f 475 509 506
f 475 506 478
f 479 478 506
f 479 506 504
f 506 509 328
f 506 328 329
f 515 516 517
f 515 517 518
f 519 520 521
f 519 521 522
f 523 524 525
f 523 525 526
f 527 528 529
f 527 529 530
f 531 532 533
f 531 533 534
f 535 536 537
f 538 539 540
f 538 540 541
f 542 543 544
f 542 544 545
f 546 547 548
f 546 548 549
f 520 549 548
f 520 548 521
f 521 548 550
f 521 550 551
f 515 518 547
f 515 547 546
f 518 552 550
f 518 550 547
f 547 550 548
f 550 426 439
f 550 439 551
f 521 551 553
f 521 553 522
f 524 554 555
f 522 553 555
f 522 555 554
f 524 555 556
f 524 556 525
f 557 554 524
f 557 524 523
f 519 522 554
f 519 554 557
f 553 437 436
f 553 436 555
f 529 558 559
f 529 559 560
f 561 530 529
f 561 529 560
f 528 562 558
f 528 558 529
f 558 424 423
f 558 423 559
f 517 560 559
f 517 559 563
f 516 561 560
f 516 560 517
f 535 542 545
f 535 545 564
f 545 565 566
f 545 566 564
f 535 564 567
f 544 568 565
f 544 565 545
f 565 420 419
f 565 419 566
f 564 566 569
f 564 569 567
f 565 568 421
f 565 421 420
f 566 419 422
f 566 422 569
f 558 562 430
f 558 430 424
f 559 423 425
f 559 425 563
f 532 538 541
f 532 541 533
f 533 541 570
f 533 570 571
f 537 536 572
f 536 540 572
f 540 573 570
f 540 570 541
f 570 429 428
f 570 428 571
f 533 571 574
f 533 574 534
f 527 531 534
f 527 534 528
f 528 534 574
f 528 574 562
f 562 574 431
f 562 431 430
f 540 567 569
f 540 569 573
f 569 422 434
f 569 434 573
f 536 567 540
f 570 573 434
f 570 434 429
f 571 428 431
f 571 431 574
f 551 439 437
f 551 437 553
f 555 436 441
f 555 441 556
f 550 552 426
f 543 575 576
f 543 576 544
f 544 576 577
f 544 577 568
f 568 577 442
f 568 442 421
f 572 540 539
f 552 563 425
f 552 425 426
f 526 525 578
f 526 578 579
f 556 441 445
f 556 445 580
f 525 556 580
f 525 580 578
f 517 563 552
f 517 552 518
f 535 567 536
f 578 580 581
f 578 581 582
f 579 578 582
f 579 582 583
f 445 448 581
f 445 581 580
f 584 585 586
f 584 586 587
f 584 588 589
f 584 589 585
f 585 590 591
f 585 591 586
f 586 592 593
f 586 593 587
f 592 594 595
f 592 595 593
f 591 596 594
f 591 594 592
f 595 594 597
f 595 597 598
f 585 589 599
f 585 599 590
f 590 477 480
f 590 480 591
f 586 591 592
f 600 601 602
f 582 581 601
f 582 601 600
f 589 602 601
f 589 601 599
f 600 602 603
f 600 603 604
f 582 600 604
f 582 604 583
f 588 603 602
f 588 602 589
f 599 601 473
f 599 473 476
f 605 606 607
f 605 607 608
f 605 457 460
f 605 460 606
f 606 609 610
f 606 610 607
f 607 611 612
f 607 612 608
f 597 613 605
f 597 605 608
f 598 597 608
f 598 608 612
f 607 610 614
f 607 614 611
f 615 616 617
f 615 617 618
f 615 619 616
f 616 620 621
f 616 621 617
f 617 622 623
f 617 623 618
f 622 624 625
f 622 625 623
f 622 626 627
f 622 627 624
f 625 624 628
f 625 628 629
f 616 630 631
f 616 631 620
f 620 449 452
f 620 452 621
f 617 621 626
f 617 626 622
f 626 453 456
f 626 456 627
f 624 627 632
f 624 632 628
f 620 631 469
f 620 469 449
f 621 452 453
f 621 453 626
f 627 456 482
f 627 482 632
f 605 613 485
f 605 485 457
f 606 460 465
f 606 465 609
f 633 634 635
f 633 635 636
f 633 637 638
f 633 638 634
f 634 639 640
f 634 640 635
f 635 641 642
f 635 642 636
f 619 643 644
f 630 644 643
f 619 644 630
f 634 638 645
f 634 645 639
f 639 461 464
f 639 464 640
f 635 640 646
f 635 646 641
f 610 638 637
f 610 637 614
f 609 645 638
f 609 638 610
f 609 465 468
f 609 468 645
f 630 641 646
f 630 646 631
f 631 646 470
f 631 470 469
f 630 642 641
f 639 645 468
f 639 468 461
f 640 464 470
f 640 470 646
f 581 448 473
f 581 473 601
f 590 599 476
f 590 476 477
f 591 480 596
f 628 647 648
f 628 648 629
f 628 632 649
f 628 649 647
f 632 482 488
f 632 488 649
f 594 596 613
f 594 613 597
f 596 480 485
f 596 485 613
f 630 643 642
f 616 619 630
f 649 488 489
f 649 489 650
f 647 649 650
f 647 650 651
f 647 651 652
f 647 652 648
f 575 652 651
f 575 651 576
f 576 651 650
f 576 650 577
f 577 650 489
f 577 489 442
f 653 654 655
f 653 655 656
f 657 658 659
f 657 659 660
f 660 661 662
f 660 662 663
f 664 665 666
f 664 666 667
f 668 669 670
f 668 670 671
f 672 673 674
f 672 674 675
f 676 677 678
f 676 678 679
f 680 681 682
f 680 682 683
f 684 685 686
f 684 686 681
f 687 688 689
f 687 689 690
f 691 692 693
f 691 693 694
f 695 694 696
f 695 696 697
f 698 685 684
f 698 684 699
f 700 701 702
f 700 702 703
f 690 689 692
f 690 692 691
f 676 680 683
f 676 683 677
f 679 678 704
f 679 704 705
f 705 704 688
f 705 688 687
f 674 706 707
f 674 707 708
f 707 709 710
f 707 710 711
f 712 713 711
f 712 711 714
f 675 674 708
f 675 708 715
f 714 711 710
f 714 710 716
f 717 716 702
f 717 702 701
f 672 695 697
f 672 697 673
f 671 670 718
f 671 718 719
f 665 698 666
f 663 662 665
f 663 665 664
f 720 719 718
f 720 718 721
f 657 720 721
f 657 721 658
f 668 722 723
f 668 723 669
f 724 725 723
f 724 723 722
f 700 703 726
f 700 726 727
f 653 727 728
f 653 728 654
f 656 655 725
f 656 725 724
f 729 730 731
f 662 732 730
f 662 730 729
f 730 733 734
f 730 734 731
f 729 731 735
f 729 735 736
f 733 737 738
f 733 738 734
f 734 738 739
f 734 739 740
f 733 741 742
f 733 742 737
f 738 737 743
f 739 744 745
f 739 745 740
f 739 746 747
f 739 747 744
f 744 748 749
f 744 749 745
f 740 745 750
f 740 750 751
f 515 752 753
f 515 753 516
f 515 546 754
f 515 754 752
f 752 755 756
f 752 756 753
f 753 757 561
f 753 561 516
f 519 758 759
f 519 759 520
f 519 557 760
f 519 760 758
f 758 761 762
f 758 762 759
f 759 763 549
f 759 549 520
f 761 764 765
f 761 765 762
f 762 765 766
f 762 766 767
f 761 768 769
f 761 769 764
f 765 764 770
f 765 770 771
f 766 772 773
f 766 773 767
f 766 774 775
f 766 775 772
f 755 773 772
f 755 772 776
f 754 763 767
f 754 767 773
f 774 777 778
f 774 778 775
f 775 778 779
f 775 779 780
f 771 781 777
f 771 777 774
f 778 777 782
f 778 782 783
f 770 784 781
f 770 781 771
f 770 785 786
f 770 786 784
f 781 784 787
f 781 787 788
f 789 790 791
f 789 791 792
f 768 790 789
f 768 789 769
f 790 793 794
f 790 794 791
f 791 795 796
f 791 796 792
f 789 792 797
f 789 797 798
f 797 799 800
f 797 800 798
f 785 798 800
f 785 800 786
f 797 801 802
f 797 802 799
f 800 799 803
f 800 803 804
f 793 523 526
f 793 526 794
f 557 523 793
f 557 793 760
f 794 526 579
f 794 579 805
f 806 807 808
f 806 809 810
f 806 810 807
f 776 808 807
f 776 807 811
f 780 812 806
f 780 806 808
f 527 530 813
f 527 813 814
f 757 813 530
f 757 530 561
f 813 815 816
f 813 816 814
f 527 814 817
f 527 817 531
f 817 818 532
f 817 532 531
f 817 819 820
f 817 820 818
f 532 818 821
f 532 821 538
f 655 822 810
f 655 810 809
f 810 822 823
f 810 823 824
f 655 809 825
f 655 825 725
f 655 654 822
f 779 826 812
f 779 812 780
f 779 827 828
f 779 828 826
f 812 826 829
f 812 829 825
f 830 831 832
f 830 832 833
f 830 834 835
f 830 835 831
f 831 836 837
f 831 837 832
f 830 833 838
f 830 838 839
f 840 841 842
f 840 842 843
f 836 841 840
f 836 840 837
f 841 844 845
f 841 845 842
f 842 846 847
f 842 847 843
f 665 736 685
f 665 685 698
f 741 848 849
f 741 849 742
f 732 850 848
f 732 848 741
f 750 851 852
f 750 852 751
f 682 852 851
f 682 851 853
f 686 735 751
f 686 751 852
f 750 854 855
f 750 855 851
f 683 682 853
f 683 853 856
f 853 857 858
f 853 858 856
f 677 683 856
f 677 856 859
f 803 860 861
f 803 861 804
f 803 862 863
f 803 863 860
f 860 864 865
f 860 865 861
f 804 861 866
f 804 866 867
f 787 868 869
f 787 869 788
f 787 867 866
f 787 866 868
f 868 870 871
f 868 871 869
f 782 788 869
f 782 869 872
f 782 872 873
f 782 873 783
f 872 874 875
f 872 875 873
f 783 873 876
f 783 876 827
f 827 876 877
f 827 877 828
f 876 878 879
f 876 879 877
f 828 877 880
f 828 880 881
f 669 881 880
f 669 880 670
f 669 723 829
f 669 829 881
f 670 880 882
f 670 882 718
f 846 883 884
f 846 884 847
f 846 885 886
f 846 886 883
f 884 883 887
f 884 887 888
f 846 889 885
f 870 886 885
f 865 887 883
f 865 883 886
f 674 673 535
f 674 535 537
f 673 697 542
f 673 542 535
f 674 537 572
f 674 572 706
f 702 716 710
f 702 710 890
f 821 891 539
f 821 539 538
f 709 891 821
f 709 821 892
f 706 572 539
f 706 539 891
f 703 893 894
f 703 894 726
f 727 726 895
f 727 895 728
f 728 895 896
f 728 896 823
f 895 897 898
f 895 898 896
f 823 896 824
f 654 728 823
f 654 823 822
f 755 776 811
f 755 811 756
f 756 811 899
f 756 899 900
f 686 685 736
f 686 736 735
f 696 543 542
f 696 542 697
f 696 901 575
f 696 575 543
f 819 894 893
f 819 893 820
f 816 897 894
f 816 894 819
f 820 893 890
f 820 890 892
f 815 898 897
f 815 897 816
f 815 900 899
f 815 899 898
f 710 709 892
f 710 892 890
f 887 902 903
f 887 903 888
f 864 902 887
f 864 887 865
f 903 902 904
f 903 904 905
f 658 906 659
f 658 721 907
f 658 907 906
f 659 906 839
f 659 839 908
f 661 850 732
f 661 732 662
f 661 908 909
f 661 909 850
f 838 909 908
f 838 908 839
f 546 549 763
f 546 763 754
f 842 845 889
f 842 889 846
f 870 885 889
f 870 889 871
f 831 835 836
f 660 659 908
f 660 908 661
f 910 848 850
f 910 850 909
f 830 906 907
f 830 907 834
f 830 839 906
f 834 907 882
f 834 882 879
f 861 865 886
f 861 886 866
f 866 886 870
f 866 870 868
f 757 900 815
f 757 815 813
f 814 816 819
f 814 819 817
f 824 896 898
f 824 898 899
f 807 824 899
f 807 899 811
f 726 894 897
f 726 897 895
f 702 890 893
f 702 893 703
f 818 820 892
f 818 892 821
f 681 686 852
f 681 852 682
f 807 810 824
f 753 756 900
f 753 900 757
f 707 706 891
f 707 891 709
f 718 882 907
f 718 907 721
f 877 879 882
f 877 882 880
f 834 879 878
f 834 878 835
f 869 871 874
f 869 874 872
f 845 874 871
f 845 871 889
f 844 875 874
f 844 874 845
f 835 878 875
f 835 875 844
f 835 844 841
f 835 841 836
f 873 875 878
f 873 878 876
f 826 828 881
f 826 881 829
f 723 725 825
f 723 825 829
f 806 812 825
f 806 825 809
f 778 783 827
f 778 827 779
f 777 781 788
f 777 788 782
f 784 786 867
f 784 867 787
f 786 800 804
f 786 804 867
f 731 751 735
f 731 734 740
f 731 740 751
f 730 732 741
f 730 741 733
f 662 729 736
f 662 736 665
f 772 808 776
f 772 775 780
f 772 780 808
f 764 769 785
f 764 785 770
f 769 789 798
f 769 798 785
f 760 793 790
f 760 790 768
f 758 760 768
f 758 768 761
f 765 771 774
f 765 774 766
f 752 754 773
f 752 773 755
f 759 762 767
f 759 767 763
f 738 743 746
f 738 746 739
f 694 693 901
f 694 901 696
f 864 911 904
f 864 904 902
f 860 863 911
f 860 911 864
f 856 858 912
f 856 912 859
f 678 677 859
f 678 859 913
f 851 855 857
f 851 857 853
f 799 802 862
f 799 862 803
f 791 794 805
f 791 805 795
f 792 796 801
f 792 801 797
f 744 747 914
f 744 914 748
f 745 749 854
f 745 854 750
f 749 915 916
f 749 916 854
f 749 748 917
f 749 917 915
f 854 916 918
f 854 918 855
f 748 914 919
f 748 919 917
f 796 920 921
f 796 921 801
f 796 795 922
f 796 922 920
f 801 921 923
f 801 923 802
f 795 805 924
f 795 924 922
f 579 583 924
f 579 924 805
f 802 923 925
f 802 925 862
f 862 925 926
f 862 926 863
f 855 918 927
f 855 927 857
f 857 927 928
f 857 928 858
f 858 928 929
f 858 929 912
f 859 912 930
f 859 930 913
f 863 926 931
f 863 931 911
f 904 911 931
f 904 931 932
f 904 932 933
f 904 933 905
f 584 587 934
f 584 934 935
f 593 595 936
f 593 936 937
f 604 603 938
f 604 938 939
f 588 940 938
f 588 938 603
f 611 941 942
f 611 942 612
f 615 618 943
f 615 943 944
f 623 625 945
f 623 945 946
f 633 636 947
f 633 947 948
f 619 949 950
f 619 950 643
f 614 637 951
f 614 951 952
f 611 614 952
f 611 952 941
f 587 593 937
f 587 937 934
f 618 623 946
f 618 946 943
f 625 629 953
f 625 953 945
f 636 642 954
f 636 954 947
f 633 948 951
f 633 951 637
f 583 604 939
f 583 939 924
f 584 935 940
f 584 940 588
f 595 598 955
f 595 955 936
f 615 944 949
f 615 949 619
f 629 648 956
f 629 956 953
f 598 612 942
f 598 942 955
f 575 901 957
f 575 957 652
f 648 652 957
f 648 957 956
f 642 643 950
f 642 950 954
f 958 959 960
f 958 960 961
f 962 963 964
f 962 964 965
f 944 966 967
f 944 967 949
f 968 969 970
f 968 970 971
f 972 973 974
f 972 974 975
f 976 975 977
f 976 977 978
f 979 980 981
f 979 981 982
f 983 984 985
f 983 985 986
f 987 986 988
f 987 988 989
f 990 991 992
f 990 992 993
f 943 946 994
f 943 994 995
f 996 994 997
f 996 997 998
f 999 1000 987
f 999 987 989
f 1001 1002 1003
f 1001 1003 1004
f 1005 1006 1004
f 1005 1004 1007
f 990 996 998
f 990 998 991
f 982 981 984
f 982 984 983
f 979 1008 1009
f 979 1009 980
f 1008 993 992
f 1008 992 1009
f 1010 1011 1012
f 1010 1012 1013
f 971 1014 1015
f 971 1015 1012
f 949 1016 1015
f 949 1015 950
f 949 967 1017
f 949 1017 1016
f 969 976 978
f 969 978 970
f 1011 968 971
f 1011 971 1012
f 943 995 966
f 943 966 944
f 962 1018 1019
f 962 1019 963
f 999 1003 1002
f 1001 1004 1006
f 1001 1006 1020
f 1018 1021 1022
f 1018 1022 1019
f 1021 1023 1024
f 1021 1024 1022
f 1005 1007 1025
f 1005 1025 1023
f 965 964 1026
f 965 1026 1027
f 1028 1027 1026
f 1028 1026 1029
f 961 960 973
f 961 973 972
f 958 1028 1029
f 958 1029 959
f 929 981 980
f 929 980 1030
f 912 929 1030
f 912 1030 930
f 928 984 981
f 928 981 929
f 980 1009 1031
f 980 1031 1030
f 992 991 1032
f 992 1032 1033
f 1032 1034 1035
f 1032 1035 1033
f 992 1033 1031
f 992 1031 1009
f 991 998 1036
f 991 1036 1032
f 945 953 1037
f 945 1037 997
f 998 997 1037
f 998 1037 1036
f 1036 1037 1038
f 1036 1038 1039
f 945 997 994
f 945 994 946
f 953 956 1038
f 953 1038 1037
f 1032 1036 1039
f 1032 1039 1034
f 1031 1033 1035
f 1031 1035 1040
f 930 1030 1031
f 930 1031 1040
f 913 930 1040
f 913 1040 1041
f 1035 1042 1041
f 1035 1041 1040
f 1034 1043 1042
f 1034 1042 1035
f 1034 1039 1044
f 1034 1044 1043
f 1038 1045 1044
f 1038 1044 1039
f 956 957 1045
f 956 1045 1038
f 678 913 1041
f 678 1041 704
f 689 688 1042
f 689 1042 1043
f 688 704 1041
f 688 1041 1042
f 689 1043 1044
f 689 1044 692
f 693 1045 957
f 693 957 901
f 693 692 1044
f 693 1044 1045
f 1046 1047 1048
f 1046 1048 1049
f 1050 1051 1052
f 1050 1052 1053
f 1054 1055 1056
f 1054 1056 1057
f 1058 1059 1060
f 1058 1060 1061
f 1062 1063 1064
f 1062 1064 1065
f 1066 1067 1065
f 1066 1065 1068
f 1069 1070 1071
f 1069 1071 1072
f 932 1056 1055
f 932 1055 933
f 1054 1057 1059
f 1054 1059 1058
f 1049 1048 1073
f 1049 1073 1063
f 1061 1060 1051
f 1061 1051 1050
f 1074 1075 1047
f 1074 1047 1046
f 917 919 1069
f 917 1069 1072
f 1076 1077 1078
f 1076 1078 1071
f 1066 1068 1077
f 1066 1077 1076
f 1074 1053 1052
f 1074 1052 1075
f 1079 1080 1081
f 1077 1080 1079
f 1077 1079 1078
f 1080 1082 1083
f 1080 1083 1081
f 1079 1081 1084
f 1079 1084 1085
f 1071 1078 1086
f 1071 1086 1072
f 915 917 1072
f 915 1072 1086
f 915 1086 1087
f 915 1087 916
f 936 955 1088
f 936 1088 1089
f 935 1090 1091
f 935 1091 940
f 1090 1092 1093
f 1090 1093 1091
f 1091 1093 1094
f 1091 1094 1095
f 1090 1096 1097
f 1090 1097 1092
f 1093 1092 1098
f 1093 1098 1099
f 1096 1100 1101
f 1096 1101 1097
f 934 937 1100
f 934 1100 1096
f 1089 1102 1101
f 1089 1101 1100
f 1097 1101 1103
f 1097 1103 1104
f 1103 1105 1106
f 1103 1106 1104
f 1098 1104 1106
f 1098 1106 1107
f 1103 1108 1109
f 1103 1109 1105
f 1106 1105 1110
f 1106 1110 1111
f 1098 1107 1112
f 1098 1112 1099
f 1099 1112 1113
f 1099 1113 1114
f 1107 1115 1116
f 1107 1116 1112
f 920 922 1117
f 920 1117 1118
f 922 924 939
f 922 939 1117
f 1094 1118 1117
f 1094 1117 1095
f 920 1118 1119
f 920 1119 921
f 921 1119 1120
f 921 1120 923
f 1113 1120 1119
f 1113 1119 1114
f 923 1120 1121
f 923 1121 925
f 1122 1123 1124
f 1102 1125 1123
f 1102 1123 1122
f 1123 1126 1127
f 1123 1127 1124
f 1108 1122 1124
f 1108 1124 1128
f 941 952 1129
f 941 1129 1130
f 948 1131 1132
f 948 1132 951
f 959 1127 1126
f 959 1126 1133
f 959 1029 1134
f 959 1134 1127
f 1126 1135 1136
f 1126 1136 1133
f 959 1133 960
f 1108 1128 1137
f 1108 1137 1109
f 1109 1137 1138
f 1109 1138 1139
f 1128 1134 1140
f 1128 1140 1137
f 1047 1075 1141
f 1047 1141 1142
f 1051 1060 1143
f 1051 1143 1144
f 1007 1083 1145
f 1007 1145 1025
f 1023 1025 1146
f 1023 1146 1024
f 999 989 1084
f 999 1084 1003
f 1065 1064 1082
f 1065 1082 1068
f 916 1087 1147
f 916 1147 918
f 988 1147 1087
f 988 1087 1085
f 918 1147 985
f 918 985 927
f 927 985 984
f 927 984 928
f 925 1121 1148
f 925 1148 926
f 926 1148 1149
f 926 1149 931
f 1121 1150 1151
f 1121 1151 1148
f 1115 1152 1153
f 1115 1153 1116
f 1152 1154 1155
f 1152 1155 1153
f 1116 1153 1151
f 1116 1151 1150
f 1111 1156 1152
f 1111 1152 1115
f 1110 1157 1156
f 1110 1156 1111
f 1156 1157 1158
f 1156 1158 1159
f 1110 1139 1160
f 1110 1160 1157
f 1138 1161 1160
f 1138 1160 1139
f 1160 1161 1162
f 1160 1162 1163
f 1138 1164 1165
f 1138 1165 1161
f 963 1165 1164
f 963 1164 964
f 963 1019 1166
f 963 1166 1165
f 964 1164 1140
f 964 1140 1026
f 1057 1167 1168
f 1057 1168 1059
f 1057 1056 1149
f 1057 1149 1167
f 1155 1168 1167
f 1059 1168 1169
f 947 954 1014
f 947 1014 1170
f 973 1136 1171
f 973 1171 974
f 960 1133 1136
f 960 1136 973
f 1135 1171 1136
f 974 1171 1172
f 974 1172 1173
f 1088 1125 1102
f 1088 1102 1089
f 1088 1174 1175
f 1088 1175 1125
f 989 988 1085
f 989 1085 1084
f 977 1132 1131
f 977 1131 978
f 977 1173 1129
f 977 1129 1132
f 970 978 1131
f 970 1131 1170
f 1129 1173 1172
f 1129 1172 1130
f 1130 1172 1175
f 1130 1175 1174
f 970 1170 1014
f 970 1014 971
f 931 1149 1056
f 931 1056 932
f 1024 1146 1176
f 1048 1176 1146
f 1048 1146 1073
f 1022 1024 1176
f 1022 1176 1177
f 1064 1145 1083
f 1064 1083 1082
f 1063 1073 1145
f 1063 1145 1064
f 1154 1169 1168
f 1154 1168 1155
f 1059 1169 1143
f 1059 1143 1060
f 1052 1141 1075
f 1025 1145 1073
f 1025 1073 1146
f 1047 1142 1177
f 1047 1177 1176
f 1142 1162 1166
f 1142 1166 1177
f 1047 1176 1048
f 1148 1151 1167
f 1148 1167 1149
f 1151 1153 1155
f 1151 1155 1167
f 952 951 1132
f 952 1132 1129
f 941 1130 1174
f 941 1174 942
f 1135 1175 1172
f 1135 1172 1171
f 1123 1125 1175
f 1123 1175 1135
f 975 974 1173
f 975 1173 977
f 948 947 1170
f 948 1170 1131
f 986 985 1147
f 986 1147 988
f 1123 1135 1126
f 942 1174 1088
f 942 1088 955
f 950 1015 1014
f 950 1014 954
f 1019 1022 1177
f 1019 1177 1166
f 1141 1163 1162
f 1141 1162 1142
f 1161 1165 1166
f 1161 1166 1162
f 1152 1156 1159
f 1152 1159 1154
f 1143 1169 1154
f 1143 1154 1159
f 1143 1159 1158
f 1143 1158 1144
f 1141 1144 1158
f 1141 1158 1163
f 1157 1160 1163
f 1157 1163 1158
f 1051 1144 1141
f 1051 1141 1052
f 1124 1127 1134
f 1124 1134 1128
f 1026 1140 1134
f 1026 1134 1029
f 1137 1140 1164
f 1137 1164 1138
f 1105 1109 1139
f 1105 1139 1110
f 1106 1111 1115
f 1106 1115 1107
f 1112 1116 1150
f 1112 1150 1113
f 1113 1150 1121
f 1113 1121 1120
f 1079 1085 1087
f 1078 1079 1087
f 1078 1087 1086
f 1068 1082 1080
f 1068 1080 1077
f 1003 1083 1007
f 1003 1007 1004
f 1003 1084 1081
f 1003 1081 1083
f 1101 1102 1122
f 1101 1122 1108
f 1101 1108 1103
f 1093 1099 1114
f 1093 1114 1094
f 1094 1114 1119
f 1094 1119 1118
f 938 1095 1117
f 938 1117 939
f 938 940 1091
f 938 1091 1095
f 1092 1097 1104
f 1092 1104 1098
f 936 1089 1100
f 936 1100 937
f 934 1096 1090
f 934 1090 935
f 1178 653 656
f 1178 656 1179
f 1178 700 727
f 1178 727 653
f 656 724 1180
f 656 1180 1179
f 1178 1179 1181
f 1178 1181 1182
f 1181 1183 1184
f 1181 1184 1182
f 1182 1184 717
f 1182 717 701
f 1181 1185 1186
f 1181 1186 1183
f 1184 1183 1187
f 1184 1187 1188
f 1189 657 660
f 1189 660 663
f 1189 1190 720
f 1189 720 657
f 1189 663 664
f 1189 664 1191
f 664 667 1192
f 664 1192 1191
f 1191 1192 1193
f 1191 1193 1194
f 1192 667 1195
f 1192 1195 1196
f 1195 1197 1198
f 1195 1198 1196
f 1196 1198 1199
f 1196 1199 1200
f 1195 1201 1202
f 1195 1202 1197
f 1198 1197 1203
f 1198 1203 1204
f 1201 1205 1206
f 1201 1206 1202
f 1202 1206 1207
f 1202 1207 1208
f 666 698 1205
f 666 1205 1201
f 1206 1205 699
f 1206 699 1209
f 1210 1211 1212
f 1210 1212 1213
f 1210 1214 1215
f 1210 1215 1211
f 1211 1216 1217
f 1211 1217 1212
f 1212 1218 1219
f 1212 1219 1213
f 1209 1220 1210
f 1209 1210 1213
f 699 1220 1209
f 699 684 1221
f 699 1221 1220
f 1222 668 671
f 1222 671 1223
f 1222 1224 722
f 1222 722 668
f 671 719 1225
f 671 1225 1223
f 1222 1223 1226
f 1222 1226 1227
f 1226 1228 1229
f 1226 1229 1227
f 1227 1229 1230
f 1227 1230 1231
f 1226 1232 1233
f 1226 1233 1228
f 1229 1228 1234
f 1229 1234 1235
f 1236 1237 1238
f 1236 1238 1239
f 1236 1240 1237
f 1237 1241 1238
f 1238 1242 1243
f 1238 1243 1239
f 1236 1239 1244
f 1236 1244 1245
f 1234 1246 1247
f 1234 1247 1248
f 1243 1249 1248
f 1243 1248 1247
f 1234 1248 1235
f 1234 1250 1251
f 1234 1251 1246
f 1247 1246 1252
f 1247 1252 1253
f 1236 1254 1255
f 1236 1255 1240
f 1236 1245 1256
f 1236 1256 1254
f 1254 1257 1258
f 1254 1258 1255
f 1240 1255 1259
f 1240 1259 1260
f 1261 1262 1263
f 1261 1263 1264
f 1261 1265 1266
f 1261 1266 1262
f 1257 1263 1262
f 1257 1262 1258
f 1263 1267 1268
f 1263 1268 1264
f 1216 1261 1264
f 1216 1264 1217
f 1265 1269 1266
f 1265 1270 1271
f 1265 1271 1269
f 1266 1269 1272
f 1266 1272 1273
f 1272 672 675
f 1272 675 1273
f 1272 1274 695
f 1272 695 672
f 1273 675 715
f 1273 715 1275
f 1259 712 1260
f 1259 1276 713
f 1259 713 712
f 1260 712 714
f 1260 714 1277
f 1276 708 713
f 713 708 707
f 713 707 711
f 715 708 1276
f 715 1276 1278
f 1214 676 679
f 1214 679 1215
f 1214 1221 680
f 1214 680 676
f 1215 679 705
f 1215 705 1279
f 684 681 680
f 684 680 1221
f 715 1278 1275
f 1258 1275 1278
f 1270 687 690
f 1270 690 1271
f 1271 690 691
f 1271 691 1274
f 1270 1279 705
f 1270 705 687
f 1274 691 694
f 1274 694 695
f 1269 1271 1274
f 1269 1274 1272
f 1210 1220 1221
f 1210 1221 1214
f 1211 1215 1279
f 1211 1279 1216
f 1216 1279 1265
f 1216 1265 1261
f 1265 1279 1270
f 1205 698 699
f 1258 1278 1276
f 1258 1276 1259
f 1255 1258 1259
f 1178 1182 701
f 1178 701 700
f 1184 1188 1277
f 1184 1277 717
f 1188 1241 1260
f 1188 1260 1277
f 717 1277 714
f 717 714 716
f 1237 1240 1260
f 1237 1260 1241
f 1258 1262 1266
f 1258 1266 1275
f 1266 1273 1275
f 1207 1209 1213
f 1207 1213 1219
f 1206 1209 1207
f 1212 1217 1280
f 1212 1280 1218
f 1217 1264 1268
f 1217 1268 1280
f 1257 1281 1267
f 1257 1267 1263
f 1254 1256 1281
f 1254 1281 1257
f 1199 1282 1283
f 1199 1283 1251
f 1246 1251 1283
f 1246 1283 1252
f 1199 1251 1250
f 1199 1250 1200
f 1198 1204 1282
f 1198 1282 1199
f 1193 1200 1250
f 1193 1250 1233
f 1192 1196 1200
f 1192 1200 1193
f 1228 1233 1250
f 1228 1250 1234
f 1193 1233 1232
f 1193 1232 1194
f 1235 1248 1249
f 1235 1249 1284
f 1242 1285 1284
f 1242 1284 1249
f 1229 1235 1284
f 1229 1284 1230
f 1243 1247 1253
f 1243 1253 1286
f 1239 1243 1286
f 1239 1286 1244
f 1187 1285 1242
f 1187 1242 1238
f 1187 1238 1241
f 1187 1241 1188
f 1183 1186 1285
f 1183 1285 1187
f 1190 1194 1232
f 1190 1232 1225
f 1189 1191 1194
f 1189 1194 1190
f 1223 1225 1232
f 1223 1232 1226
f 1190 1225 719
f 1190 719 720
f 1222 1227 1231
f 1222 1231 1224
f 1180 1224 1231
f 1180 1231 1185
f 1197 1202 1208
f 1197 1208 1203
f 667 666 1201
f 667 1201 1195
f 1179 1180 1185
f 1179 1185 1181
f 1185 1231 1230
f 1185 1230 1186
f 724 722 1224
f 724 1224 1180
f 1186 1230 1284
f 1186 1284 1285
f 1242 1249 1243
f 1207 1219 1287
f 1207 1287 1288
f 1218 1280 1289
f 1218 1289 1290
f 1268 1291 1289
f 1268 1289 1280
f 1267 1281 1292
f 1267 1292 1293
f 1245 1294 1295
f 1245 1295 1256
f 1256 1295 1292
f 1256 1292 1281
f 1283 1282 1296
f 1283 1296 1297
f 1204 1298 1296
f 1204 1296 1282
f 1252 1283 1297
f 1252 1297 1299
f 1253 1299 1300
f 1253 1300 1286
f 1244 1286 1300
f 1244 1300 1301
f 1203 1208 1288
f 1203 1288 1302
f 1267 1293 1291
f 1267 1291 1268
f 1244 1301 1294
f 1244 1294 1245
f 1218 1290 1287
f 1218 1287 1219
f 1207 1288 1208
f 1203 1302 1298
f 1203 1298 1204
f 1252 1299 1253
f 1303 1304 1305
f 1303 1305 1306
f 1306 1305 1307
f 1306 1307 1308
f 1308 1307 1309
f 1308 1309 1310
f 1311 1312 1313
f 1311 1313 1314
f 1315 1316 1317
f 1315 1317 1318
f 1311 1314 1317
f 1311 1317 1316
f 1319 1320 1321
f 1319 1321 1322
f 1323 1324 1325
f 1323 1325 1326
f 1327 1328 1329
f 1327 1329 1330
f 1331 1332 1329
f 1331 1329 1328
f 1310 1309 1313
f 1310 1313 1312
f 1326 1325 1321
f 1326 1321 1320
f 1315 1318 1332
f 1315 1332 1331
f 1319 1322 1304
f 1319 1304 1303
f 1327 1330 1324
f 1327 1324 1323
f 1333 1334 1335
f 1333 1335 1336
f 1333 1337 1338
f 1333 1338 1334
f 1324 1330 1335
f 1324 1335 1334
f 1335 1339 1340
f 1335 1340 1336
f 1333 1336 1341
f 1333 1341 1342
f 1298 1302 1343
f 1298 1343 1344
f 1343 1345 1346
f 1343 1346 1344
f 1344 1346 1347
f 1344 1347 1348
f 1343 1349 1350
f 1343 1350 1345
f 1346 1345 1351
f 1346 1351 1352
f 1351 1353 1354
f 1351 1354 1352
f 1352 1354 1355
f 1352 1355 1356
f 1351 1357 1358
f 1351 1358 1353
f 1304 1322 1354
f 1304 1354 1353
f 1294 1301 1359
f 1294 1359 1360
f 1359 1361 1362
f 1359 1362 1360
f 1360 1362 1363
f 1360 1363 1364
f 1359 1365 1366
f 1359 1366 1361
f 1362 1361 1367
f 1362 1367 1368
f 1367 1369 1370
f 1367 1370 1368
f 1368 1370 1371
f 1368 1371 1372
f 1339 1369 1367
f 1339 1367 1340
f 1318 1370 1369
f 1318 1369 1332
f 1347 1373 1374
f 1347 1374 1348
f 1296 1348 1374
f 1337 1373 1347
f 1337 1347 1356
f 1342 1375 1374
f 1342 1374 1373
f 1337 1356 1355
f 1337 1355 1338
f 1321 1325 1338
f 1321 1338 1355
f 1291 1293 1376
f 1377 1378 1379
f 1377 1379 1380
f 1377 1381 1378
f 1309 1379 1378
f 1309 1378 1313
f 1379 1382 1383
f 1379 1383 1380
f 1377 1380 1384
f 1377 1384 1385
f 1384 1386 1387
f 1384 1387 1385
f 1376 1388 1385
f 1376 1385 1387
f 1384 1389 1390
f 1384 1390 1386
f 1289 1387 1386
f 1289 1386 1290
f 1288 1349 1343
f 1288 1343 1302
f 1287 1390 1349
f 1287 1349 1288
f 1287 1290 1386
f 1287 1386 1390
f 1349 1390 1389
f 1349 1389 1350
f 1345 1350 1357
f 1345 1357 1351
f 1350 1389 1383
f 1350 1383 1357
f 1380 1383 1389
f 1380 1389 1384
f 1357 1383 1382
f 1357 1382 1358
f 1304 1353 1358
f 1304 1358 1305
f 1305 1358 1382
f 1305 1382 1307
f 1307 1382 1379
f 1307 1379 1309
f 1289 1291 1376
f 1289 1376 1387
f 1377 1385 1388
f 1377 1388 1381
f 1381 1388 1391
f 1381 1391 1392
f 1378 1381 1392
f 1378 1392 1393
f 1371 1393 1392
f 1371 1392 1372
f 1313 1378 1393
f 1313 1393 1314
f 1314 1393 1371
f 1314 1371 1317
f 1376 1394 1391
f 1376 1391 1388
f 1363 1372 1392
f 1363 1392 1391
f 1292 1394 1376
f 1292 1376 1293
f 1292 1295 1364
f 1292 1364 1394
f 1317 1371 1370
f 1317 1370 1318
f 1362 1368 1372
f 1362 1372 1363
f 1363 1391 1394
f 1363 1394 1364
f 1294 1360 1364
f 1294 1364 1295
f 1321 1355 1354
f 1321 1354 1322
f 1324 1334 1338
f 1324 1338 1325
f 1333 1342 1373
f 1333 1373 1337
f 1346 1352 1356
f 1346 1356 1347
f 1296 1298 1344
f 1296 1344 1348
f 1296 1374 1375
f 1296 1375 1297
f 1297 1375 1395
f 1297 1395 1299
f 1329 1339 1335
f 1329 1335 1330
f 1329 1332 1369
f 1329 1369 1339
f 1336 1340 1366
f 1336 1366 1341
f 1341 1395 1375
f 1341 1375 1342
f 1340 1367 1361
f 1340 1361 1366
f 1341 1366 1365
f 1341 1365 1395
f 1299 1395 1365
f 1299 1365 1300
f 1300 1365 1359
f 1300 1359 1301
f 1396 1397 1398
f 1396 1398 1399
f 1396 1400 1401
f 1396 1401 1397
f 1397 1402 1403
f 1397 1403 1398
f 1398 1404 1405
f 1398 1405 1399
f 1396 1399 1406
f 1396 1406 1407
f 1408 1409 1410
f 1408 1411 1412
f 1408 1412 1409
f 1409 1413 1414
f 1409 1414 1410
f 1408 1410 1415
f 1408 1415 1416
f 1417 1418 1419
f 1418 1420 1421
f 1418 1421 1419
f 1417 1419 1422
f 1417 1422 1423
f 1406 1424 1425
f 1406 1425 1407
f 1406 1421 1420
f 1406 1420 1424
f 1407 1425 1426
f 1407 1426 1427
f 1428 1429 1430
f 1428 1430 1431
f 1428 1432 1433
f 1428 1433 1429
f 1429 1319 1303
f 1429 1303 1430
f 1430 1434 1435
f 1430 1435 1431
f 1415 1428 1431
f 1415 1431 1436
f 1415 1436 1437
f 1415 1437 1416
f 1436 1438 1439
f 1436 1439 1437
f 1416 1437 1440
f 1416 1440 1441
f 1442 1443 1444
f 1442 1444 1445
f 1442 1446 1447
f 1442 1447 1443
f 1443 1315 1331
f 1443 1331 1444
f 1444 1448 1449
f 1444 1449 1445
f 1442 1445 1450
f 1442 1450 1451
f 1452 1453 1454
f 1452 1454 1455
f 1448 1453 1452
f 1448 1452 1449
f 1453 1327 1323
f 1453 1323 1454
f 1454 1456 1457
f 1454 1457 1455
f 1404 1452 1455
f 1404 1455 1458
f 1422 1459 1460
f 1422 1460 1423
f 1412 1461 1460
f 1412 1460 1459
f 1413 1459 1422
f 1413 1422 1462
f 1411 1463 1461
f 1411 1461 1412
f 1411 1464 1465
f 1411 1465 1463
f 1466 1467 1468
f 1466 1468 1469
f 1466 1470 1471
f 1466 1471 1467
f 1467 1472 1473
f 1467 1473 1468
f 1468 1474 1469
f 1466 1469 1475
f 1466 1475 1476
f 1438 1477 1439
f 1438 1478 1479
f 1438 1479 1477
f 1439 1477 1480
f 1439 1480 1481
f 1480 1482 1483
f 1480 1483 1481
f 1480 1484 1485
f 1480 1485 1482
f 1481 1483 1486
f 1481 1486 1487
f 1413 1462 1488
f 1413 1488 1414
f 1414 1488 1457
f 1414 1457 1489
f 1458 1488 1462
f 1458 1462 1490
f 1433 1489 1457
f 1433 1457 1456
f 1433 1456 1326
f 1433 1326 1320
f 1432 1489 1433
f 1440 1491 1492
f 1440 1492 1441
f 1440 1493 1491
f 1441 1492 1494
f 1441 1494 1464
f 1475 1495 1476
f 1476 1495 1496
f 1476 1496 1497
f 1475 1498 1499
f 1475 1499 1495
f 1402 1500 1451
f 1402 1451 1450
f 1402 1450 1403
f 1397 1401 1500
f 1397 1500 1402
f 1451 1500 1501
f 1451 1501 1502
f 1472 1503 1504
f 1472 1504 1473
f 1473 1504 1505
f 1472 1506 1507
f 1472 1507 1503
f 1508 1509 1510
f 1508 1510 1511
f 1473 1505 1509
f 1473 1509 1508
f 1510 1512 1511
f 1474 1508 1511
f 1474 1511 1513
f 1479 1513 1511
f 1479 1511 1484
f 1469 1474 1513
f 1469 1513 1514
f 1468 1473 1508
f 1468 1508 1474
f 1484 1511 1512
f 1484 1512 1515
f 1477 1479 1484
f 1477 1484 1480
f 1478 1514 1513
f 1478 1513 1479
f 1469 1514 1516
f 1469 1516 1475
f 1478 1517 1516
f 1478 1516 1514
f 1475 1516 1498
f 1435 1517 1478
f 1435 1478 1438
f 1516 1517 1518
f 1516 1518 1519
f 1471 1520 1521
f 1471 1521 1522
f 1471 1522 1506
f 1470 1523 1520
f 1470 1520 1471
f 1400 1427 1521
f 1400 1521 1520
f 1522 1521 1524
f 1522 1524 1525
f 1396 1407 1427
f 1396 1427 1400
f 1403 1450 1445
f 1403 1445 1449
f 1403 1449 1452
f 1403 1452 1404
f 1401 1523 1501
f 1401 1501 1500
f 1442 1451 1502
f 1442 1502 1446
f 1446 1502 1496
f 1446 1496 1526
f 1470 1497 1501
f 1470 1501 1523
f 1466 1476 1497
f 1466 1497 1470
f 1496 1502 1501
f 1496 1501 1497
f 1495 1499 1526
f 1495 1526 1496
f 1446 1526 1527
f 1446 1527 1447
f 1499 1528 1527
f 1499 1527 1526
f 1437 1439 1487
f 1437 1487 1440
f 1439 1481 1487
f 1440 1487 1529
f 1440 1529 1493
f 1455 1457 1488
f 1455 1488 1458
f 1410 1414 1489
f 1410 1489 1432
f 1410 1432 1428
f 1410 1428 1415
f 1430 1303 1306
f 1430 1306 1434
f 1434 1306 1308
f 1434 1308 1518
f 1518 1308 1310
f 1518 1310 1519
f 1434 1518 1517
f 1434 1517 1435
f 1431 1435 1438
f 1431 1438 1436
f 1519 1310 1530
f 1527 1528 1312
f 1527 1312 1311
f 1447 1527 1311
f 1447 1311 1316
f 1528 1530 1310
f 1528 1310 1312
f 1467 1471 1506
f 1467 1506 1472
f 1443 1447 1316
f 1443 1316 1315
f 1408 1464 1411
f 1408 1416 1441
f 1408 1441 1464
f 1409 1412 1459
f 1409 1459 1413
f 1405 1490 1419
f 1405 1419 1421
f 1399 1405 1421
f 1399 1421 1406
f 1404 1458 1490
f 1404 1490 1405
f 1419 1490 1462
f 1419 1462 1422
f 1398 1403 1404
f 1429 1433 1320
f 1429 1320 1319
f 1454 1323 1326
f 1454 1326 1456
f 1448 1328 1327
f 1448 1327 1453
f 1444 1331 1328
f 1444 1328 1448
f 1484 1515 1485
f 1400 1520 1523
f 1400 1523 1401
f 1426 1524 1521
f 1426 1521 1427
f 1486 1529 1487
f 1498 1516 1519
f 1498 1519 1530
f 1498 1530 1528
f 1498 1528 1499
f 1506 1522 1525
f 1506 1525 1507
f 1464 1494 1465
f 1417 1531 1532
f 1417 1532 1418
f 1424 1533 1534
f 1424 1534 1425
f 1423 1460 1535
f 1423 1535 1536
f 1461 1463 1537
f 1461 1537 1538
f 1482 1539 1540
f 1482 1540 1483
f 1491 1541 1542
f 1491 1542 1492
f 1504 1503 1543
f 1504 1543 1544
f 1509 1545 1546
f 1509 1546 1510
f 1485 1515 1547
f 1485 1547 1548
f 1505 1549 1545
f 1505 1545 1509
f 1504 1544 1549
f 1504 1549 1505
f 1491 1493 1550
f 1491 1550 1541
f 1482 1485 1548
f 1482 1548 1539
f 1483 1540 1551
f 1483 1551 1486
f 1512 1552 1547
f 1512 1547 1515
f 1510 1546 1553
f 1510 1553 1512
f 1503 1507 1554
f 1503 1554 1543
f 1426 1555 1556
f 1426 1556 1524
f 1507 1525 1557
f 1507 1557 1554
f 1524 1556 1557
f 1524 1557 1525
f 1463 1465 1558
f 1463 1558 1537
f 1460 1461 1538
f 1460 1538 1559
f 1492 1560 1561
f 1492 1561 1494
f 1465 1494 1562
f 1465 1562 1558
f 1493 1529 1563
f 1493 1563 1550
f 1486 1564 1565
f 1486 1565 1529
f 1420 1566 1533
f 1420 1533 1424
f 1425 1534 1555
f 1425 1555 1426
f 1418 1532 1566
f 1418 1566 1420
f 1417 1423 1536
f 1417 1536 1531
f 1567 1568 1569
f 1567 1570 1571
f 1567 1571 1568
f 1568 1572 1573
f 1568 1573 1569
f 1567 1569 1574
f 1567 1574 1575
f 1571 1576 1577
f 1571 1577 1578
f 1577 1579 1580
f 1577 1580 1578
f 1571 1578 1581
f 1571 1581 1582
f 1570 1576 1571
f 1577 1576 1583
f 1577 1583 1584
f 1579 1585 1586
f 1579 1586 1580
f 1580 1586 1587
f 1580 1587 1588
f 1579 1589 1590
f 1579 1590 1585
f 1586 1585 1591
f 1586 1591 1592
f 1593 1594 1595
f 1593 1595 1596
f 1593 1597 1598
f 1593 1598 1594
f 1594 1599 1600
f 1594 1600 1595
f 1595 1601 1602
f 1595 1602 1596
f 1593 1596 1603
f 1593 1603 1604
f 1605 1606 1607
f 1605 1607 1608
f 1605 1609 1610
f 1605 1610 1606
f 1603 1607 1606
f 1603 1606 1604
f 1607 1611 1612
f 1607 1612 1608
f 1605 1608 1613
f 1605 1613 1614
f 1615 1616 1617
f 1615 1617 1618
f 1615 1619 1620
f 1615 1620 1616
f 1616 1621 1622
f 1616 1622 1617
f 1617 1623 1624
f 1617 1624 1618
f 1615 1618 1625
f 1615 1625 1626
f 1627 1628 1629
f 1627 1629 1630
f 1627 1631 1632
f 1627 1632 1628
f 1625 1629 1628
f 1625 1628 1626
f 1629 1633 1634
f 1629 1634 1630
f 1627 1630 1635
f 1627 1635 1636
f 1637 1638 1639
f 1637 1639 1640
f 1637 1641 1642
f 1637 1642 1638
f 1638 1643 1644
f 1638 1644 1639
f 1639 1645 1646
f 1639 1646 1640
f 1637 1640 1647
f 1637 1647 1648
f 1534 1533 1575
f 1534 1575 1574
f 1534 1574 1649
f 1534 1649 1555
f 1533 1650 1651
f 1533 1651 1575
f 1583 1652 1653
f 1583 1653 1584
f 1584 1653 1654
f 1584 1654 1589
f 1583 1651 1650
f 1583 1650 1652
f 1653 1652 1655
f 1653 1655 1656
f 1589 1654 1657
f 1589 1657 1590
f 1654 1658 1659
f 1654 1659 1657
f 1590 1657 1660
f 1590 1660 1661
f 1601 1662 1663
f 1601 1663 1602
f 1601 1664 1665
f 1601 1665 1662
f 1662 1666 1667
f 1662 1667 1663
f 1602 1663 1668
f 1602 1668 1669
f 1611 1670 1671
f 1611 1671 1612
f 1611 1669 1668
f 1611 1668 1670
f 1670 1672 1673
f 1670 1673 1671
f 1612 1671 1674
f 1612 1674 1675
f 1623 1676 1677
f 1623 1677 1624
f 1623 1678 1679
f 1623 1679 1676
f 1676 1680 1681
f 1676 1681 1677
f 1624 1677 1682
f 1624 1682 1683
f 1633 1684 1685
f 1633 1685 1634
f 1633 1683 1682
f 1633 1682 1684
f 1684 1686 1687
f 1684 1687 1685
f 1634 1685 1688
f 1634 1688 1689
f 1645 1690 1691
f 1645 1691 1646
f 1645 1692 1693
f 1645 1693 1690
f 1690 1694 1695
f 1690 1695 1691
f 1646 1691 1696
f 1646 1696 1697
f 1536 1535 1659
f 1536 1659 1658
f 1531 1536 1658
f 1531 1658 1656
f 1535 1559 1698
f 1535 1698 1659
f 1538 1537 1667
f 1538 1667 1666
f 1538 1666 1699
f 1538 1699 1559
f 1537 1558 1700
f 1537 1700 1667
f 1561 1673 1672
f 1561 1672 1562
f 1558 1562 1672
f 1558 1672 1700
f 1494 1561 1562
f 1561 1560 1701
f 1561 1701 1673
f 1542 1541 1681
f 1542 1681 1680
f 1542 1680 1702
f 1542 1702 1560
f 1541 1550 1703
f 1541 1703 1681
f 1563 1565 1687
f 1563 1687 1686
f 1550 1563 1686
f 1550 1686 1703
f 1529 1565 1563
f 1565 1564 1704
f 1565 1704 1687
f 1705 1706 1707
f 1705 1708 1709
f 1705 1709 1706
f 1706 1710 1711
f 1706 1711 1707
f 1705 1707 1712
f 1705 1712 1713
f 1647 1714 1715
f 1647 1715 1648
f 1647 1697 1716
f 1647 1716 1714
f 1714 1717 1718
f 1714 1718 1715
f 1648 1715 1719
f 1648 1719 1720
f 1696 1721 1716
f 1696 1716 1697
f 1696 1722 1723
f 1696 1723 1721
f 1716 1721 1724
f 1716 1724 1725
f 1551 1695 1694
f 1551 1694 1726
f 1564 1726 1694
f 1564 1694 1727
f 1486 1551 1726
f 1540 1722 1695
f 1540 1695 1551
f 1643 1728 1729
f 1643 1729 1644
f 1644 1729 1730
f 1644 1730 1692
f 1643 1731 1732
f 1643 1732 1728
f 1729 1728 1733
f 1729 1733 1734
f 1635 1734 1733
f 1635 1733 1636
f 1635 1689 1735
f 1635 1735 1734
f 1636 1733 1736
f 1636 1736 1737
f 1692 1730 1738
f 1692 1738 1693
f 1693 1738 1739
f 1693 1739 1727
f 1730 1735 1740
f 1730 1740 1738
f 1688 1740 1735
f 1688 1735 1689
f 1688 1704 1739
f 1688 1739 1740
f 1621 1741 1742
f 1621 1742 1622
f 1622 1742 1743
f 1622 1743 1678
f 1621 1744 1745
f 1621 1745 1741
f 1742 1741 1746
f 1742 1746 1747
f 1613 1747 1746
f 1613 1746 1614
f 1613 1675 1748
f 1613 1748 1747
f 1614 1746 1749
f 1614 1749 1750
f 1678 1743 1751
f 1678 1751 1679
f 1679 1751 1752
f 1679 1752 1702
f 1743 1748 1753
f 1743 1753 1751
f 1674 1753 1748
f 1674 1748 1675
f 1674 1701 1752
f 1674 1752 1753
f 1599 1754 1755
f 1599 1755 1600
f 1600 1755 1756
f 1600 1756 1664
f 1599 1757 1758
f 1599 1758 1754
f 1755 1754 1759
f 1755 1759 1760
f 1591 1760 1759
f 1591 1759 1592
f 1591 1661 1761
f 1591 1761 1760
f 1592 1759 1762
f 1592 1762 1763
f 1664 1756 1764
f 1664 1764 1665
f 1665 1764 1765
f 1665 1765 1699
f 1756 1761 1766
f 1756 1766 1764
f 1660 1766 1761
f 1660 1761 1661
f 1660 1698 1765
f 1660 1765 1766
f 1564 1739 1704
f 1564 1727 1739
f 1560 1752 1701
f 1560 1702 1752
f 1559 1765 1698
f 1559 1699 1765
f 1569 1767 1649
f 1569 1649 1574
f 1569 1768 1769
f 1569 1769 1767
f 1649 1767 1770
f 1649 1770 1713
f 1705 1713 1770
f 1705 1770 1708
f 1708 1770 1771
f 1708 1771 1772
f 1715 1718 1773
f 1715 1773 1719
f 1718 1774 1775
f 1718 1775 1773
f 1719 1773 1776
f 1719 1776 1777
f 1637 1648 1720
f 1637 1720 1641
f 1641 1720 1778
f 1641 1778 1779
f 1641 1779 1780
f 1641 1780 1642
f 1638 1642 1731
f 1638 1731 1643
f 1642 1780 1781
f 1642 1781 1731
f 1728 1732 1736
f 1728 1736 1733
f 1732 1782 1783
f 1732 1783 1736
f 1627 1636 1737
f 1627 1737 1631
f 1631 1737 1784
f 1631 1784 1785
f 1626 1628 1632
f 1626 1632 1786
f 1632 1787 1788
f 1632 1788 1786
f 1615 1626 1786
f 1615 1786 1619
f 1619 1786 1788
f 1619 1788 1789
f 1616 1620 1744
f 1616 1744 1621
f 1620 1790 1791
f 1620 1791 1744
f 1741 1745 1749
f 1741 1749 1746
f 1745 1792 1793
f 1745 1793 1749
f 1605 1614 1750
f 1605 1750 1609
f 1609 1750 1794
f 1609 1794 1795
f 1604 1606 1610
f 1604 1610 1796
f 1610 1797 1798
f 1610 1798 1796
f 1593 1604 1796
f 1593 1796 1597
f 1597 1796 1798
f 1597 1798 1799
f 1594 1598 1757
f 1594 1757 1599
f 1598 1800 1801
f 1598 1801 1757
f 1754 1758 1762
f 1754 1762 1759
f 1758 1802 1803
f 1758 1803 1762
f 1586 1592 1763
f 1586 1763 1587
f 1587 1763 1804
f 1587 1804 1805
f 1587 1805 1806
f 1587 1806 1588
f 1578 1580 1588
f 1578 1588 1581
f 1581 1588 1806
f 1581 1806 1807
f 1568 1571 1582
f 1568 1582 1572
f 1572 1582 1808
f 1572 1808 1809
f 1738 1740 1739
f 1486 1726 1564
f 1751 1753 1752
f 1492 1542 1560
f 1764 1766 1765
f 1460 1559 1535
f 1657 1659 1698
f 1657 1698 1660
f 1662 1665 1699
f 1662 1699 1666
f 1755 1760 1761
f 1755 1761 1756
f 1585 1590 1661
f 1585 1661 1591
f 1595 1600 1664
f 1595 1664 1601
f 1671 1673 1701
f 1671 1701 1674
f 1676 1679 1702
f 1676 1702 1680
f 1742 1747 1748
f 1742 1748 1743
f 1608 1612 1675
f 1608 1675 1613
f 1617 1622 1678
f 1617 1678 1623
f 1685 1687 1704
f 1685 1704 1688
f 1690 1693 1727
f 1690 1727 1694
f 1729 1734 1735
f 1729 1735 1730
f 1630 1634 1689
f 1630 1689 1635
f 1639 1644 1692
f 1639 1692 1645
f 1691 1695 1722
f 1691 1722 1696
f 1640 1646 1697
f 1640 1697 1647
f 1677 1681 1703
f 1677 1703 1682
f 1682 1703 1686
f 1682 1686 1684
f 1618 1624 1683
f 1618 1683 1625
f 1625 1683 1633
f 1625 1633 1629
f 1663 1667 1700
f 1663 1700 1668
f 1668 1700 1672
f 1668 1672 1670
f 1603 1669 1611
f 1603 1611 1607
f 1596 1602 1669
f 1596 1669 1603
f 1653 1656 1658
f 1653 1658 1654
f 1577 1584 1589
f 1577 1589 1579
f 1714 1716 1725
f 1714 1725 1717
f 1717 1725 1810
f 1717 1810 1811
f 1533 1566 1650
f 1531 1656 1655
f 1531 1655 1532
f 1566 1655 1652
f 1566 1652 1650
f 1532 1655 1566
f 1567 1575 1651
f 1567 1651 1570
f 1570 1651 1583
f 1570 1583 1576
f 1721 1723 1812
f 1721 1812 1724
f 1724 1812 1813
f 1724 1813 1814
f 1539 1548 1812
f 1539 1812 1723
f 1556 1713 1712
f 1556 1712 1557
f 1555 1649 1713
f 1555 1713 1556
f 1554 1557 1712
f 1554 1712 1815
f 1762 1803 1804
f 1762 1804 1763
f 1757 1801 1802
f 1757 1802 1758
f 1749 1793 1794
f 1749 1794 1750
f 1744 1791 1792
f 1744 1792 1745
f 1736 1783 1784
f 1736 1784 1737
f 1731 1781 1782
f 1731 1782 1732
f 1767 1769 1771
f 1767 1771 1770
f 1539 1723 1722
f 1539 1722 1540
f 1719 1777 1778
f 1719 1778 1720
f 1724 1814 1810
f 1724 1810 1725
f 1718 1717 1811
f 1718 1811 1774
f 1708 1772 1816
f 1708 1816 1709
f 1706 1709 1817
f 1706 1817 1710
f 1707 1711 1815
f 1707 1815 1712
f 1548 1547 1813
f 1548 1813 1812
f 1631 1785 1787
f 1631 1787 1632
f 1619 1789 1790
f 1619 1790 1620
f 1609 1795 1797
f 1609 1797 1610
f 1597 1799 1800
f 1597 1800 1598
f 1581 1807 1808
f 1581 1808 1582
f 1572 1809 1768
f 1572 1768 1573
f 1569 1573 1768
f 1818 1819 1820
f 1818 1821 1819
f 1819 1822 1823
f 1819 1823 1820
f 1818 1820 1824
f 1818 1824 1825
f 1826 1827 1828
f 1826 1829 1827
f 1827 1830 1831
f 1827 1831 1828
f 1826 1828 1832
f 1826 1832 1833
f 1834 1835 1836
f 1834 1837 1835
f 1835 1838 1839
f 1835 1839 1836
f 1834 1836 1839
f 1834 1839 1840
f 1841 1842 1843
f 1841 1844 1842
f 1842 1845 1846
f 1842 1846 1843
f 1841 1843 1847
f 1841 1847 1848
f 1849 1850 1851
f 1849 1852 1850
f 1850 1853 1854
f 1850 1854 1851
f 1849 1851 1855
f 1849 1855 1856
f 1857 1858 1859
f 1857 1860 1858
f 1858 1861 1862
f 1858 1862 1859
f 1857 1859 1863
f 1857 1863 1864
f 1865 1866 1867
f 1865 1867 1868
f 1858 1860 1866
f 1858 1866 1865
f 1866 1869 1870
f 1866 1870 1867
f 1867 1871 1872
f 1867 1872 1868
f 1861 1865 1868
f 1861 1868 1873
f 1861 1873 1874
f 1861 1874 1862
f 1873 1875 1876
f 1873 1876 1874
f 1862 1874 1877
f 1862 1877 1863
f 1863 1877 1878
f 1863 1878 1864
f 1877 1879 1880
f 1877 1880 1878
f 1864 1878 1881
f 1864 1881 1882
f 1881 1883 1884
f 1881 1884 1882
f 1857 1882 1884
f 1857 1884 1885
f 1881 1886 1887
f 1881 1887 1883
f 1884 1883 1888
f 1884 1888 1889
f 1890 1891 1892
f 1890 1892 1893
f 1890 1894 1895
f 1890 1895 1891
f 1888 1892 1891
f 1888 1891 1889
f 1892 1896 1897
f 1892 1897 1893
f 1890 1893 1898
f 1890 1898 1899
f 1898 1900 1901
f 1898 1901 1899
f 1894 1899 1901
f 1894 1901 1902
f 1898 1903 1904
f 1898 1904 1900
f 1901 1900 1905
f 1901 1905 1906
f 1869 1906 1905
f 1869 1905 1870
f 1860 1902 1906
f 1860 1906 1869
f 1870 1905 1907
f 1870 1907 1908
f 1909 1910 1911
f 1909 1911 1912
f 1909 1913 1914
f 1909 1914 1910
f 1910 1915 1916
f 1910 1916 1911
f 1769 1917 1912
f 1769 1912 1911
f 1909 1912 1918
f 1909 1918 1919
f 1918 1920 1921
f 1918 1921 1919
f 1913 1919 1921
f 1913 1921 1922
f 1918 1923 1924
f 1918 1924 1920
f 1921 1920 1925
f 1921 1925 1926
f 1925 1927 1928
f 1925 1928 1926
f 1922 1926 1928
f 1922 1928 1929
f 1925 1930 1931
f 1925 1931 1927
f 1928 1927 1932
f 1928 1932 1933
f 1932 1934 1935
f 1932 1935 1933
f 1929 1933 1935
f 1929 1935 1936
f 1932 1937 1938
f 1932 1938 1934
f 1935 1934 1939
f 1935 1939 1940
f 1939 1941 1942
f 1939 1942 1940
f 1936 1940 1942
f 1936 1942 1943
f 1939 1944 1945
f 1939 1945 1941
f 1942 1941 1946
f 1942 1946 1947
f 1946 1948 1949
f 1946 1949 1947
f 1943 1947 1949
f 1943 1949 1950
f 1946 1951 1952
f 1946 1952 1948
f 1949 1948 1953
f 1949 1953 1954
f 1953 1955 1956
f 1953 1956 1954
f 1852 1950 1954
f 1852 1954 1956
f 1953 1957 1958
f 1953 1958 1955
f 1956 1955 1959
f 1956 1959 1960
f 1959 1961 1962
f 1959 1962 1960
f 1850 1852 1960
f 1850 1960 1962
f 1886 1961 1959
f 1886 1959 1963
f 1853 1962 1961
f 1853 1961 1880
f 1853 1880 1879
f 1853 1879 1854
f 1854 1879 1964
f 1854 1964 1855
f 1855 1964 1965
f 1855 1965 1856
f 1875 1965 1964
f 1875 1964 1876
f 1856 1965 1966
f 1856 1966 1967
f 1966 1968 1969
f 1966 1969 1967
f 1849 1967 1969
f 1849 1969 1970
f 1772 1968 1966
f 1772 1966 1816
f 1915 1969 1968
f 1915 1968 1916
f 1971 1972 1973
f 1971 1973 1974
f 1819 1821 1972
f 1819 1972 1971
f 1972 1975 1976
f 1972 1976 1973
f 1783 1974 1973
f 1783 1973 1784
f 1822 1971 1974
f 1822 1974 1977
f 1822 1977 1978
f 1822 1978 1823
f 1951 1978 1977
f 1951 1977 1979
f 1823 1978 1945
f 1823 1945 1824
f 1824 1945 1944
f 1824 1944 1825
f 1825 1944 1980
f 1825 1980 1981
f 1980 1982 1983
f 1980 1983 1981
f 1818 1981 1983
f 1818 1983 1984
f 1938 1985 1982
f 1938 1982 1980
f 1983 1982 1986
f 1983 1986 1987
f 1986 1988 1989
f 1986 1989 1987
f 1984 1987 1989
f 1984 1989 1990
f 1791 1988 1986
f 1791 1986 1792
f 1989 1988 1991
f 1989 1991 1992
f 1991 1993 1994
f 1991 1994 1992
f 1990 1992 1994
f 1990 1994 1995
f 1789 1993 1991
f 1789 1991 1790
f 1994 1993 1996
f 1994 1996 1997
f 1975 1998 1999
f 1975 1999 1976
f 1821 2000 1998
f 1821 1998 1975
f 1996 1999 1998
f 1996 1998 1997
f 1785 1976 1999
f 1785 1999 1787
f 2001 2002 2003
f 2001 2003 2004
f 1827 1829 2002
f 1827 2002 2001
f 2002 2005 2006
f 2002 2006 2003
f 1776 2007 2004
f 1776 2004 2003
f 1830 2001 2004
f 1830 2004 2008
f 1830 2008 2009
f 1830 2009 1831
f 1963 2009 2008
f 1963 2008 2010
f 1831 2009 1958
f 1831 1958 1832
f 1832 1958 1957
f 1832 1957 1833
f 1833 1957 2011
f 1833 2011 2012
f 2011 2013 2014
f 2011 2014 2012
f 1826 2012 2014
f 1826 2014 2015
f 1952 1979 2013
f 1952 2013 2011
f 2014 2013 2016
f 2014 2016 2017
f 2016 2018 2019
f 2016 2019 2017
f 2015 2017 2019
f 2015 2019 2020
f 1781 2018 2016
f 1781 2016 1782
f 2019 2018 2021
f 2019 2021 2022
f 2005 2023 2024
f 2005 2024 2006
f 1829 2025 2023
f 1829 2023 2005
f 2023 2026 2027
f 2023 2027 2024
f 1777 2006 2024
f 1777 2024 1778
f 2028 2029 2030
f 2028 2030 2031
f 1835 1837 2029
f 1835 2029 2028
f 2029 2032 2033
f 2029 2033 2030
f 1793 2031 2030
f 1793 2030 1794
f 1838 2028 2031
f 1838 2031 2034
f 1839 2035 2036
f 1839 2036 1840
f 1838 2034 2035
f 1838 2035 1839
f 1937 2036 2035
f 1937 2035 2037
f 1840 2036 2038
f 1840 2038 2039
f 2038 2040 2041
f 2038 2041 2039
f 1834 2039 2041
f 1834 2041 2042
f 1931 2043 2040
f 1931 2040 2038
f 2041 2040 2044
f 2041 2044 2045
f 2044 2046 2047
f 2044 2047 2045
f 2042 2045 2047
f 2042 2047 2048
f 1801 2046 2044
f 1801 2044 1802
f 2047 2046 2049
f 2047 2049 2050
f 2049 2051 2052
f 2049 2052 2050
f 2048 2050 2052
f 2048 2052 2053
f 1799 2051 2049
f 1799 2049 1800
f 2052 2051 2054
f 2052 2054 2055
f 2032 2056 2057
f 2032 2057 2033
f 1837 2058 2056
f 1837 2056 2032
f 2054 2057 2056
f 2054 2056 2055
f 1795 2033 2057
f 1795 2057 1797
f 2059 2060 2061
f 2059 2061 2062
f 1842 1844 2060
f 1842 2060 2059
f 2060 2063 2064
f 2060 2064 2061
f 1803 2062 2061
f 1803 2061 1804
f 1845 2059 2062
f 1845 2062 2065
f 1845 2065 2066
f 1845 2066 1846
f 1930 2066 2065
f 1930 2065 2043
f 1846 2066 1924
f 1846 1924 1847
f 1847 1924 1923
f 1847 1923 1848
f 1848 1923 2067
f 1848 2067 2068
f 2067 2069 2070
f 2067 2070 2068
f 1841 2068 2070
f 1841 2070 2071
f 1917 2072 2069
f 1917 2069 2067
f 2070 2069 2073
f 2070 2073 2074
f 2073 2075 2076
f 2073 2076 2074
f 2071 2074 2076
f 2071 2076 2077
f 1768 1809 2075
f 1768 2075 2073
f 2076 2075 2078
f 2076 2078 2079
f 2063 2080 2081
f 2063 2081 2064
f 1844 2082 2080
f 1844 2080 2063
f 2080 2083 2084
f 2080 2084 2081
f 1805 2064 2081
f 1805 2081 1806
f 2080 2082 2085
f 2080 2085 2083
f 1841 2085 2082
f 2077 2079 2083
f 2077 2083 2085
f 1841 2077 2085
f 2076 2079 2077
f 2078 2084 2083
f 2078 2083 2079
f 2070 2074 2071
f 1841 1848 2068
f 1843 1846 1847
f 1844 2063 2060
f 1842 2059 1845
f 2055 2056 2058
f 2052 2055 2058
f 2052 2058 2053
f 1834 2053 2058
f 2047 2050 2048
f 2041 2045 2042
f 1834 1840 2039
f 1835 2028 1838
f 1837 2032 2029
f 2023 2025 2086
f 2023 2086 2026
f 1826 2086 2025
f 2020 2022 2026
f 2020 2026 2086
f 1826 2020 2086
f 2019 2022 2020
f 2021 2027 2026
f 2021 2026 2022
f 2014 2017 2015
f 1826 1833 2012
f 1828 1831 1832
f 1829 2005 2002
f 1827 2001 1830
f 1997 1998 2000
f 1994 1997 2000
f 1994 2000 1995
f 1818 1995 2000
f 1989 1992 1990
f 1983 1987 1984
f 1818 1825 1981
f 1820 1823 1824
f 1821 1975 1972
f 1819 1971 1822
f 1849 1856 1967
f 1851 1854 1855
f 1850 1962 1853
f 1852 1956 1960
f 1949 1954 1950
f 1942 1947 1943
f 1935 1940 1936
f 1928 1933 1929
f 1921 1926 1922
f 1909 1919 1913
f 1915 1970 1969
f 1910 1914 1970
f 1910 1970 1915
f 1849 1970 1914
f 1901 1906 1902
f 1890 1899 1894
f 1885 1889 1891
f 1885 1891 1895
f 1857 1885 1895
f 1884 1889 1885
f 1857 1864 1882
f 1859 1862 1863
f 1860 1869 1866
f 1858 1865 1861
f 1806 2081 2084
f 1806 2084 1807
f 1807 2084 2078
f 1807 2078 1808
f 1809 1808 2078
f 1809 2078 2075
f 1768 2073 2069
f 1768 2069 2072
f 1912 2067 1923
f 1924 2066 1930
f 1805 1804 2061
f 1805 2061 2064
f 2044 2065 2062
f 1798 1797 2057
f 1798 2057 2054
f 1798 2054 2051
f 1798 2051 1799
f 1801 1800 2049
f 1801 2049 2046
f 2040 2043 2044
f 1927 2038 2036
f 1985 2037 2035
f 1985 2035 2034
f 1795 1794 2030
f 1795 2030 2033
f 1986 2034 2031
f 1779 1778 2024
f 1779 2024 2027
f 1779 2027 2021
f 1779 2021 1780
f 1780 2021 2018
f 1780 2018 1781
f 1979 2016 2013
f 1948 2011 1957
f 1955 1958 2009
f 1777 1776 2003
f 1777 2003 2006
f 2004 2007 2087
f 2004 2087 2008
f 1788 1787 1999
f 1788 1999 1996
f 1788 1996 1993
f 1788 1993 1789
f 1791 1790 1991
f 1791 1991 1988
f 1982 1985 1986
f 1934 1980 1944
f 1945 1978 1951
f 1785 1784 1973
f 1785 1973 1976
f 1974 2016 1977
f 1816 1966 1965
f 1816 1965 1875
f 1876 1964 1879
f 1878 1880 1961
f 1955 2009 1959
f 1948 1957 1953
f 1941 1951 1946
f 1934 1944 1939
f 1927 1937 1932
f 1920 1930 1925
f 1912 1923 1918
f 1772 1771 1916
f 1772 1916 1968
f 1769 1911 1916
f 1769 1916 1771
f 1900 1904 1907
f 1900 1907 1905
f 1893 2088 1903
f 1893 1903 1898
f 1888 2089 1896
f 1888 1896 1892
f 1883 2090 1888
f 1878 1961 1881
f 1874 1876 1877
f 1867 1870 1908
f 1867 1908 1871
f 1868 1872 1873
f 1857 1895 1894
f 1857 1894 1902
f 1857 1902 1860
f 1849 1914 1913
f 1849 1913 1922
f 1849 1922 1929
f 1849 1929 1936
f 1849 1936 1943
f 1849 1943 1950
f 1849 1950 1852
f 1841 2071 2077
f 1841 2082 1844
f 1834 2042 2048
f 1834 2048 2053
f 1834 2058 1837
f 1826 2015 2020
f 1826 2025 1829
f 1818 1984 1990
f 1818 1990 1995
f 1818 2000 1821
f 1774 1811 2091
f 1774 2091 2092
f 1547 1552 2093
f 1547 2093 1813
f 1552 2094 2093
f 1552 1553 2095
f 1552 2095 2094
f 2093 2094 2096
f 2093 2096 2097
f 2098 2099 2100
f 2098 2100 2101
f 1710 2099 2098
f 1710 2098 1711
f 2099 2102 2103
f 2099 2103 2100
f 2100 2104 2105
f 2100 2105 2101
f 2098 2101 2106
f 2098 2106 2107
f 1544 1543 2108
f 1544 2108 2109
f 1544 2109 2110
f 1544 2110 1549
f 1543 1554 1815
f 1543 1815 2108
f 2107 2111 2109
f 2107 2109 2108
f 1810 1814 2097
f 1810 2097 2112
f 2096 2113 2114
f 2096 2114 2097
f 2096 2115 2116
f 2096 2116 2113
f 2113 2117 2118
f 2113 2118 2114
f 2097 2114 2119
f 2120 2121 2122
f 2120 2122 2123
f 2120 2124 2125
f 2120 2125 2121
f 2121 2126 2127
f 2121 2127 2122
f 2115 2123 2122
f 2115 2122 2116
f 2120 2123 2128
f 2120 2128 2129
f 1545 2129 2128
f 1545 2128 1546
f 1545 2130 2129
f 1546 2128 2095
f 1546 2095 1553
f 2117 2131 2132
f 2117 2132 2118
f 2118 2132 2133
f 2118 2133 2134
f 2117 2135 2136
f 2117 2136 2131
f 2132 2131 2137
f 2132 2137 2138
f 2126 2139 2140
f 2126 2140 2127
f 2127 2140 2136
f 2127 2136 2135
f 2126 2141 2142
f 2126 2142 2139
f 2140 2139 2143
f 2140 2143 2144
f 2106 2111 2107
f 2106 2145 2146
f 2106 2146 2111
f 2104 2142 2141
f 2104 2141 2105
f 2105 2141 2125
f 2105 2125 2145
f 2104 2147 2148
f 2104 2148 2142
f 2124 2146 2145
f 2124 2145 2125
f 2110 2146 2124
f 2110 2124 2130
f 1545 1549 2110
f 1545 2110 2130
f 2091 2149 2150
f 2091 2150 2092
f 2092 2150 2151
f 2092 2151 2152
f 2091 2112 2119
f 2091 2119 2149
f 2133 2150 2149
f 2133 2149 2134
f 1930 2043 1931
f 1937 2037 1938
f 1938 2037 1985
f 1951 1979 1952
f 1886 1963 2010
f 1886 2010 1887
f 1887 2010 2087
f 1887 2087 2090
f 1769 2072 1917
f 1768 2072 1769
f 1920 1924 1930
f 1803 1802 2044
f 1803 2044 2062
f 1927 2036 1937
f 1793 1792 1986
f 1793 1986 2031
f 1783 1782 2016
f 1783 2016 1974
f 1775 2152 2087
f 1775 2087 2007
f 2008 2087 2010
f 1941 1945 1951
f 1816 1875 2153
f 1709 1816 2153
f 1709 2153 1817
f 1872 2153 1875
f 1876 1879 1877
f 1904 2143 2148
f 1904 2148 1907
f 1893 1897 2088
f 1903 2088 2154
f 1903 2154 2144
f 1888 2090 2089
f 1896 2089 2155
f 1896 2155 2138
f 1883 1887 2090
f 1871 1908 2147
f 1871 2147 2103
f 1872 1875 1873
f 1817 2153 1872
f 1817 1872 2102
f 1871 2103 2102
f 1871 2102 1872
f 1710 1817 2102
f 1710 2102 2099
f 1907 2148 2147
f 1907 2147 1908
f 2100 2103 2147
f 2100 2147 2104
f 1903 2144 2143
f 1903 2143 1904
f 2139 2142 2148
f 2139 2148 2143
f 1897 2137 2154
f 1897 2154 2088
f 2136 2140 2144
f 2136 2144 2154
f 1896 2138 2137
f 1896 2137 1897
f 2131 2136 2154
f 2131 2154 2137
f 2089 2090 2151
f 2089 2151 2155
f 2132 2138 2155
f 2132 2155 2133
f 2087 2152 2151
f 2087 2151 2090
f 2133 2155 2151
f 2133 2151 2150
f 1773 1775 2007
f 1773 2007 1776
f 1774 2092 2152
f 1774 2152 1775
f 2119 2134 2149
f 2114 2118 2134
f 2114 2134 2119
f 1813 2093 2097
f 1813 2097 1814
f 2113 2116 2135
f 2113 2135 2117
f 1811 1810 2112
f 1811 2112 2091
f 2094 2095 2115
f 2094 2115 2096
f 2095 2128 2123
f 2095 2123 2115
f 2116 2122 2127
f 2116 2127 2135
f 1512 1553 1552
f 2120 2129 2130
f 2120 2130 2124
f 2109 2111 2146
f 2109 2146 2110
f 2121 2125 2141
f 2121 2141 2126
f 2101 2105 2145
f 2101 2145 2106
f 1711 2107 2108
f 1711 2108 1815
f 1711 2098 2107
f 1985 2034 1986
f 1934 1938 1980
f 1912 1917 2067
f 1881 1961 1886
f 1959 2009 1963
f 1977 2016 1979
f 1948 1952 2011
f 2043 2065 2044
f 1927 1931 2038
f 2097 2119 2112
f 2156 958 961
f 2156 961 2157
f 2156 2158 1028
f 2156 1028 958
f 961 972 2159
f 961 2159 2157
f 2156 2157 2160
f 2156 2160 2161
f 2160 2162 2163
f 2160 2163 2161
f 2161 2163 2164
f 2161 2164 2165
f 2160 2166 2167
f 2160 2167 2162
f 2163 2162 2168
f 2163 2168 2169
f 2170 2171 2172
f 2170 2172 2173
f 2170 2174 2175
f 2170 2175 2171
f 2171 1001 1020
f 2171 1020 2172
f 2172 2176 2177
f 2172 2177 2173
f 2170 2173 2178
f 2170 2178 2179
f 2174 2180 2181
f 2174 2181 2175
f 2175 2181 999
f 2175 999 1002
f 2174 2182 2183
f 2174 2183 2180
f 2181 2180 2184
f 2181 2184 1000
f 2185 2186 2187
f 2185 2187 2188
f 2185 2189 2190
f 2185 2190 2186
f 2186 2191 2192
f 2186 2192 2187
f 2187 2193 2194
f 2187 2194 2188
f 2184 2185 2188
f 2184 2188 2195
f 2184 2195 1000
f 1000 2195 2196
f 1000 2196 987
f 2197 962 965
f 2197 965 2198
f 2197 2199 1018
f 2197 1018 962
f 965 1027 2200
f 965 2200 2198
f 2197 2198 2201
f 2197 2201 2202
f 2201 2203 2204
f 2201 2204 2202
f 2202 2204 2205
f 2202 2205 2206
f 2201 2207 2208
f 2201 2208 2203
f 2204 2203 2209
f 2204 2209 2210
f 2211 2212 2213
f 2211 2213 2214
f 2211 2215 2216
f 2211 2216 2212
f 2212 2217 2213
f 2213 2218 2214
f 2211 2214 2219
f 2211 2219 2220
f 2210 2221 2222
f 2210 2222 2223
f 2210 2223 2224
f 2210 2224 2225
f 2209 2221 2210
f 2215 2222 2221
f 2215 2221 2226
f 2223 2222 2227
f 2223 2227 2228
f 2214 2218 2229
f 2214 2229 2230
f 2218 2231 2232
f 2218 2232 2229
f 2229 2233 2234
f 2229 2234 2230
f 2214 2230 2235
f 2214 2235 2219
f 2236 2237 2238
f 2236 2238 2239
f 2236 2240 2241
f 2236 2241 2237
f 2233 2238 2237
f 2233 2237 2234
f 2238 2242 2243
f 2238 2243 2239
f 2191 2236 2239
f 2191 2239 2192
f 2242 2244 2243
f 2242 2245 2246
f 2242 2246 2244
f 2243 2244 2247
f 2243 2247 2248
f 2245 967 966
f 2245 966 2246
f 2245 2249 1017
f 2245 1017 967
f 2246 966 995
f 2246 995 2250
f 2231 1010 2232
f 2231 2251 1011
f 2231 1011 1010
f 2232 1010 1013
f 2232 1013 2252
f 2166 969 968
f 2166 968 2167
f 2167 968 1011
f 2167 1011 2251
f 2159 976 969
f 2159 969 2166
f 1013 1016 2252
f 1013 1012 1015
f 1013 1015 1016
f 1017 2253 2252
f 1017 2252 1016
f 972 975 976
f 972 976 2159
f 2193 979 982
f 2193 982 2194
f 2194 982 983
f 2194 983 2196
f 2193 2254 1008
f 2193 1008 979
f 2196 983 986
f 2196 986 987
f 2249 2253 1017
f 2233 2253 2249
f 2247 990 993
f 2247 993 2248
f 2247 2250 996
f 2247 996 990
f 2248 993 1008
f 2248 1008 2254
f 995 994 996
f 995 996 2250
f 2244 2246 2250
f 2244 2250 2247
f 2188 2194 2196
f 2188 2196 2195
f 2187 2192 2254
f 2187 2254 2193
f 2192 2239 2243
f 2192 2243 2254
f 2243 2248 2254
f 2181 1000 999
f 2232 2252 2253
f 2232 2253 2233
f 2229 2232 2233
f 2157 2159 2166
f 2157 2166 2160
f 2162 2167 2251
f 2162 2251 2168
f 2168 2251 2231
f 2168 2231 2217
f 2213 2217 2231
f 2213 2231 2218
f 2233 2249 2242
f 2233 2242 2238
f 2242 2249 2245
f 2183 2189 2185
f 2183 2185 2184
f 2180 2183 2184
f 2186 2190 2255
f 2186 2255 2191
f 2191 2255 2240
f 2191 2240 2236
f 2234 2237 2241
f 2234 2241 2256
f 2230 2234 2256
f 2230 2256 2235
f 2177 2224 2257
f 2177 2257 2258
f 2173 2177 2258
f 2173 2258 2178
f 2176 2225 2224
f 2176 2224 2177
f 2223 2228 2257
f 2223 2257 2224
f 2176 2259 2205
f 2176 2205 2225
f 2204 2210 2225
f 2204 2225 2205
f 2172 1020 2259
f 2172 2259 2176
f 2205 2259 2260
f 2205 2260 2206
f 2209 2261 2226
f 2209 2226 2221
f 2203 2208 2261
f 2203 2261 2209
f 2216 2226 2261
f 2216 2261 2262
f 2215 2263 2227
f 2215 2227 2222
f 2211 2220 2263
f 2211 2263 2215
f 2169 2212 2216
f 2169 2216 2262
f 2163 2169 2262
f 2163 2262 2164
f 2168 2217 2212
f 2168 2212 2169
f 2199 2206 2260
f 2199 2260 2264
f 2197 2202 2206
f 2197 2206 2199
f 2260 1006 1005
f 2260 1005 2264
f 2199 2264 1021
f 2199 1021 1018
f 2198 2200 2207
f 2198 2207 2201
f 2158 2165 2207
f 2158 2207 2200
f 2170 2179 2182
f 2170 2182 2174
f 2171 2175 1002
f 2171 1002 1001
f 1020 1006 2260
f 1020 2260 2259
f 2264 1005 1023
f 2264 1023 1021
f 2156 2161 2165
f 2156 2165 2158
f 2158 2200 1027
f 2158 1027 1028
f 2164 2208 2207
f 2164 2207 2165
f 2164 2262 2261
f 2164 2261 2208
f 2215 2226 2216
f 2183 2265 2266
f 2183 2266 2189
f 2190 2267 2268
f 2190 2268 2255
f 2240 2255 2268
f 2240 2268 2269
f 2241 2270 2271
f 2241 2271 2256
f 2219 2235 2272
f 2219 2272 2273
f 2235 2256 2271
f 2235 2271 2272
f 2258 2257 2274
f 2258 2274 2275
f 2178 2258 2275
f 2178 2275 2276
f 2228 2277 2274
f 2228 2274 2257
f 2227 2263 2278
f 2227 2278 2277
f 2220 2279 2278
f 2220 2278 2263
f 2179 2280 2265
f 2179 2265 2182
f 2240 2269 2270
f 2240 2270 2241
f 2219 2273 2279
f 2219 2279 2220
f 2189 2266 2267
f 2189 2267 2190
f 2182 2265 2183
f 2178 2276 2280
f 2178 2280 2179
f 2227 2277 2228
f 2281 2282 2283
f 2281 2283 2284
f 2282 2285 2286
f 2282 2286 2283
f 2285 2287 2288
f 2285 2288 2286
f 2289 2290 2291
f 2289 2291 2292
f 2293 2294 2295
f 2293 2295 2296
f 2290 2296 2295
f 2290 2295 2291
f 2297 2298 2299
f 2297 2299 2300
f 2301 2302 2303
f 2301 2303 2304
f 2305 2306 2307
f 2305 2307 2308
f 2309 2308 2307
f 2309 2307 2310
f 2287 2289 2292
f 2287 2292 2288
f 2300 2299 2303
f 2300 2303 2302
f 2309 2310 2294
f 2309 2294 2293
f 2281 2284 2298
f 2281 2298 2297
f 2301 2304 2306
f 2301 2306 2305
f 2269 2311 2270
f 2312 2313 2314
f 2312 2314 2315
f 2312 2316 2317
f 2312 2317 2313
f 2288 2292 2314
f 2288 2314 2313
f 2314 2318 2315
f 2312 2315 2319
f 2312 2319 2320
f 2319 2321 2322
f 2319 2322 2320
f 2320 2322 2323
f 2320 2323 2324
f 2311 2321 2319
f 2311 2319 2325
f 2267 2322 2321
f 2267 2321 2268
f 2266 2323 2322
f 2266 2322 2267
f 2265 2326 2323
f 2265 2323 2266
f 2312 2320 2324
f 2312 2324 2316
f 2316 2324 2327
f 2316 2327 2328
f 2286 2288 2313
f 2286 2313 2317
f 2283 2286 2317
f 2283 2317 2329
f 2268 2321 2311
f 2268 2311 2269
f 2315 2318 2325
f 2315 2325 2319
f 2318 2330 2331
f 2318 2331 2325
f 2323 2326 2327
f 2323 2327 2324
f 2316 2328 2329
f 2316 2329 2317
f 2291 2332 2314
f 2291 2314 2292
f 2314 2332 2330
f 2314 2330 2318
f 2311 2325 2331
f 2311 2331 2333
f 2270 2311 2333
f 2270 2333 2271
f 2334 2335 2336
f 2334 2336 2337
f 2334 2338 2339
f 2334 2339 2335
f 2304 2336 2335
f 2304 2335 2306
f 2336 2340 2341
f 2336 2341 2337
f 2334 2337 2342
f 2334 2342 2343
f 2276 2344 2345
f 2276 2345 2280
f 2344 2346 2347
f 2344 2347 2345
f 2326 2345 2347
f 2326 2347 2327
f 2344 2348 2349
f 2344 2349 2346
f 2347 2346 2350
f 2347 2350 2351
f 2350 2352 2353
f 2350 2353 2351
f 2328 2351 2353
f 2328 2353 2329
f 2350 2354 2355
f 2350 2355 2352
f 2284 2353 2352
f 2284 2352 2298
f 2273 2356 2357
f 2273 2357 2279
f 2356 2358 2359
f 2356 2359 2357
f 2357 2359 2360
f 2357 2360 2361
f 2356 2362 2363
f 2356 2363 2358
f 2359 2358 2364
f 2359 2364 2365
f 2364 2366 2367
f 2364 2367 2365
f 2338 2365 2367
f 2338 2367 2339
f 2364 2368 2369
f 2364 2369 2366
f 2294 2310 2367
f 2294 2367 2366
f 2348 2370 2371
f 2348 2371 2349
f 2341 2354 2349
f 2341 2349 2371
f 2275 2370 2348
f 2342 2371 2370
f 2342 2370 2372
f 2340 2355 2354
f 2340 2354 2341
f 2299 2355 2340
f 2299 2340 2303
f 2265 2280 2345
f 2265 2345 2326
f 2328 2327 2347
f 2328 2347 2351
f 2283 2329 2353
f 2283 2353 2284
f 2330 2332 2369
f 2330 2369 2368
f 2291 2295 2369
f 2291 2369 2332
f 2330 2368 2363
f 2330 2363 2331
f 2271 2333 2362
f 2271 2362 2272
f 2294 2366 2369
f 2294 2369 2295
f 2358 2363 2368
f 2358 2368 2364
f 2331 2363 2362
f 2331 2362 2333
f 2272 2362 2356
f 2272 2356 2273
f 2298 2352 2355
f 2298 2355 2299
f 2303 2340 2336
f 2303 2336 2304
f 2337 2341 2371
f 2337 2371 2342
f 2346 2349 2354
f 2346 2354 2350
f 2275 2348 2344
f 2275 2344 2276
f 2274 2372 2370
f 2274 2370 2275
f 2274 2277 2373
f 2274 2373 2372
f 2306 2335 2339
f 2306 2339 2307
f 2307 2339 2367
f 2307 2367 2310
f 2334 2343 2360
f 2334 2360 2338
f 2342 2372 2373
f 2342 2373 2343
f 2343 2373 2361
f 2343 2361 2360
f 2338 2360 2359
f 2338 2359 2365
f 2277 2278 2361
f 2277 2361 2373
f 2278 2279 2357
f 2278 2357 2361
f 2374 2375 2376
f 2374 2376 2377
f 2374 2378 2379
f 2374 2379 2375
f 2375 2380 2381
f 2375 2381 2376
f 2376 2382 2383
f 2376 2383 2377
f 2374 2377 2384
f 2374 2384 2385
f 2386 2387 2388
f 2386 2389 2390
f 2386 2390 2387
f 2387 2391 2392
f 2387 2392 2388
f 2386 2388 2393
f 2386 2393 2394
f 2395 2396 2397
f 2395 2398 2399
f 2395 2399 2396
f 2395 2397 2400
f 2395 2400 2401
f 2384 2402 2403
f 2384 2403 2385
f 2385 2403 2399
f 2385 2399 2398
f 2384 2404 2405
f 2384 2405 2402
f 2406 2407 2408
f 2406 2408 2409
f 2406 2410 2411
f 2406 2411 2407
f 2407 2281 2297
f 2407 2297 2408
f 2408 2412 2413
f 2408 2413 2409
f 2394 2414 2406
f 2394 2406 2409
f 2393 2415 2414
f 2393 2414 2394
f 2414 2415 2416
f 2414 2416 2417
f 2393 2418 2419
f 2393 2419 2415
f 2420 2421 2422
f 2420 2422 2423
f 2420 2424 2425
f 2420 2425 2421
f 2421 2309 2293
f 2421 2293 2422
f 2422 2426 2427
f 2422 2427 2423
f 2420 2423 2428
f 2420 2428 2429
f 2430 2431 2432
f 2430 2432 2433
f 2430 2434 2435
f 2430 2435 2431
f 2431 2301 2305
f 2431 2305 2432
f 2424 2433 2432
f 2424 2432 2425
f 2379 2436 2430
f 2379 2430 2433
f 2400 2437 2438
f 2400 2438 2401
f 2391 2438 2437
f 2391 2437 2439
f 2390 2440 2401
f 2390 2401 2438
f 2391 2439 2441
f 2391 2441 2392
f 2392 2441 2442
f 2392 2442 2443
f 2444 2445 2446
f 2444 2446 2447
f 2444 2448 2445
f 2445 2449 2450
f 2445 2450 2446
f 2446 2451 2452
f 2446 2452 2447
f 2444 2447 2453
f 2444 2453 2454
f 2416 2455 2417
f 2416 2456 2457
f 2416 2457 2455
f 2417 2455 2458
f 2417 2458 2459
f 2456 2460 2461
f 2456 2461 2457
f 2456 2462 2463
f 2456 2463 2460
f 2457 2461 2464
f 2457 2464 2465
f 2389 2466 2440
f 2389 2440 2390
f 2389 2467 2434
f 2389 2434 2466
f 2436 2468 2440
f 2436 2440 2466
f 2412 2435 2434
f 2412 2434 2467
f 2412 2467 2413
f 2412 2300 2302
f 2412 2302 2435
f 2418 2469 2470
f 2418 2470 2419
f 2419 2470 2471
f 2418 2443 2472
f 2418 2472 2469
f 2453 2473 2454
f 2453 2474 2475
f 2453 2475 2473
f 2454 2473 2476
f 2454 2476 2477
f 2381 2429 2428
f 2381 2428 2478
f 2428 2479 2480
f 2428 2480 2478
f 2376 2381 2478
f 2376 2478 2382
f 2380 2429 2381
f 2449 2481 2482
f 2449 2482 2450
f 2450 2482 2483
f 2450 2483 2484
f 2449 2485 2481
f 2486 2487 2488
f 2486 2488 2489
f 2486 2490 2487
f 2449 2489 2488
f 2449 2488 2485
f 2448 2491 2486
f 2448 2486 2489
f 2445 2448 2489
f 2445 2489 2449
f 2444 2492 2491
f 2444 2491 2448
f 2458 2465 2486
f 2458 2486 2491
f 2458 2491 2492
f 2458 2492 2459
f 2455 2457 2465
f 2455 2465 2458
f 2465 2493 2490
f 2465 2490 2486
f 2444 2454 2494
f 2444 2494 2492
f 2454 2477 2494
f 2459 2492 2494
f 2459 2494 2495
f 2494 2496 2497
f 2494 2497 2495
f 2410 2417 2459
f 2410 2459 2495
f 2451 2498 2499
f 2451 2499 2500
f 2383 2500 2499
f 2383 2499 2404
f 2451 2500 2501
f 2451 2501 2452
f 2451 2484 2498
f 2499 2498 2502
f 2499 2502 2503
f 2377 2383 2404
f 2377 2404 2384
f 2380 2424 2420
f 2380 2420 2429
f 2379 2433 2424
f 2379 2424 2380
f 2382 2478 2480
f 2382 2480 2501
f 2423 2427 2479
f 2423 2479 2428
f 2427 2504 2475
f 2427 2475 2479
f 2452 2501 2480
f 2452 2480 2474
f 2474 2480 2479
f 2474 2479 2475
f 2447 2452 2474
f 2447 2474 2453
f 2426 2505 2504
f 2426 2504 2427
f 2473 2475 2504
f 2473 2504 2476
f 2476 2504 2505
f 2476 2505 2506
f 2415 2419 2462
f 2415 2462 2416
f 2419 2471 2507
f 2419 2507 2462
f 2416 2462 2456
f 2430 2436 2466
f 2430 2466 2434
f 2386 2413 2467
f 2386 2467 2389
f 2386 2394 2409
f 2386 2409 2413
f 2407 2411 2282
f 2407 2282 2281
f 2411 2497 2285
f 2411 2285 2282
f 2410 2495 2497
f 2410 2497 2411
f 2496 2287 2285
f 2496 2285 2497
f 2406 2414 2417
f 2406 2417 2410
f 2496 2508 2287
f 2505 2290 2289
f 2505 2289 2506
f 2506 2289 2287
f 2506 2287 2508
f 2426 2296 2290
f 2426 2290 2505
f 2446 2450 2484
f 2446 2484 2451
f 2422 2293 2296
f 2422 2296 2426
f 2388 2392 2443
f 2388 2443 2418
f 2388 2418 2393
f 2387 2390 2438
f 2387 2438 2391
f 2378 2398 2395
f 2378 2395 2468
f 2395 2401 2440
f 2395 2440 2468
f 2378 2468 2436
f 2378 2436 2379
f 2374 2385 2398
f 2374 2398 2378
f 2375 2379 2380
f 2408 2297 2300
f 2408 2300 2412
f 2431 2435 2302
f 2431 2302 2301
f 2425 2432 2305
f 2425 2305 2308
f 2421 2425 2308
f 2421 2308 2309
f 2464 2493 2465
f 2404 2499 2503
f 2404 2503 2405
f 2382 2501 2500
f 2382 2500 2383
f 2462 2507 2463
f 2477 2508 2496
f 2477 2496 2494
f 2476 2506 2508
f 2476 2508 2477
f 2483 2502 2498
f 2483 2498 2484
f 2442 2472 2443
f 2396 2509 2510
f 2396 2510 2397
f 2402 2511 2512
f 2402 2512 2403
f 2400 2513 2514
f 2400 2514 2437
f 2439 2515 2516
f 2439 2516 2441
f 2460 2517 2518
f 2460 2518 2461
f 2469 2519 2520
f 2469 2520 2470
f 2482 2481 2521
f 2482 2521 2522
f 2487 2523 2524
f 2487 2524 2488
f 2464 2525 2526
f 2464 2526 2493
f 2485 2488 2524
f 2485 2524 2527
f 2481 2485 2527
f 2481 2527 2521
f 2470 2520 2528
f 2470 2528 2471
f 2461 2518 2525
f 2461 2525 2464
f 2460 2463 2529
f 2460 2529 2517
f 2490 2493 2526
f 2490 2526 2530
f 2487 2490 2531
f 2487 2531 2523
f 2482 2522 2532
f 2482 2532 2483
f 2405 2503 2533
f 2405 2533 2534
f 2483 2532 2535
f 2483 2535 2502
f 2502 2535 2533
f 2502 2533 2503
f 2441 2516 2536
f 2441 2536 2442
f 2437 2537 2515
f 2437 2515 2439
f 2469 2472 2538
f 2469 2538 2539
f 2442 2536 2540
f 2442 2540 2472
f 2471 2528 2541
f 2471 2541 2507
f 2463 2507 2542
f 2463 2542 2543
f 2399 2403 2512
f 2399 2512 2544
f 2402 2405 2534
f 2402 2534 2511
f 2396 2399 2544
f 2396 2544 2509
f 2397 2510 2513
f 2397 2513 2400
f 2545 2546 2547
f 2545 2547 2548
f 2545 2549 2550
f 2545 2550 2546
f 2546 2551 2552
f 2546 2552 2547
f 2547 2553 2554
f 2547 2554 2548
f 2545 2548 2555
f 2545 2555 2556
f 2526 2525 2557
f 2526 2557 2558
f 2526 2558 2559
f 2526 2559 2530
f 2518 2560 2557
f 2518 2557 2525
f 2558 2557 2561
f 2558 2561 2562
f 2530 2559 2563
f 2559 2564 2565
f 2559 2565 2563
f 2530 2563 2566
f 2530 2566 2531
f 2567 2568 2569
f 2567 2569 2570
f 2567 2571 2572
f 2567 2572 2568
f 2568 2573 2574
f 2568 2574 2569
f 2569 2575 2576
f 2569 2576 2570
f 2567 2570 2577
f 2567 2577 2578
f 2522 2521 2579
f 2522 2579 2580
f 2522 2580 2581
f 2522 2581 2532
f 2521 2527 2582
f 2521 2582 2579
f 2577 2580 2579
f 2577 2579 2583
f 2555 2562 2561
f 2555 2561 2556
f 2555 2584 2564
f 2555 2564 2562
f 2556 2561 2585
f 2556 2585 2586
f 2564 2587 2588
f 2564 2588 2565
f 2587 2589 2590
f 2587 2590 2588
f 2565 2588 2591
f 2565 2591 2592
f 2564 2593 2587
f 2594 2595 2596
f 2594 2596 2597
f 2591 2595 2594
f 2591 2594 2592
f 2595 2598 2599
f 2595 2599 2596
f 2596 2600 2601
f 2596 2601 2597
f 2594 2597 2602
f 2594 2602 2603
f 2523 2603 2602
f 2523 2602 2524
f 2523 2531 2566
f 2523 2566 2603
f 2524 2602 2604
f 2589 2605 2606
f 2589 2606 2590
f 2590 2606 2607
f 2590 2607 2608
f 2589 2609 2610
f 2589 2610 2605
f 2606 2605 2611
f 2606 2611 2612
f 2598 2613 2614
f 2598 2614 2599
f 2599 2614 2615
f 2599 2615 2616
f 2598 2608 2607
f 2598 2607 2613
f 2614 2613 2617
f 2614 2617 2618
f 2577 2583 2578
f 2578 2583 2619
f 2578 2619 2620
f 2571 2616 2615
f 2571 2615 2572
f 2571 2620 2600
f 2571 2600 2616
f 2572 2615 2621
f 2572 2621 2622
f 2600 2620 2619
f 2600 2619 2601
f 2582 2604 2601
f 2582 2601 2619
f 2524 2604 2582
f 2524 2582 2527
f 2553 2623 2624
f 2553 2624 2554
f 2554 2624 2593
f 2554 2593 2584
f 2553 2625 2626
f 2553 2626 2623
f 2609 2624 2623
f 2609 2623 2610
f 2569 2574 2627
f 2569 2627 2575
f 2574 2628 2629
f 2574 2629 2627
f 2575 2627 2630
f 2575 2630 2631
f 2568 2572 2622
f 2568 2622 2573
f 2573 2622 2632
f 2573 2632 2633
f 2614 2618 2621
f 2614 2621 2615
f 2618 2634 2635
f 2618 2635 2621
f 2607 2636 2617
f 2607 2617 2613
f 2606 2612 2636
f 2606 2636 2607
f 2617 2636 2637
f 2617 2637 2638
f 2612 2639 2637
f 2612 2637 2636
f 2605 2610 2640
f 2605 2640 2611
f 2610 2623 2626
f 2610 2626 2640
f 2611 2640 2641
f 2611 2641 2642
f 2626 2643 2641
f 2626 2641 2640
f 2547 2552 2625
f 2547 2625 2553
f 2552 2644 2645
f 2552 2645 2625
f 2593 2624 2609
f 2587 2593 2609
f 2587 2609 2589
f 2558 2562 2564
f 2558 2564 2559
f 2588 2590 2608
f 2588 2608 2591
f 2548 2554 2584
f 2548 2584 2555
f 2563 2565 2592
f 2563 2592 2566
f 2566 2592 2594
f 2566 2594 2603
f 2591 2608 2598
f 2591 2598 2595
f 2490 2530 2531
f 2597 2601 2604
f 2597 2604 2602
f 2579 2582 2619
f 2579 2619 2583
f 2596 2599 2616
f 2596 2616 2600
f 2567 2578 2620
f 2567 2620 2571
f 2564 2584 2593
f 2625 2645 2643
f 2625 2643 2626
f 2621 2635 2632
f 2621 2632 2622
f 2617 2638 2634
f 2617 2634 2618
f 2611 2642 2639
f 2611 2639 2612
f 2576 2581 2580
f 2576 2580 2577
f 2575 2631 2646
f 2575 2646 2576
f 2570 2576 2577
f 2573 2633 2628
f 2573 2628 2574
f 2557 2560 2585
f 2557 2585 2561
f 2546 2550 2647
f 2546 2647 2551
f 2551 2648 2644
f 2551 2644 2552
f 2545 2556 2586
f 2545 2586 2549
f 2649 2650 2651
f 2649 2652 2653
f 2649 2653 2650
f 2650 2654 2655
f 2650 2655 2651
f 2649 2651 2656
f 2649 2656 2657
f 2654 2658 2659
f 2654 2659 2660
f 2654 2660 2655
f 2654 2661 2662
f 2654 2662 2658
f 2658 2663 2664
f 2658 2664 2659
f 2660 2659 2665
f 2660 2665 2666
f 2663 2667 2668
f 2663 2668 2664
f 2664 2668 2669
f 2664 2669 2670
f 2663 2671 2672
f 2663 2672 2667
f 2668 2667 2673
f 2668 2673 2674
f 2675 2676 2677
f 2675 2677 2678
f 2675 2679 2680
f 2675 2680 2676
f 2676 2681 2682
f 2676 2682 2677
f 2677 2683 2684
f 2677 2684 2678
f 2675 2678 2685
f 2675 2685 2686
f 2687 2688 2689
f 2687 2689 2690
f 2687 2691 2692
f 2687 2692 2688
f 2685 2689 2688
f 2685 2688 2686
f 2689 2693 2694
f 2689 2694 2690
f 2687 2690 2695
f 2687 2695 2696
f 2697 2698 2699
f 2697 2699 2700
f 2697 2701 2702
f 2697 2702 2698
f 2698 2703 2704
f 2698 2704 2699
f 2699 2705 2706
f 2699 2706 2700
f 2697 2700 2707
f 2697 2707 2708
f 2709 2710 2711
f 2709 2711 2712
f 2709 2713 2714
f 2709 2714 2710
f 2707 2711 2710
f 2707 2710 2708
f 2711 2715 2716
f 2711 2716 2712
f 2709 2712 2717
f 2709 2717 2718
f 2719 2720 2721
f 2719 2721 2722
f 2719 2723 2724
f 2719 2724 2720
f 2720 2725 2726
f 2720 2726 2721
f 2721 2727 2728
f 2721 2728 2722
f 2719 2722 2729
f 2719 2729 2730
f 2512 2511 2657
f 2512 2657 2656
f 2511 2534 2731
f 2511 2731 2657
f 2512 2656 2732
f 2512 2732 2733
f 2665 2734 2735
f 2665 2735 2666
f 2666 2735 2733
f 2666 2733 2732
f 2665 2670 2736
f 2665 2736 2734
f 2735 2734 2737
f 2735 2737 2738
f 2669 2739 2736
f 2669 2736 2670
f 2736 2739 2740
f 2736 2740 2741
f 2669 2742 2743
f 2669 2743 2739
f 2679 2744 2745
f 2679 2745 2680
f 2744 2746 2747
f 2744 2747 2745
f 2680 2745 2748
f 2680 2748 2749
f 2679 2750 2751
f 2679 2751 2744
f 2691 2752 2753
f 2691 2753 2692
f 2752 2754 2755
f 2752 2755 2753
f 2692 2753 2751
f 2692 2751 2750
f 2691 2756 2757
f 2691 2757 2752
f 2701 2758 2759
f 2701 2759 2702
f 2758 2760 2761
f 2758 2761 2759
f 2702 2759 2762
f 2702 2762 2763
f 2701 2764 2765
f 2701 2765 2758
f 2713 2766 2767
f 2713 2767 2714
f 2766 2768 2769
f 2766 2769 2767
f 2714 2767 2765
f 2714 2765 2764
f 2713 2770 2771
f 2713 2771 2766
f 2723 2772 2773
f 2723 2773 2724
f 2772 2774 2775
f 2772 2775 2773
f 2724 2773 2776
f 2724 2776 2777
f 2723 2778 2779
f 2723 2779 2772
f 2514 2513 2741
f 2514 2741 2740
f 2514 2740 2780
f 2514 2780 2537
f 2510 2737 2741
f 2510 2741 2513
f 2516 2515 2747
f 2516 2747 2746
f 2515 2537 2781
f 2515 2781 2747
f 2516 2746 2782
f 2516 2782 2536
f 2538 2540 2755
f 2538 2755 2754
f 2472 2540 2538
f 2536 2782 2755
f 2536 2755 2540
f 2538 2754 2783
f 2538 2783 2539
f 2520 2519 2761
f 2520 2761 2760
f 2519 2539 2784
f 2519 2784 2761
f 2520 2760 2785
f 2520 2785 2528
f 2541 2769 2768
f 2541 2768 2542
f 2507 2541 2542
f 2528 2785 2769
f 2528 2769 2541
f 2542 2768 2786
f 2542 2786 2543
f 2631 2787 2646
f 2631 2630 2788
f 2631 2788 2787
f 2646 2787 2789
f 2646 2789 2790
f 2549 2730 2729
f 2549 2729 2550
f 2549 2586 2778
f 2549 2778 2730
f 2550 2729 2791
f 2550 2791 2647
f 2585 2779 2778
f 2585 2778 2586
f 2560 2792 2779
f 2560 2779 2585
f 2529 2793 2775
f 2529 2775 2774
f 2517 2529 2774
f 2517 2774 2792
f 2463 2793 2529
f 2543 2794 2775
f 2543 2775 2793
f 2725 2795 2796
f 2725 2796 2726
f 2726 2796 2797
f 2726 2797 2798
f 2725 2777 2799
f 2725 2799 2795
f 2796 2795 2800
f 2796 2800 2801
f 2717 2801 2800
f 2717 2800 2718
f 2717 2802 2803
f 2717 2803 2801
f 2718 2800 2804
f 2718 2804 2770
f 2776 2805 2799
f 2776 2799 2777
f 2776 2794 2806
f 2776 2806 2805
f 2799 2805 2807
f 2799 2807 2804
f 2770 2804 2807
f 2770 2807 2771
f 2771 2807 2806
f 2771 2806 2786
f 2703 2808 2809
f 2703 2809 2704
f 2704 2809 2810
f 2704 2810 2811
f 2703 2763 2812
f 2703 2812 2808
f 2809 2808 2813
f 2809 2813 2814
f 2695 2814 2813
f 2695 2813 2696
f 2695 2815 2816
f 2695 2816 2814
f 2696 2813 2817
f 2696 2817 2756
f 2762 2818 2812
f 2762 2812 2763
f 2762 2784 2819
f 2762 2819 2818
f 2812 2818 2820
f 2812 2820 2817
f 2756 2817 2820
f 2756 2820 2757
f 2757 2820 2819
f 2757 2819 2783
f 2681 2821 2822
f 2681 2822 2682
f 2682 2822 2823
f 2682 2823 2824
f 2681 2749 2825
f 2681 2825 2821
f 2822 2821 2826
f 2822 2826 2827
f 2673 2827 2826
f 2673 2826 2674
f 2673 2828 2829
f 2673 2829 2827
f 2674 2826 2830
f 2674 2830 2742
f 2748 2831 2825
f 2748 2825 2749
f 2748 2781 2832
f 2748 2832 2831
f 2825 2831 2833
f 2825 2833 2830
f 2742 2830 2833
f 2742 2833 2743
f 2743 2833 2832
f 2743 2832 2780
f 2543 2786 2806
f 2543 2806 2794
f 2539 2783 2819
f 2539 2819 2784
f 2537 2780 2832
f 2537 2832 2781
f 2649 2657 2731
f 2649 2731 2834
f 2731 2789 2835
f 2731 2835 2834
f 2649 2834 2836
f 2649 2836 2837
f 2787 2788 2835
f 2787 2835 2789
f 2788 2838 2839
f 2788 2839 2835
f 2627 2629 2840
f 2627 2840 2630
f 2551 2647 2841
f 2551 2841 2648
f 2722 2728 2791
f 2722 2791 2729
f 2728 2842 2843
f 2728 2843 2791
f 2721 2726 2798
f 2721 2798 2727
f 2727 2844 2842
f 2727 2842 2728
f 2727 2798 2845
f 2727 2845 2844
f 2796 2801 2803
f 2796 2803 2797
f 2797 2803 2846
f 2797 2846 2847
f 2712 2716 2802
f 2712 2802 2717
f 2716 2848 2849
f 2716 2849 2802
f 2707 2850 2715
f 2707 2715 2711
f 2700 2706 2850
f 2700 2850 2707
f 2715 2850 2851
f 2715 2851 2852
f 2706 2853 2851
f 2706 2851 2850
f 2699 2704 2811
f 2699 2811 2705
f 2705 2811 2854
f 2705 2854 2855
f 2809 2814 2816
f 2809 2816 2810
f 2810 2816 2856
f 2810 2856 2857
f 2690 2694 2815
f 2690 2815 2695
f 2694 2858 2859
f 2694 2859 2815
f 2685 2860 2693
f 2685 2693 2689
f 2678 2684 2860
f 2678 2860 2685
f 2693 2860 2861
f 2693 2861 2862
f 2684 2863 2861
f 2684 2861 2860
f 2677 2682 2824
f 2677 2824 2683
f 2683 2824 2864
f 2683 2864 2865
f 2822 2827 2829
f 2822 2829 2823
f 2823 2829 2866
f 2823 2866 2867
f 2667 2672 2828
f 2667 2828 2673
f 2672 2868 2869
f 2672 2869 2828
f 2658 2662 2671
f 2658 2671 2663
f 2671 2870 2868
f 2671 2868 2672
f 2662 2871 2870
f 2662 2870 2671
f 2650 2653 2661
f 2650 2661 2654
f 2653 2872 2873
f 2653 2873 2661
f 2805 2806 2807
f 2463 2543 2793
f 2818 2819 2820
f 2469 2539 2519
f 2831 2832 2833
f 2437 2514 2537
f 2739 2743 2780
f 2739 2780 2740
f 2745 2747 2781
f 2745 2781 2748
f 2821 2825 2830
f 2821 2830 2826
f 2668 2674 2742
f 2668 2742 2669
f 2676 2680 2749
f 2676 2749 2681
f 2752 2757 2783
f 2752 2783 2754
f 2759 2761 2784
f 2759 2784 2762
f 2808 2812 2817
f 2808 2817 2813
f 2687 2696 2756
f 2687 2756 2691
f 2698 2702 2763
f 2698 2763 2703
f 2766 2771 2786
f 2766 2786 2768
f 2773 2775 2794
f 2773 2794 2776
f 2795 2799 2804
f 2795 2804 2800
f 2709 2718 2770
f 2709 2770 2713
f 2720 2724 2777
f 2720 2777 2725
f 2772 2779 2792
f 2772 2792 2774
f 2719 2730 2778
f 2719 2778 2723
f 2758 2765 2785
f 2758 2785 2760
f 2765 2767 2769
f 2765 2769 2785
f 2697 2708 2764
f 2697 2764 2701
f 2708 2710 2714
f 2708 2714 2764
f 2744 2751 2782
f 2744 2782 2746
f 2751 2753 2755
f 2751 2755 2782
f 2686 2688 2692
f 2686 2692 2750
f 2675 2686 2750
f 2675 2750 2679
f 2734 2736 2741
f 2734 2741 2737
f 2659 2664 2670
f 2659 2670 2665
f 2576 2646 2790
f 2576 2790 2581
f 2532 2581 2790
f 2532 2790 2535
f 2512 2733 2544
f 2509 2738 2737
f 2509 2737 2510
f 2544 2733 2735
f 2544 2735 2738
f 2509 2544 2738
f 2651 2655 2732
f 2651 2732 2656
f 2655 2660 2666
f 2655 2666 2732
f 2533 2535 2790
f 2533 2790 2789
f 2533 2789 2731
f 2533 2731 2534
f 2828 2869 2866
f 2828 2866 2829
f 2823 2867 2864
f 2823 2864 2824
f 2815 2859 2856
f 2815 2856 2816
f 2810 2857 2854
f 2810 2854 2811
f 2802 2849 2846
f 2802 2846 2803
f 2797 2847 2845
f 2797 2845 2798
f 2834 2835 2839
f 2834 2839 2836
f 2517 2792 2560
f 2517 2560 2518
f 2647 2791 2843
f 2647 2843 2841
f 2630 2840 2838
f 2630 2838 2788
f 2715 2852 2848
f 2715 2848 2716
f 2705 2855 2853
f 2705 2853 2706
f 2693 2862 2858
f 2693 2858 2694
f 2683 2865 2863
f 2683 2863 2684
f 2661 2873 2871
f 2661 2871 2662
f 2649 2837 2652
f 2652 2837 2872
f 2652 2872 2653
f 2874 2875 2876
f 2874 2877 2875
f 2875 2878 2879
f 2875 2879 2876
f 2874 2876 2880
f 2874 2880 2881
f 2882 2883 2884
f 2882 2885 2883
f 2883 2886 2887
f 2883 2887 2884
f 2882 2884 2888
f 2882 2888 2889
f 2890 2891 2892
f 2890 2893 2891
f 2891 2894 2895
f 2891 2895 2892
f 2890 2892 2896
f 2890 2896 2897
f 2898 2899 2900
f 2898 2901 2899
f 2899 2902 2903
f 2899 2903 2900
f 2898 2900 2904
f 2898 2904 2905
f 2906 2907 2908
f 2906 2909 2907
f 2907 2910 2911
f 2907 2911 2908
f 2906 2908 2912
f 2906 2912 2913
f 2914 2915 2916
f 2914 2917 2915
f 2915 2918 2919
f 2915 2919 2916
f 2914 2916 2920
f 2914 2920 2921
f 2922 2923 2924
f 2922 2924 2925
f 2628 2633 2923
f 2628 2923 2922
f 2923 2926 2927
f 2923 2927 2924
f 2924 2928 2929
f 2924 2929 2925
f 2922 2925 2930
f 2922 2930 2931
f 2930 2932 2933
f 2930 2933 2931
f 2931 2933 2934
f 2931 2934 2935
f 2914 2932 2930
f 2914 2930 2929
f 2921 2936 2933
f 2921 2933 2932
f 2920 2937 2936
f 2920 2936 2921
f 2936 2937 2938
f 2936 2938 2939
f 2919 2940 2937
f 2919 2937 2920
f 2918 2941 2940
f 2918 2940 2919
f 2940 2941 2942
f 2940 2942 2943
f 2918 2944 2945
f 2918 2945 2941
f 2946 2947 2948
f 2946 2948 2949
f 2639 2642 2947
f 2639 2947 2946
f 2944 2948 2947
f 2944 2947 2945
f 2917 2950 2949
f 2917 2949 2948
f 2946 2949 2951
f 2946 2951 2952
f 2951 2953 2954
f 2951 2954 2952
f 2634 2638 2952
f 2634 2952 2954
f 2950 2955 2953
f 2950 2953 2951
f 2954 2953 2956
f 2954 2956 2957
f 2926 2957 2956
f 2926 2956 2927
f 2632 2635 2957
f 2632 2957 2926
f 2927 2956 2955
f 2927 2955 2928
f 2958 2959 2960
f 2958 2960 2961
f 2836 2959 2958
f 2836 2958 2962
f 2959 2963 2964
f 2959 2964 2960
f 2909 2965 2961
f 2909 2961 2960
f 2958 2961 2966
f 2958 2966 2967
f 2966 2968 2969
f 2966 2969 2967
f 2967 2969 2970
f 2967 2970 2971
f 2965 2972 2968
f 2965 2968 2966
f 2969 2968 2973
f 2969 2973 2974
f 2973 2975 2976
f 2973 2976 2974
f 2974 2976 2977
f 2974 2977 2978
f 2972 2979 2975
f 2972 2975 2973
f 2976 2975 2980
f 2976 2980 2981
f 2980 2982 2983
f 2980 2983 2981
f 2981 2983 2984
f 2981 2984 2985
f 2979 2986 2982
f 2979 2982 2980
f 2983 2982 2987
f 2983 2987 2988
f 2987 2989 2990
f 2987 2990 2988
f 2988 2990 2991
f 2988 2991 2992
f 2986 2993 2989
f 2986 2989 2987
f 2990 2989 2994
f 2990 2994 2995
f 2994 2996 2997
f 2994 2997 2995
f 2995 2997 2998
f 2995 2998 2999
f 2993 3000 2996
f 2993 2996 2994
f 2997 2996 3001
f 2997 3001 3002
f 3001 3003 3004
f 3001 3004 3002
f 3002 3004 3005
f 3002 3005 3006
f 3000 3007 3003
f 3000 3003 3001
f 3004 3003 3008
f 3004 3008 3009
f 3008 3010 3011
f 3008 3011 3009
f 2943 3012 3009
f 2943 3009 3011
f 3007 3013 3010
f 3007 3010 3008
f 2938 3011 3010
f 2938 3010 3014
f 2938 3014 3015
f 2938 3015 2939
f 2906 3015 3014
f 2906 3014 3013
f 2913 3016 2939
f 2913 2939 3015
f 2912 3017 3016
f 2912 3016 2913
f 2934 3016 3017
f 2934 3017 2935
f 2911 3018 3017
f 2911 3017 2912
f 2910 3019 3018
f 2910 3018 2911
f 2838 2840 3018
f 2838 3018 3019
f 2910 2964 2963
f 2910 2963 3019
f 3020 3021 3022
f 3020 3022 3023
f 2846 2849 3021
f 2846 3021 3020
f 3021 3024 3025
f 3021 3025 3022
f 3022 3026 3027
f 3022 3027 3023
f 3020 3023 3028
f 3020 3028 3029
f 3028 3030 3031
f 3028 3031 3029
f 2999 3032 3029
f 2999 3029 3031
f 2874 3030 3028
f 2874 3028 3027
f 2881 2991 3031
f 2881 3031 3030
f 2880 2992 2991
f 2880 2991 2881
f 2879 3033 2992
f 2879 2992 2880
f 2878 3034 3033
f 2878 3033 2879
f 2984 3033 3034
f 2984 3034 3035
f 2878 3036 3037
f 2878 3037 3034
f 3036 3038 3039
f 3036 3039 3037
f 2854 2857 3037
f 2854 3037 3039
f 2875 2877 3038
f 2875 3038 3036
f 3039 3038 3040
f 3039 3040 3041
f 3040 3042 3043
f 3040 3043 3041
f 2853 2855 3041
f 2853 3041 3043
f 2877 3044 3042
f 2877 3042 3040
f 3043 3042 3045
f 3043 3045 3046
f 3024 3047 3048
f 3024 3048 3025
f 2848 2852 3047
f 2848 3047 3024
f 3045 3048 3047
f 3045 3047 3046
f 3025 3048 3049
f 3025 3049 3026
f 3050 3051 3052
f 3050 3052 3053
f 2644 2648 3051
f 2644 3051 3050
f 3051 3054 3055
f 3051 3055 3052
f 3052 3056 3057
f 3052 3057 3053
f 3050 3053 3058
f 3050 3058 3059
f 3058 3060 3061
f 3058 3061 3059
f 3012 3062 3059
f 3012 3059 3061
f 2882 3060 3058
f 2882 3058 3057
f 2889 3005 3061
f 2889 3061 3060
f 2888 3006 3005
f 2888 3005 2889
f 2887 3063 3006
f 2887 3006 2888
f 2886 3064 3063
f 2886 3063 2887
f 2998 3063 3064
f 2998 3064 3032
f 2886 3065 3066
f 2886 3066 3064
f 3065 3067 3068
f 3065 3068 3066
f 2845 2847 3066
f 2845 3066 3068
f 2883 2885 3067
f 2883 3067 3065
f 3068 3067 3069
f 3068 3069 3070
f 3054 3071 3072
f 3054 3072 3055
f 2841 2843 3071
f 2841 3071 3054
f 3071 3073 3074
f 3071 3074 3072
f 3055 3072 3075
f 3055 3075 3056
f 3076 3077 3078
f 3076 3078 3079
f 2856 2859 3077
f 2856 3077 3076
f 3077 3080 3081
f 3077 3081 3078
f 3078 3082 3083
f 3078 3083 3079
f 3076 3079 3084
f 3076 3084 3085
f 2896 3086 3087
f 2896 3087 2897
f 2985 3088 3087
f 2985 3087 3086
f 2897 3087 3085
f 2897 3085 3084
f 2895 3089 3086
f 2895 3086 2896
f 2894 3090 3089
f 2894 3089 2895
f 2977 3089 3090
f 2977 3090 3091
f 2894 3092 3093
f 2894 3093 3090
f 3092 3094 3095
f 3092 3095 3093
f 2864 2867 3093
f 2864 3093 3095
f 2891 2893 3094
f 2891 3094 3092
f 3095 3094 3096
f 3095 3096 3097
f 3096 3098 3099
f 3096 3099 3097
f 2863 2865 3097
f 2863 3097 3099
f 2893 3100 3098
f 2893 3098 3096
f 3099 3098 3101
f 3099 3101 3102
f 3080 3103 3104
f 3080 3104 3081
f 2858 2862 3103
f 2858 3103 3080
f 3101 3104 3103
f 3101 3103 3102
f 3081 3104 3105
f 3081 3105 3082
f 3106 3107 3108
f 3106 3108 3109
f 2866 2869 3107
f 2866 3107 3106
f 3107 3110 3111
f 3107 3111 3108
f 3108 3112 3113
f 3108 3113 3109
f 3106 3109 3114
f 3106 3114 3115
f 3114 3116 3117
f 3114 3117 3115
f 2978 3091 3115
f 2978 3115 3117
f 2898 3116 3114
f 2898 3114 3113
f 2905 2970 3117
f 2905 3117 3116
f 2904 2971 2970
f 2904 2970 2905
f 2903 3118 2971
f 2903 2971 2904
f 2902 3119 3118
f 2902 3118 2903
f 2962 3118 3119
f 2962 3119 3120
f 2902 3121 3122
f 2902 3122 3119
f 3121 3123 3124
f 3121 3124 3122
f 2837 3122 3124
f 2837 3124 2872
f 2899 2901 3123
f 2899 3123 3121
f 3124 3123 3125
f 3124 3125 3126
f 3110 3127 3128
f 3110 3128 3111
f 2868 2870 3127
f 2868 3127 3110
f 3127 3129 3130
f 3127 3130 3128
f 3111 3128 3131
f 3111 3131 3112
f 3128 3130 3132
f 3128 3132 3131
f 2901 3132 3130
f 2901 3130 3125
f 2898 3131 3132
f 3125 3130 3129
f 3125 3129 3126
f 2901 3125 3123
f 2898 3132 2901
f 2899 3121 2902
f 2900 2903 2904
f 2898 2905 3116
f 3108 3111 3112
f 3109 3113 3114
f 3101 3105 3104
f 3098 3100 3105
f 3098 3105 3101
f 2890 3105 3100
f 2893 3096 3094
f 2891 3092 2894
f 2892 2895 2896
f 2890 2897 3084
f 2890 3084 3083
f 3079 3083 3084
f 2890 3083 3082
f 3078 3081 3082
f 3072 3074 3133
f 3072 3133 3075
f 2885 3133 3074
f 2885 3074 3069
f 2882 3075 3133
f 3069 3074 3073
f 3069 3073 3070
f 2885 3069 3067
f 2882 3133 2885
f 2883 3065 2886
f 2884 2887 2888
f 2882 2889 3060
f 3052 3055 3056
f 3053 3057 3058
f 3045 3049 3048
f 3042 3044 3049
f 3042 3049 3045
f 2874 3049 3044
f 2877 3040 3038
f 2875 3036 2878
f 2876 2879 2880
f 2874 2881 3030
f 3022 3025 3026
f 3023 3027 3028
f 2908 2911 2912
f 2906 2913 3015
f 3010 3013 3014
f 3003 3007 3008
f 2996 3000 3001
f 2989 2993 2994
f 2982 2986 2987
f 2975 2979 2980
f 2968 2972 2973
f 2961 2965 2966
f 2907 2964 2910
f 2907 2909 2960
f 2907 2960 2964
f 2953 2955 2956
f 2949 2950 2951
f 2915 2917 2948
f 2915 2948 2944
f 2915 2944 2918
f 2916 2919 2920
f 2914 2921 2932
f 2924 2927 2928
f 2925 2929 2930
f 2870 2871 3129
f 2870 3129 3127
f 2871 2873 3126
f 2871 3126 3129
f 2873 2872 3124
f 2873 3124 3126
f 2837 3120 3119
f 2837 3119 3122
f 2967 2971 3118
f 2969 3117 2970
f 2868 3110 3107
f 2868 3107 2869
f 3091 3106 3115
f 2862 2861 3102
f 2862 3102 3103
f 2861 2863 3099
f 2861 3099 3102
f 2865 2864 3095
f 2865 3095 3097
f 3090 3093 3106
f 2981 3086 3089
f 3035 3085 3087
f 3035 3087 3088
f 2859 2858 3080
f 2859 3080 3077
f 3035 3076 3085
f 2843 2842 3073
f 2843 3073 3071
f 2842 2844 3070
f 2842 3070 3073
f 2844 2845 3068
f 2844 3068 3070
f 3020 3064 3066
f 3002 3006 3063
f 3005 3012 3061
f 2648 2841 3054
f 2648 3054 3051
f 2645 2644 3050
f 2645 3050 3059
f 2852 2851 3046
f 2852 3046 3047
f 2851 2853 3043
f 2851 3043 3046
f 2855 2854 3039
f 2855 3039 3041
f 3034 3037 3076
f 2988 2992 3033
f 2990 3031 2991
f 2849 2848 3024
f 2849 3024 3021
f 3020 3029 3032
f 2840 2935 3017
f 2840 3017 3018
f 2933 2939 3016
f 2938 2943 3011
f 3004 3009 3005
f 2997 3002 2998
f 2990 2995 3031
f 2983 2988 2984
f 2976 2981 2977
f 2969 2974 3117
f 2958 2967 2962
f 2839 2838 3019
f 2839 3019 2963
f 2836 2839 2963
f 2836 2963 2959
f 2635 2634 2954
f 2635 2954 2957
f 2638 2637 2946
f 2638 2946 2952
f 2642 2641 2945
f 2642 2945 2947
f 2941 2945 2942
f 2937 2940 2938
f 2933 2936 2939
f 2633 2632 2926
f 2633 2926 2923
f 2922 2931 2935
f 2914 2950 2917
f 2914 2955 2950
f 2914 2928 2955
f 2914 2929 2928
f 2906 2965 2909
f 2906 2972 2965
f 2906 2979 2972
f 2906 2986 2979
f 2906 2993 2986
f 2906 3000 2993
f 2906 3007 3000
f 2906 3013 3007
f 2898 3112 3131
f 2898 3113 3112
f 2890 3100 2893
f 2890 3082 3105
f 2882 3056 3075
f 2882 3057 3056
f 2874 3044 2877
f 2874 3026 3049
f 2874 3027 3026
f 2977 3091 2978
f 2984 3088 2985
f 2984 3035 3088
f 2998 3032 2999
f 2942 3062 3012
f 2942 3012 2943
f 2643 2645 3062
f 2643 3062 2942
f 2836 2962 3120
f 2836 3120 2837
f 2962 2967 3118
f 2974 2978 3117
f 2867 2866 3106
f 2867 3106 3093
f 2977 2981 3089
f 2981 2985 3086
f 2857 2856 3076
f 2857 3076 3037
f 2847 2846 3020
f 2847 3020 3066
f 2998 3002 3063
f 3005 3009 3012
f 2645 3059 3062
f 2984 2988 3033
f 2995 2999 3031
f 2629 2935 2840
f 2629 2922 2935
f 2933 3016 2934
f 2938 2940 2943
f 2637 2639 2946
f 2641 2942 2945
f 2641 2643 2942
f 2629 2628 2922
f 3034 3076 3035
f 3020 3032 3064
f 3090 3106 3091
f 3134 3135 3136
f 3134 3136 3137
f 746 3135 3134
f 746 3134 747
f 3135 3138 3139
f 3135 3139 3136
f 3136 3140 3141
f 3136 3141 3137
f 3134 3137 3142
f 3134 3142 3143
f 3138 3144 3145
f 3138 3145 3139
f 737 3144 3138
f 737 3138 743
f 742 3146 3145
f 742 3145 3144
f 3139 3145 3147
f 3139 3147 3148
f 3149 3150 3151
f 3149 3151 3152
f 3150 3153 3154
f 3150 3154 3151
f 3152 3151 3155
f 3152 3155 3156
f 3149 3157 3158
f 3149 3158 3150
f 3159 3160 3161
f 3159 3161 3162
f 3159 3163 3164
f 3159 3164 3160
f 3160 3165 3166
f 3160 3166 3161
f 3153 3162 3161
f 3153 3161 3167
f 3158 3168 3159
f 3158 3159 3162
f 3169 3168 3158
f 3169 3158 3157
f 3169 3170 3171
f 3169 3171 3168
f 3172 3173 3174
f 3172 3174 3175
f 3172 3176 3177
f 3172 3177 3173
f 3173 3178 3179
f 3173 3179 3174
f 3155 3175 3174
f 3155 3174 3180
f 3154 3181 3172
f 3154 3172 3175
f 3153 3167 3181
f 3153 3181 3154
f 3167 3182 3181
f 3163 3183 3184
f 3163 3184 3164
f 3164 3184 3185
f 3164 3185 3186
f 3163 3171 3187
f 3163 3187 3183
f 3184 3183 3188
f 3184 3188 3189
f 3165 3190 3191
f 3165 3191 3166
f 3165 3186 849
f 3165 849 3190
f 3190 910 3192
f 3190 3192 3191
f 3166 3191 3193
f 3166 3193 3182
f 832 3194 3195
f 832 3195 833
f 840 843 3196
f 840 3196 3197
f 3198 3199 3200
f 3198 3200 3201
f 3198 3202 3203
f 3198 3203 3199
f 3199 3204 3205
f 3199 3205 3200
f 3200 3206 3207
f 3200 3207 3201
f 3208 3209 3210
f 3208 3210 3211
f 3204 3209 3208
f 3204 3208 3212
f 3203 3213 3210
f 3203 3210 3209
f 3210 3214 3215
f 3210 3215 3211
f 3208 3211 3216
f 3208 3216 3217
f 3190 849 848
f 3190 848 910
f 742 849 3146
f 3218 3187 3171
f 3218 3171 3170
f 3218 3219 3220
f 3218 3220 3187
f 3221 3222 3223
f 3221 3223 3224
f 3742 3225 3222
f 3742 3222 3221
f 3222 3226 3227
f 3222 3227 3223
f 3228 3224 3223
f 3228 3223 3229
f 3741 3908 3225
f 3741 3225 3742
f 3225 3908 3230
f 3225 3230 3231
f 3216 3232 3233
f 3216 3233 3217
f 3196 3232 3216
f 3196 3216 3234
f 847 884 3233
f 847 3233 3232
f 3217 3233 3235
f 3217 3235 3236
f 3204 3212 3237
f 3204 3237 3205
f 3212 3236 3238
f 3212 3238 3237
f 3205 3237 3239
f 3205 3239 3240
f 3235 888 903
f 3235 903 3241
f 3196 3234 3242
f 3196 3242 3197
f 3215 3243 3242
f 3215 3242 3234
f 3177 3244 3197
f 3177 3197 3242
f 3176 3194 3244
f 3176 3244 3177
f 3176 3182 3193
f 3176 3193 3194
f 832 837 3244
f 832 3244 3194
f 3188 3245 3246
f 3188 3246 3189
f 3188 3247 3245
f 3245 3248 3249
f 3245 3249 3246
f 3147 3189 3246
f 3147 3246 3148
f 3228 3229 3220
f 3228 3220 3219
f 3188 3220 3229
f 3188 3229 3247
f 3235 3241 3238
f 3235 3238 3236
f 3238 3241 3250
f 3238 3250 3251
f 3202 3252 3213
f 3202 3213 3203
f 3213 3252 3253
f 3213 3253 3254
f 3255 3256 3257
f 3255 3257 3258
f 3254 3259 3256
f 3254 3256 3255
f 3260 3261 3258
f 3260 3258 3257
f 3179 3262 3255
f 3179 3255 3258
f 3214 3262 3243
f 3214 3243 3215
f 3214 3254 3255
f 3214 3255 3262
f 3178 3243 3262
f 3178 3262 3179
f 3253 3259 3254
f 910 909 838
f 910 838 3192
f 3230 3263 3231
f 3230 3264 3265
f 3230 3265 3263
f 3226 3231 3263
f 3226 3263 3266
f 3226 3266 3227
f 3227 3266 3267
f 3227 3267 3248
f 3156 3155 3180
f 3156 3180 3268
f 3269 3268 3180
f 3908 3957 3264
f 3908 3264 3230
f 3222 3225 3231
f 3222 3231 3226
f 3210 3213 3254
f 3210 3254 3214
f 3173 3177 3242
f 3173 3242 3178
f 3178 3242 3243
f 3192 838 833
f 3192 833 3195
f 3191 3192 3195
f 3191 3195 3193
f 3193 3195 3194
f 3174 3179 3261
f 3174 3261 3180
f 3179 3258 3261
f 3269 3180 3261
f 3269 3261 3260
f 3183 3187 3220
f 3183 3220 3188
f 3227 3248 3245
f 3227 3245 3247
f 3223 3227 3247
f 3223 3247 3229
f 837 840 3197
f 837 3197 3244
f 3211 3215 3234
f 3211 3234 3216
f 3233 884 888
f 3233 888 3235
f 3208 3217 3236
f 3208 3236 3212
f 843 847 3232
f 843 3232 3196
f 3172 3181 3182
f 3172 3182 3176
f 737 742 3144
f 3199 3203 3209
f 3199 3209 3204
f 3161 3166 3182
f 3161 3182 3167
f 3145 3146 3185
f 3145 3185 3147
f 3146 849 3186
f 3146 3186 3185
f 3147 3185 3184
f 3147 3184 3189
f 3160 3164 3186
f 3160 3186 3165
f 3159 3168 3171
f 3159 3171 3163
f 3151 3154 3175
f 3151 3175 3155
f 3150 3158 3162
f 3150 3162 3153
f 3140 3148 3246
f 3140 3246 3249
f 3140 3249 3270
f 3140 3270 3141
f 3136 3139 3148
f 3136 3148 3140
f 743 3138 3135
f 743 3135 746
f 3263 3265 3271
f 3263 3271 3266
f 903 905 3250
f 903 3250 3241
f 3237 3238 3251
f 3237 3251 3239
f 3200 3205 3240
f 3200 3240 3206
f 3266 3271 3272
f 3266 3272 3267
f 3248 3267 3270
f 3248 3270 3249
f 3267 3272 3273
f 3267 3273 3270
f 3141 3270 3273
f 3141 3273 3274
f 747 3134 3143
f 747 3143 914
f 3137 3141 3274
f 3137 3274 3142
f 3207 3206 3275
f 3207 3275 3276
f 3142 3274 3277
f 3142 3277 3278
f 3142 3278 3279
f 3142 3279 3143
f 3143 3279 919
f 3143 919 914
f 3273 3280 3277
f 3273 3277 3274
f 3272 3281 3280
f 3272 3280 3273
f 3271 3282 3281
f 3271 3281 3272
f 3206 3240 3283
f 3206 3283 3275
f 3240 3239 3284
f 3240 3284 3283
f 3264 3957 4082
f 3264 4082 3285
f 3264 3285 3286
f 3264 3286 3265
f 3239 3251 3287
f 3239 3287 3284
f 3251 3250 3288
f 3251 3288 3287
f 905 933 3288
f 905 3288 3250
f 3265 3286 3282
f 3265 3282 3271
f 3278 3289 3290
f 3278 3290 3279
f 3278 3277 3291
f 3278 3291 3289
f 3289 3292 3293
f 3289 3293 3290
f 919 3279 3290
f 919 3290 1069
f 3292 3294 3295
f 3292 3295 3293
f 3292 3296 3297
f 3292 3297 3294
f 3294 3298 1066
f 3294 1066 3295
f 3293 3295 1076
f 3293 1076 1070
f 3299 3300 3301
f 3299 3301 3302
f 3300 3303 3304
f 3300 3304 3301
f 3301 3305 3306
f 3301 3306 3302
f 3299 3302 3307
f 3299 3307 3308
f 3309 3310 3311
f 3309 3311 3312
f 3306 3313 3310
f 3306 3310 3309
f 3310 3314 3315
f 3310 3315 3311
f 3311 3316 3317
f 3311 3317 3312
f 3307 3309 3312
f 3307 3312 3318
f 3307 3318 3319
f 3307 3319 3308
f 3318 3320 3321
f 3318 3321 3319
f 3322 3323 3324
f 3322 3324 3325
f 3304 3326 3323
f 3304 3323 3322
f 3323 3327 3328
f 3323 3328 3324
f 3324 3329 3330
f 3324 3330 3325
f 3305 3322 3325
f 3305 3325 3331
f 3305 3331 3313
f 3305 3313 3306
f 3313 3331 3332
f 3316 3333 3334
f 3316 3334 3317
f 3317 3334 3335
f 3317 3335 3320
f 3316 3336 3337
f 3316 3337 3333
f 3334 3333 3338
f 3334 3338 3339
f 3314 3340 3341
f 3314 3341 3315
f 3340 3342 1062
f 3340 1062 3341
f 3315 3341 1067
f 3315 1067 3336
f 3314 3332 3343
f 3314 3343 3340
f 3276 3275 3344
f 3276 3344 3345
f 3275 3283 3346
f 3275 3346 3344
f 3344 3347 3348
f 3344 3348 3345
f 3349 3350 3351
f 3349 3351 3352
f 3349 3353 3354
f 3349 3354 3350
f 3347 3351 3350
f 3347 3350 3355
f 3346 3356 3352
f 3346 3352 3351
f 3349 3352 3357
f 3349 3357 3358
f 3320 3335 3359
f 3320 3359 3321
f 3335 3360 3361
f 3335 3361 3359
f 3362 3363 3364
f 3362 3364 3365
f 3362 3366 3367
f 3362 3367 3363
f 3363 3368 3369
f 3363 3369 3364
f 3364 3370 4232
f 3364 4232 3365
f 4082 4233 4232
f 4082 4232 3370
f 4082 3370 3371
f 4082 3371 3285
f 3357 3372 3373
f 3357 3373 3358
f 3357 3374 3375
f 3357 3375 3372
f 3372 1054 1058
f 3372 1058 3373
f 3358 3373 3376
f 3358 3376 3377
f 3283 3284 3356
f 3283 3356 3346
f 3284 3287 3374
f 3284 3374 3356
f 3376 3378 3379
f 3376 3379 3377
f 3376 1061 1050
f 3376 1050 3378
f 3329 3379 3378
f 3329 3378 3380
f 3353 3377 3379
f 3353 3379 3381
f 3329 3380 3382
f 3329 3382 3330
f 3380 1053 1074
f 3380 1074 3382
f 3330 3382 3343
f 3330 3343 3332
f 3338 3383 3384
f 3338 3384 3339
f 3383 3385 3386
f 3383 3386 3384
f 3339 3384 3387
f 3296 3383 3338
f 3296 3338 3297
f 3360 3367 3366
f 3360 3366 3361
f 3339 3387 3367
f 3339 3367 3360
f 3287 3288 3375
f 3287 3375 3374
f 933 1055 3375
f 933 3375 3288
f 3347 3355 3388
f 3347 3388 3348
f 3355 3389 3390
f 3355 3390 3388
f 3391 3392 3393
f 3391 3393 3394
f 3391 3395 3396
f 3391 3396 3392
f 3389 3394 3393
f 3389 3393 3397
f 3327 3391 3394
f 3327 3394 3398
f 3353 3381 3398
f 3353 3398 3354
f 3354 3398 3394
f 3354 3394 3389
f 3327 3398 3381
f 3327 3381 3328
f 3389 3397 3390
f 3285 3371 3286
f 3282 3286 3371
f 3282 3371 3369
f 3282 3369 3368
f 3281 3282 3368
f 3281 3368 3386
f 3303 3399 3326
f 3303 3326 3304
f 3326 3399 3400
f 3364 3369 3371
f 3364 3371 3370
f 3350 3354 3389
f 3350 3389 3355
f 3324 3328 3379
f 3324 3379 3329
f 3328 3381 3379
f 3342 3401 1046
f 3342 1046 1049
f 3342 1049 1063
f 3342 1063 1062
f 3340 3343 3401
f 3340 3401 3342
f 3382 1074 1046
f 3382 1046 3401
f 3343 3382 3401
f 3323 3326 3395
f 3323 3395 3327
f 3326 3400 3396
f 3326 3396 3395
f 3327 3395 3391
f 3334 3339 3360
f 3334 3360 3335
f 3368 3387 3384
f 3368 3384 3386
f 3363 3367 3387
f 3363 3387 3368
f 3378 1050 1053
f 3378 1053 3380
f 3349 3358 3377
f 3349 3377 3353
f 3372 3375 1055
f 3372 1055 1054
f 3352 3356 3374
f 3352 3374 3357
f 3373 1058 1061
f 3373 1061 3376
f 3325 3330 3332
f 3325 3332 3331
f 3341 1062 1065
f 3341 1065 1067
f 3344 3346 3351
f 3344 3351 3347
f 3310 3313 3332
f 3310 3332 3314
f 3294 3297 3337
f 3294 3337 3298
f 3297 3338 3333
f 3297 3333 3337
f 3298 3337 3336
f 3298 3336 1067
f 3311 3315 3336
f 3311 3336 3316
f 3312 3317 3320
f 3312 3320 3318
f 3301 3304 3322
f 3301 3322 3305
f 3302 3306 3309
f 3302 3309 3307
f 3291 3385 3383
f 3291 3383 3296
f 3289 3291 3296
f 3289 3296 3292
f 3277 3280 3385
f 3277 3385 3291
f 3290 3293 1070
f 3290 1070 1069
f 3298 1067 1066
f 3280 3281 3386
f 3280 3386 3385
f 1076 1071 1070
f 3295 1066 1076
f 3402 3403 3404
f 3402 3404 3405
f 3402 3406 3407
f 3402 3407 3403
f 3403 3408 3409
f 3403 3409 3404
f 3404 3410 3405
f 3402 3405 3411
f 3402 3411 3412
f 3411 3413 3414
f 3411 3414 3412
f 3402 3412 3415
f 3402 3415 3406
f 3405 3416 3417
f 3405 3417 3411
f 3418 3419 3420
f 3418 3420 3421
f 3418 3422 3423
f 3418 3423 3419
f 3419 3424 3425
f 3419 3425 3420
f 3420 3426 3427
f 3420 3427 3421
f 3418 3421 3428
f 3418 3428 3429
f 3419 3423 3430
f 3419 3430 3424
f 3424 3431 3432
f 3424 3432 3425
f 3420 3425 3433
f 3420 3433 3426
f 3424 3430 3434
f 3424 3434 3431
f 3431 3435 3436
f 3431 3436 3432
f 3425 3432 3437
f 3425 3437 3433
f 3431 3434 3438
f 3431 3438 3435
f 3435 3439 3440
f 3435 3440 3436
f 3432 3436 3441
f 3432 3441 3437
f 3435 3438 3442
f 3435 3442 3439
f 3439 3443 3444
f 3439 3444 3440
f 3436 3440 3445
f 3436 3445 3441
f 3439 3442 3446
f 3439 3446 3443
f 3443 3447 3448
f 3443 3448 3444
f 3440 3444 3449
f 3440 3449 3445
f 3443 3446 3450
f 3443 3450 3447
f 3447 3451 3452
f 3447 3452 3448
f 3444 3448 3453
f 3444 3453 3449
f 3447 3450 3454
f 3447 3454 3451
f 3451 3455 3456
f 3451 3456 3452
f 3448 3452 3457
f 3448 3457 3453
f 3451 3458 3455
f 3455 3459 3460
f 3455 3460 3456
f 3452 3456 3461
f 3452 3461 3462
f 3455 3463 3464
f 3455 3464 3459
f 3459 3465 3466
f 3459 3466 3460
f 3456 3460 3461
f 3459 3464 3467
f 3459 3467 3465
f 3465 3468 3469
f 3465 3469 3466
f 3460 3466 3470
f 3460 3470 3471
f 3465 3467 3472
f 3465 3472 3468
f 3408 3469 3468
f 3408 3468 3409
f 3466 3469 3473
f 3466 3473 3470
f 3409 3468 3472
f 3409 3472 3474
f 3408 3475 3473
f 3408 3473 3469
f 3403 3407 3475
f 3403 3475 3408
f 3404 3409 3474
f 3404 3474 3410
f 3452 3462 3457
f 3453 3457 3476
f 3426 3477 3478
f 3426 3478 3427
f 3421 3427 3479
f 3421 3479 3428
f 3426 3433 3480
f 3426 3480 3481
f 3433 3437 3482
f 3433 3482 3483
f 3437 3441 3484
f 3437 3484 3485
f 3441 3445 3486
f 3441 3486 3484
f 3445 3449 3487
f 3445 3487 3486
f 3449 3453 3476
f 3449 3476 3487
f 3407 3488 3475
f 3406 3489 3488
f 3406 3488 3407
f 3412 3414 3490
f 3412 3490 3415
f 3406 3415 3491
f 3406 3491 3489
f 3492 3493 3494
f 3492 3495 3496
f 3492 3496 3493
f 3493 3497 3498
f 3493 3498 3494
f 3492 3494 3499
f 3492 3499 3500
f 3492 3500 3495
f 3495 3501 3496
f 3493 3496 3502
f 3493 3502 3497
f 3503 3504 3505
f 3503 3505 3506
f 3503 3507 3504
f 3504 3508 3509
f 3504 3509 3505
f 3505 3510 3511
f 3505 3511 3506
f 3503 3506 3512
f 3503 3512 3513
f 3496 3514 3515
f 3496 3515 3502
f 3497 3502 3516
f 3517 3518 3519
f 3517 3519 3520
f 3517 3521 3522
f 3517 3522 3518
f 3518 3523 3524
f 3518 3524 3519
f 3519 3525 3526
f 3519 3526 3520
f 3517 3520 3527
f 3517 3527 3528
f 3519 3524 3529
f 3519 3529 3525
f 3525 3530 3531
f 3525 3531 3526
f 3520 3526 3532
f 3520 3532 3527
f 3525 3529 3533
f 3525 3533 3530
f 3530 3534 3535
f 3530 3535 3531
f 3526 3531 3536
f 3526 3536 3532
f 3530 3533 3537
f 3530 3537 3534
f 3534 3538 3539
f 3534 3539 3535
f 3531 3535 3540
f 3531 3540 3536
f 3538 3541 3542
f 3538 3542 3539
f 3539 3542 3543
f 3539 3543 3544
f 3538 3545 3546
f 3538 3546 3541
f 3542 3541 3547
f 3542 3547 3548
f 3517 3528 3549
f 3517 3549 3521
f 3521 3550 3551
f 3521 3551 3522
f 3518 3522 3552
f 3518 3552 3523
f 3550 3553 3554
f 3550 3554 3551
f 3553 3555 3556
f 3553 3556 3554
f 3551 3554 3557
f 3551 3557 3558
f 3550 3559 3560
f 3550 3560 3553
f 3553 3560 3561
f 3553 3561 3555
f 3555 3562 3563
f 3555 3563 3556
f 3554 3556 3564
f 3554 3564 3557
f 3562 3565 3566
f 3562 3566 3563
f 3565 3567 3568
f 3565 3568 3566
f 3563 3566 3569
f 3563 3569 3570
f 3562 3571 3565
f 3555 3561 3571
f 3555 3571 3562
f 3556 3563 3570
f 3556 3570 3564
f 3521 3549 3559
f 3521 3559 3550
f 3522 3551 3558
f 3522 3558 3552
f 3534 3537 3545
f 3534 3545 3538
f 3537 3572 3573
f 3537 3573 3545
f 3535 3539 3574
f 3535 3574 3540
f 3539 3544 3575
f 3539 3575 3574
f 3540 3574 3576
f 3540 3576 3577
f 3574 3575 3578
f 3574 3578 3576
f 3576 3579 3580
f 3576 3580 3577
f 3536 3540 3577
f 3536 3577 3581
f 3576 3578 3582
f 3576 3582 3579
f 3579 3583 3584
f 3579 3584 3580
f 3577 3580 3585
f 3577 3585 3581
f 3579 3582 3586
f 3579 3586 3583
f 3583 3587 3588
f 3583 3588 3584
f 3580 3584 3589
f 3580 3589 3585
f 3583 3586 3590
f 3583 3590 3587
f 3587 3590 3588
f 3584 3588 3591
f 3584 3591 3589
f 3592 3593 3594
f 3592 3594 3595
f 3592 3596 3597
f 3592 3597 3593
f 3593 3598 3599
f 3593 3599 3594
f 3594 3600 3601
f 3594 3601 3595
f 3592 3595 3602
f 3592 3602 3603
f 3600 3604 3605
f 3600 3605 3601
f 3600 3606 3607
f 3600 3607 3604
f 3604 3608 3609
f 3604 3609 3605
f 3601 3605 3610
f 3601 3610 3611
f 3608 3612 3613
f 3608 3613 3609
f 3608 3614 3615
f 3608 3615 3612
f 3612 3616 3617
f 3612 3617 3613
f 3609 3613 3618
f 3609 3618 3619
f 3620 3621 3622
f 3620 3622 3623
f 3620 3624 3625
f 3620 3625 3621
f 3621 3626 3627
f 3621 3627 3622
f 3622 3269 3260
f 3622 3260 3623
f 3620 3623 3628
f 3620 3628 3629
f 3630 3631 3632
f 3630 3632 3633
f 3630 3634 3635
f 3630 3635 3631
f 3631 3636 3637
f 3631 3637 3632
f 3632 3638 3639
f 3632 3639 3633
f 3630 3633 3640
f 3630 3640 3641
f 3642 3643 3644
f 3642 3644 3645
f 3642 3646 3647
f 3642 3647 3643
f 3643 3648 3649
f 3643 3649 3644
f 3644 3650 3651
f 3644 3651 3645
f 3642 3645 3652
f 3642 3652 3653
f 3652 3654 3655
f 3652 3655 3653
f 3653 3655 3656
f 3653 3656 3657
f 3652 3658 3659
f 3652 3659 3654
f 3655 3654 3660
f 3655 3660 3661
f 3662 3663 3664
f 3662 3665 3666
f 3662 3666 3663
f 3656 3664 3663
f 3656 3663 3667
f 3661 3668 3662
f 3661 3662 3664
f 3669 3670 3671
f 3669 3671 3672
f 3669 3673 3674
f 3669 3674 3670
f 3670 3675 3676
f 3670 3676 3671
f 3671 3677 3678
f 3671 3678 3672
f 3669 3672 3679
f 3669 3679 3680
f 3679 3681 3682
f 3679 3682 3680
f 3680 3682 3683
f 3680 3683 3684
f 3679 3685 3686
f 3679 3686 3681
f 3682 3681 3687
f 3682 3687 3688
f 3658 3674 3673
f 3658 3673 3659
f 3659 3673 3684
f 3659 3684 3689
f 3658 3690 3691
f 3658 3691 3674
f 3692 3693 3694
f 3692 3694 3695
f 3692 3696 3697
f 3692 3697 3693
f 3693 3698 3699
f 3693 3699 3694
f 3694 3700 3701
f 3694 3701 3695
f 3692 3695 3702
f 3692 3702 3703
f 3704 3705 3706
f 3704 3706 3707
f 3704 3708 3709
f 3704 3709 3705
f 3705 3710 3711
f 3705 3711 3706
f 3706 3712 3713
f 3706 3713 3707
f 3704 3707 3714
f 3704 3714 3715
f 3714 3716 3717
f 3714 3717 3715
f 3715 3717 3718
f 3715 3718 3719
f 3714 3720 3721
f 3714 3721 3716
f 3717 3716 3722
f 3717 3722 3723
f 3702 3724 3725
f 3702 3725 3703
f 3702 3726 3727
f 3702 3727 3724
f 3724 3149 3152
f 3724 3152 3725
f 3703 3725 3728
f 3703 3728 3729
f 3726 3730 3731
f 3726 3731 3727
f 3701 3710 3730
f 3701 3730 3726
f 3709 3732 3731
f 3709 3731 3730
f 3727 3731 3169
f 3727 3169 3157
f 3708 3733 3732
f 3708 3732 3709
f 3708 3719 3734
f 3708 3734 3733
f 3732 3733 3218
f 3732 3218 3170
f 3735 3736 3737
f 3735 3737 3738
f 3735 3739 3740
f 3735 3740 3736
f 3736 3741 3742
f 3736 3742 3737
f 3737 3743 3744
f 3737 3744 3738
f 3735 3738 3745
f 3735 3745 3746
f 3572 3688 3687
f 3572 3687 3573
f 3572 3747 3748
f 3572 3748 3688
f 3573 3687 3749
f 3573 3749 3750
f 3545 3573 3750
f 3545 3750 3546
f 3541 3546 3751
f 3541 3751 3547
f 3529 3752 3747
f 3529 3747 3533
f 3533 3747 3572
f 3533 3572 3537
f 3557 3753 3754
f 3557 3754 3558
f 3524 3755 3752
f 3524 3752 3529
f 3752 3755 3756
f 3752 3756 3757
f 3756 3758 3759
f 3756 3759 3757
f 3747 3752 3757
f 3747 3757 3748
f 3755 3760 3756
f 3634 3699 3698
f 3634 3698 3635
f 3635 3698 3761
f 3635 3761 3762
f 3634 3763 3764
f 3634 3764 3699
f 3763 3765 3766
f 3763 3766 3764
f 3641 3767 3765
f 3641 3765 3763
f 3712 3766 3765
f 3712 3765 3768
f 3700 3764 3766
f 3700 3766 3711
f 3712 3768 3769
f 3712 3769 3713
f 3768 3770 3771
f 3768 3771 3769
f 3713 3769 3772
f 3713 3772 3720
f 3720 3772 3773
f 3720 3773 3721
f 3772 3774 3775
f 3772 3775 3773
f 3458 3776 3721
f 3458 3721 3773
f 3777 3778 3779
f 3777 3779 3780
f 3777 3781 3782
f 3777 3782 3778
f 3778 3783 3784
f 3778 3784 3779
f 3624 3780 3779
f 3624 3779 3785
f 3777 3780 3786
f 3777 3786 3787
f 3648 3787 3786
f 3648 3786 3649
f 3649 3786 3788
f 3649 3788 3789
f 3648 3790 3791
f 3648 3791 3787
f 3646 3792 3793
f 3646 3793 3647
f 3792 3794 3795
f 3792 3795 3793
f 3647 3793 3796
f 3647 3796 3797
f 3646 3657 3798
f 3646 3798 3792
f 3656 3667 3798
f 3656 3798 3657
f 3667 3799 3800
f 3667 3800 3798
f 3718 3801 3734
f 3718 3734 3719
f 3718 3802 3803
f 3718 3803 3801
f 3734 3801 3228
f 3734 3228 3219
f 3796 3804 3797
f 3796 3805 3806
f 3796 3806 3804
f 3790 3797 3804
f 3790 3804 3807
f 3781 3808 3809
f 3781 3809 3782
f 3781 3791 3810
f 3781 3810 3808
f 3808 3811 3812
f 3808 3812 3809
f 3782 3809 3813
f 3782 3813 3814
f 3660 3815 3668
f 3660 3668 3661
f 3660 3689 3816
f 3660 3816 3815
f 3668 3815 3817
f 3668 3817 3818
f 3610 3819 3820
f 3610 3820 3611
f 3610 3619 3821
f 3610 3821 3819
f 3638 3820 3819
f 3638 3819 3822
f 3602 3611 3820
f 3602 3820 3637
f 3602 3637 3636
f 3602 3636 3603
f 3603 3636 3762
f 3603 3762 3823
f 3758 3824 3825
f 3758 3825 3826
f 3756 3824 3758
f 3824 3827 3828
f 3824 3828 3825
f 3817 3826 3825
f 3817 3825 3829
f 3758 3826 3816
f 3758 3816 3759
f 3696 3830 3831
f 3696 3831 3697
f 3697 3831 3832
f 3697 3832 3833
f 3696 3834 3835
f 3696 3835 3830
f 3831 3830 3836
f 3831 3836 3837
f 3799 3838 3839
f 3799 3839 3800
f 3838 3840 3841
f 3838 3841 3839
f 3794 3800 3839
f 3794 3839 3842
f 3666 3843 3838
f 3666 3838 3799
f 3794 3842 3844
f 3794 3844 3795
f 3842 3845 3846
f 3842 3846 3844
f 3795 3844 3847
f 3795 3847 3805
f 3665 3848 3843
f 3665 3843 3666
f 3843 3848 3849
f 3843 3849 3850
f 3665 3818 3851
f 3665 3851 3848
f 3805 3847 3852
f 3805 3852 3806
f 3847 3853 3854
f 3847 3854 3852
f 3806 3852 3855
f 3806 3855 3856
f 3811 3857 3858
f 3811 3858 3812
f 3857 3859 3860
f 3857 3860 3858
f 3812 3858 3861
f 3812 3861 3862
f 3811 3863 3864
f 3811 3864 3857
f 3817 3829 3851
f 3817 3851 3818
f 3829 3865 3866
f 3829 3866 3851
f 3861 3867 3868
f 3861 3868 3862
f 3861 3869 3870
f 3861 3870 3867
f 3867 3871 3872
f 3867 3872 3868
f 3813 3862 3868
f 3813 3868 3873
f 3836 3872 3871
f 3836 3871 3837
f 3837 3871 3874
f 3837 3874 3875
f 3836 3876 3877
f 3836 3877 3872
f 3624 3785 3625
f 3625 3785 3878
f 3625 3878 3879
f 3827 3880 3881
f 3827 3881 3828
f 3617 3882 3828
f 3617 3828 3881
f 3760 3883 3880
f 3760 3880 3827
f 3618 3881 3880
f 3618 3880 3884
f 3855 3864 3863
f 3855 3863 3856
f 3807 3856 3863
f 3807 3863 3810
f 3855 3885 3886
f 3855 3886 3864
f 3790 3807 3810
f 3790 3810 3791
f 3689 3759 3816
f 3683 3759 3689
f 3683 3689 3684
f 3700 3711 3710
f 3700 3710 3701
f 3638 3822 3887
f 3638 3887 3639
f 3639 3887 3753
f 3639 3753 3888
f 3754 3887 3822
f 3754 3822 3889
f 3753 3890 3888
f 3557 3564 3890
f 3557 3890 3753
f 3640 3888 3890
f 3640 3890 3891
f 3566 3568 3892
f 3566 3892 3569
f 3569 3893 3891
f 3569 3891 3570
f 3640 3891 3767
f 3640 3767 3641
f 3767 3891 3893
f 3767 3893 3770
f 3770 3893 3894
f 3770 3894 3771
f 3569 3892 3894
f 3569 3894 3893
f 3771 3894 3895
f 3771 3895 3774
f 3774 3895 3896
f 3774 3896 3775
f 3895 3897 3898
f 3895 3898 3896
f 3775 3896 3899
f 3775 3899 3900
f 3743 3803 3802
f 3743 3802 3744
f 3723 3738 3744
f 3723 3744 3802
f 3743 3221 3224
f 3743 3224 3803
f 3722 3745 3738
f 3722 3738 3723
f 3454 3745 3722
f 3454 3722 3776
f 3754 3889 3901
f 3754 3901 3902
f 3552 3558 3754
f 3552 3754 3902
f 3821 3884 3901
f 3821 3901 3889
f 3883 3903 3902
f 3883 3902 3901
f 3618 3884 3821
f 3618 3821 3619
f 3523 3903 3755
f 3523 3755 3524
f 3755 3903 3883
f 3755 3883 3760
f 3626 3729 3728
f 3626 3728 3627
f 3626 3879 3834
f 3626 3834 3729
f 3627 3728 3156
f 3627 3156 3268
f 3834 3879 3878
f 3834 3878 3835
f 3784 3876 3835
f 3784 3835 3878
f 3783 3877 3876
f 3783 3876 3784
f 3783 3814 3873
f 3783 3873 3877
f 3813 3873 3814
f 3761 3823 3762
f 3761 3904 3905
f 3761 3905 3823
f 3675 3198 3201
f 3675 3201 3676
f 3741 3906 3907
f 3741 3907 3908
f 3690 3252 3202
f 3690 3202 3691
f 3628 3257 3256
f 3628 3256 3909
f 3253 3910 3911
f 3253 3911 3259
f 3523 3552 3902
f 3523 3902 3903
f 3568 3912 3897
f 3568 3897 3892
f 3567 3913 3912
f 3567 3912 3568
f 3897 3912 3914
f 3897 3914 3898
f 3892 3897 3895
f 3892 3895 3894
f 3915 3916 3917
f 3915 3917 3918
f 3915 3919 3920
f 3915 3920 3916
f 3916 3921 3922
f 3916 3922 3917
f 3917 3923 3924
f 3917 3924 3918
f 3915 3918 3925
f 3915 3925 3926
f 3927 3928 3929
f 3927 3929 3930
f 3927 3931 3932
f 3927 3932 3928
f 3928 3933 3934
f 3928 3934 3929
f 3929 3935 3936
f 3929 3936 3930
f 3927 3930 3937
f 3927 3937 3938
f 3450 3746 3745
f 3450 3745 3454
f 3446 3939 3746
f 3446 3746 3450
f 3442 3940 3939
f 3442 3939 3446
f 3438 3941 3940
f 3438 3940 3442
f 3739 3939 3940
f 3739 3940 3942
f 3434 3943 3941
f 3434 3941 3438
f 3430 3944 3943
f 3430 3943 3434
f 3941 3943 3945
f 3941 3945 3946
f 3423 3947 3944
f 3423 3944 3430
f 3943 3944 3948
f 3943 3948 3945
f 3422 3949 3947
f 3422 3947 3423
f 3947 3949 3950
f 3947 3950 3951
f 3422 3952 3953
f 3422 3953 3949
f 3736 3740 3906
f 3736 3906 3741
f 3906 3954 3955
f 3906 3955 3907
f 3908 3907 3956
f 3908 3956 3957
f 3958 3959 3960
f 3958 3960 3961
f 3948 3951 3959
f 3948 3959 3958
f 3959 3962 3963
f 3959 3963 3960
f 3954 3961 3960
f 3954 3960 3955
f 3945 3958 3961
f 3945 3961 3964
f 3735 3746 3939
f 3735 3939 3739
f 3739 3942 3965
f 3739 3965 3740
f 3945 3964 3946
f 3942 3946 3964
f 3942 3964 3965
f 3940 3941 3946
f 3940 3946 3942
f 3945 3948 3958
f 3944 3947 3951
f 3944 3951 3948
f 3950 3962 3959
f 3950 3959 3951
f 3543 3966 3967
f 3543 3967 3544
f 3920 3967 3966
f 3920 3966 3968
f 3544 3967 3969
f 3544 3969 3575
f 3543 3970 3971
f 3543 3971 3966
f 3966 3971 3972
f 3966 3972 3968
f 3916 3920 3968
f 3916 3968 3921
f 3919 3969 3967
f 3919 3967 3920
f 3921 3968 3972
f 3921 3972 3973
f 3532 3536 3581
f 3532 3581 3974
f 3919 3975 3976
f 3919 3976 3969
f 3915 3926 3975
f 3915 3975 3919
f 3918 3924 3977
f 3918 3977 3925
f 3925 3978 3979
f 3925 3979 3926
f 3980 3981 3982
f 3980 3982 3983
f 3980 3984 3985
f 3980 3985 3981
f 3981 3986 3987
f 3981 3987 3982
f 3914 3988 3983
f 3914 3983 3982
f 3927 3938 3980
f 3927 3980 3983
f 3937 3989 3984
f 3937 3984 3938
f 3984 3989 3990
f 3984 3990 3991
f 3938 3984 3980
f 3936 3979 3989
f 3936 3989 3937
f 3978 3990 3989
f 3978 3989 3979
f 3978 3992 3990
f 3993 3994 3995
f 3993 3995 3996
f 3993 3997 3998
f 3993 3998 3994
f 3467 3995 3994
f 3467 3994 3472
f 3986 3996 3995
f 3986 3995 3999
f 3985 4000 3993
f 3985 3993 3996
f 3464 3999 3995
f 3464 3995 3467
f 3899 3987 3986
f 3899 3986 3999
f 3981 3985 3996
f 3981 3996 3986
f 3463 3899 3999
f 3463 3999 3464
f 3896 3898 3987
f 3896 3987 3899
f 3565 3571 4001
f 3565 4001 3567
f 3527 4002 4003
f 3527 4003 3528
f 3463 3900 3899
f 3472 3994 3998
f 3472 3998 3474
f 3410 3474 3998
f 3927 3983 3988
f 3927 3988 3931
f 3913 4004 3931
f 3913 3931 3988
f 3990 3992 4005
f 3990 4005 4006
f 3513 3992 3978
f 3513 3978 3925
f 3578 4007 4008
f 3578 4008 3582
f 3578 3976 4009
f 3578 4009 4007
f 4007 4010 4011
f 4007 4011 4008
f 3582 4008 4012
f 3582 4012 3586
f 3575 3969 3976
f 3575 3976 3578
f 3559 4013 4014
f 3559 4014 3560
f 3581 3585 4015
f 3581 4015 3974
f 3527 3532 3974
f 3527 3974 4002
f 4002 4016 4017
f 4002 4017 4003
f 3528 4003 4018
f 3528 4018 3549
f 3549 4018 4013
f 3549 4013 3559
f 4013 4019 4020
f 4013 4020 4014
f 3560 4014 4021
f 3560 4021 3561
f 4014 4020 4022
f 4014 4022 4021
f 4020 4023 4024
f 4020 4024 4022
f 4021 4022 4025
f 4021 4025 4026
f 3912 3913 3988
f 3912 3988 3914
f 3567 4001 4004
f 3567 4004 3913
f 3931 4004 4027
f 3931 4027 3932
f 3935 3976 3975
f 3935 3975 3936
f 3926 3979 3936
f 3926 3936 3975
f 3935 4028 4009
f 3935 4009 3976
f 4025 4029 4030
f 4025 4030 4026
f 4025 4031 4032
f 4025 4032 4029
f 4027 4030 4029
f 4027 4029 4033
f 3571 4026 4030
f 3571 4030 4001
f 3933 4034 4035
f 3933 4035 3934
f 4034 4036 4037
f 4034 4037 4035
f 3934 4035 4038
f 3934 4038 4039
f 3933 4040 4041
f 3933 4041 4034
f 4033 4042 4041
f 4033 4041 4040
f 4041 4042 4043
f 4041 4043 4044
f 3932 4027 4033
f 3932 4033 4040
f 4029 4032 4042
f 4029 4042 4033
f 4022 4024 4031
f 4022 4031 4025
f 4031 4045 4046
f 4031 4046 4032
f 4019 4047 4023
f 4019 4023 4020
f 4023 4048 4049
f 4023 4049 4024
f 3974 4015 4016
f 3974 4016 4002
f 4016 4050 4051
f 4016 4051 4017
f 4003 4017 4052
f 4003 4052 4018
f 3585 3589 4053
f 3585 4053 4015
f 3935 4039 4010
f 3935 4010 4028
f 3929 3934 4039
f 3929 4039 3935
f 4010 4039 4038
f 4010 4038 4011
f 4007 4009 4028
f 4007 4028 4010
f 4011 4038 4054
f 4011 4054 4055
f 4008 4011 4055
f 4008 4055 4012
f 4019 4052 4056
f 4019 4056 4047
f 4023 4047 4057
f 4023 4057 4048
f 3586 4012 4058
f 3586 4058 3590
f 4012 4055 4059
f 4012 4059 4058
f 4035 4037 4054
f 4035 4054 4038
f 4054 4060 4059
f 4054 4059 4055
f 4034 4041 4044
f 4034 4044 4036
f 3588 4037 4036
f 4032 4046 4043
f 4032 4043 4042
f 3588 4044 4043
f 4024 4049 4045
f 4024 4045 4031
f 3588 4046 4045
f 3588 4049 4048
f 4047 4056 4061
f 4047 4061 4057
f 3588 4048 4057
f 4015 4053 4050
f 4015 4050 4016
f 4050 4062 4063
f 4050 4063 4051
f 4017 4051 4056
f 4017 4056 4052
f 3589 3591 4064
f 3589 4064 4053
f 3501 4065 4066
f 3501 4066 4067
f 3416 4068 4066
f 3416 4066 4065
f 4066 4069 4070
f 4066 4070 4067
f 3496 3501 4067
f 3496 4067 3514
f 3495 4071 4065
f 3495 4065 3501
f 3514 4006 4005
f 3514 4005 3515
f 3502 3515 3510
f 3502 3510 4072
f 3514 4067 4070
f 3514 4070 4006
f 3510 3515 4005
f 3510 4005 3511
f 3991 4070 4069
f 3991 4069 4000
f 3993 4000 4069
f 3993 4069 3997
f 3984 3991 4000
f 3984 4000 3985
f 3990 4006 4070
f 3990 4070 3991
f 3495 4073 4074
f 3495 4074 4071
f 3416 4065 4071
f 3416 4071 3417
f 3410 3998 3997
f 3410 3997 4068
f 3997 4069 4066
f 3997 4066 4068
f 3405 3410 4068
f 3405 4068 3416
f 3411 3417 4075
f 3411 4075 3413
f 3458 3773 3775
f 3458 3775 3900
f 3451 3454 3776
f 3451 3776 3458
f 3716 3721 3776
f 3716 3776 3722
f 3898 3914 3982
f 3898 3982 3987
f 3955 3960 3963
f 3955 3963 4076
f 3954 3965 3964
f 3954 3964 3961
f 3949 3953 4077
f 3949 4077 3950
f 3928 3932 4040
f 3928 4040 3933
f 3921 3973 4078
f 3921 4078 3922
f 3917 3922 4079
f 3917 4079 3923
f 3992 4080 4005
f 3512 3992 3513
f 3513 3925 3977
f 4013 4018 4052
f 4013 4052 4019
f 3588 4064 3591
f 3588 4062 4064
f 4037 4060 4054
f 4050 4053 4064
f 4050 4064 4062
f 3588 4063 4062
f 4051 4063 4061
f 4051 4061 4056
f 3588 3590 4058
f 3588 4058 4059
f 3588 4059 4060
f 3588 4060 4037
f 3561 4021 4026
f 3561 4026 3571
f 4001 4030 4027
f 4001 4027 4004
f 3588 4043 4046
f 3417 4071 4074
f 3417 4074 4075
f 3564 3570 3891
f 3564 3891 3890
f 3588 4045 4049
f 3588 4057 4061
f 3455 3458 3900
f 3455 3900 3463
f 3418 3429 3952
f 3418 3952 3422
f 3907 3955 4076
f 3907 4076 3956
f 3957 3956 4081
f 3957 4081 4082
f 3963 4083 4084
f 3963 4084 4076
f 3963 3962 4085
f 3963 4085 4083
f 3950 4077 4085
f 3950 4085 3962
f 3740 3965 3954
f 3740 3954 3906
f 3956 4076 4084
f 3956 4084 4081
f 3542 3548 3970
f 3542 3970 3543
f 3930 3936 3937
f 3588 4036 4044
f 3256 3259 3911
f 3256 3911 3909
f 3650 3789 3909
f 3650 3909 3911
f 3623 3260 3257
f 3623 3257 3628
f 3622 3627 3268
f 3622 3268 3269
f 3690 3910 3253
f 3690 3253 3252
f 3651 3910 3690
f 3651 3690 3658
f 3737 3742 3221
f 3737 3221 3743
f 3801 3803 3224
f 3801 3224 3228
f 3733 3734 3219
f 3733 3219 3218
f 3675 3691 3202
f 3675 3202 3198
f 3670 3674 3691
f 3670 3691 3675
f 3731 3732 3170
f 3731 3170 3169
f 3725 3152 3156
f 3725 3156 3728
f 3724 3727 3157
f 3724 3157 3149
f 3778 3782 3814
f 3778 3814 3783
f 3868 3872 3877
f 3868 3877 3873
f 3779 3784 3878
f 3779 3878 3785
f 3830 3835 3876
f 3830 3876 3836
f 3621 3625 3879
f 3621 3879 3626
f 3692 3703 3729
f 3692 3729 3834
f 3692 3834 3696
f 3819 3821 3889
f 3819 3889 3822
f 3880 3883 3901
f 3880 3901 3884
f 3717 3723 3802
f 3717 3802 3718
f 3769 3771 3774
f 3769 3774 3772
f 3753 3887 3754
f 3633 3639 3888
f 3633 3888 3640
f 3831 3837 3875
f 3831 3875 3832
f 3832 3875 4086
f 3832 4086 4087
f 3808 3810 3863
f 3808 3863 3811
f 3804 3806 3856
f 3804 3856 3807
f 3857 3864 3886
f 3857 3886 3859
f 3859 3886 4088
f 3859 4088 4089
f 3852 3854 3885
f 3852 3885 3855
f 3854 4090 4091
f 3854 4091 3885
f 3756 3760 3827
f 3756 3827 3824
f 3613 3617 3881
f 3613 3881 3618
f 3603 3823 3905
f 3603 3905 4092
f 3592 3603 4092
f 3592 4092 3596
f 3905 4093 4094
f 3905 4094 4092
f 3693 3697 3833
f 3693 3833 3698
f 3698 3833 3761
f 3858 3860 3869
f 3858 3869 3861
f 3860 4095 4096
f 3860 4096 3869
f 3867 3870 3874
f 3867 3874 3871
f 3870 4096 4097
f 3870 4097 3874
f 3809 3812 3862
f 3809 3862 3813
f 3662 3668 3818
f 3662 3818 3665
f 3848 3851 3866
f 3848 3866 3849
f 3849 3866 4098
f 3849 4098 4099
f 3844 3846 3853
f 3844 3853 3847
f 3846 4100 4101
f 3846 4101 3853
f 3793 3795 3805
f 3793 3805 3796
f 3839 3841 3845
f 3839 3845 3842
f 3841 4102 4103
f 3841 4103 3845
f 3792 3798 3800
f 3792 3800 3794
f 3663 3666 3799
f 3663 3799 3667
f 3838 3843 3850
f 3838 3850 3840
f 3840 3850 4104
f 3840 4104 4102
f 3825 3828 3882
f 3825 3882 3865
f 3825 3865 3829
f 3815 3816 3826
f 3815 3826 3817
f 3683 3748 3757
f 3683 3757 3759
f 3631 3635 3762
f 3631 3762 3636
f 3605 3609 3619
f 3605 3619 3610
f 3632 3637 3820
f 3632 3820 3638
f 3595 3601 3611
f 3595 3611 3602
f 3654 3659 3689
f 3654 3689 3660
f 3777 3787 3791
f 3777 3791 3781
f 3643 3647 3797
f 3643 3797 3648
f 3648 3797 3790
f 3642 3653 3657
f 3642 3657 3646
f 3620 3629 3788
f 3620 3788 3624
f 3629 3789 3788
f 3624 3788 3786
f 3624 3786 3780
f 3765 3767 3770
f 3765 3770 3768
f 3707 3713 3720
f 3707 3720 3714
f 3630 3641 3763
f 3630 3763 3634
f 3706 3711 3766
f 3706 3766 3712
f 3694 3699 3764
f 3694 3764 3700
f 3682 3688 3748
f 3682 3748 3683
f 3704 3715 3719
f 3704 3719 3708
f 3695 3701 3726
f 3695 3726 3702
f 3705 3709 3730
f 3705 3730 3710
f 3669 3680 3684
f 3669 3684 3673
f 3645 3651 3658
f 3645 3658 3652
f 3655 3661 3664
f 3655 3664 3656
f 3604 3607 3614
f 3604 3614 3608
f 3607 4105 4106
f 3607 4106 3614
f 3594 3599 3606
f 3594 3606 3600
f 3599 4107 4108
f 3599 4108 3606
f 3593 3597 3598
f 3597 4109 4110
f 3597 4110 3598
f 3612 3615 3616
f 3615 4111 4112
f 3615 4112 3616
f 3886 3885 4091
f 3886 4091 4088
f 3761 3833 3904
f 3905 3904 4093
f 3869 4096 3870
f 3832 4113 3833
f 3865 4114 4098
f 3865 4098 3866
f 3859 4089 4095
f 3859 4095 3860
f 3681 3686 3749
f 3681 3749 3687
f 3676 3201 3207
f 3676 3207 4115
f 3672 3678 3685
f 3672 3685 3679
f 3644 3649 3789
f 3644 3789 3650
f 3875 3874 4097
f 3875 4097 4086
f 3850 3849 4099
f 3850 4099 4104
f 3840 4102 3841
f 3846 3845 4103
f 3846 4103 4100
f 3854 3853 4101
f 3854 4101 4090
f 3650 3911 3910
f 3650 3910 3651
f 3628 3909 3789
f 3628 3789 3629
f 3597 3596 4116
f 3597 4116 4109
f 3617 3616 4112
f 3617 4112 4117
f 3617 4117 3882
f 3615 3614 4106
f 3615 4106 4111
f 3607 3606 4108
f 3607 4108 4105
f 3599 3598 4110
f 3599 4110 4107
f 3678 4118 4119
f 3678 4119 3685
f 3671 3676 4115
f 3671 4115 3677
f 3678 3677 4120
f 3678 4120 4118
f 3685 4119 4121
f 3685 4121 3686
f 3207 3276 4122
f 3207 4122 4115
f 3686 4121 4123
f 3686 4123 3749
f 3749 4123 4124
f 3749 4124 3750
f 3546 3750 4124
f 3546 4124 3751
f 3588 4061 4063
f 3865 3882 4117
f 3865 4117 4114
f 3596 4092 4125
f 3596 4125 4116
f 3833 4113 4093
f 3833 4093 3904
f 3677 4115 4122
f 3677 4122 4120
f 4107 4110 4126
f 4107 4126 4127
f 4105 4108 4128
f 4105 4128 4129
f 4106 4130 4131
f 4106 4131 4111
f 4092 4094 4132
f 4092 4132 4125
f 4094 4133 4134
f 4094 4134 4132
f 4125 4132 4135
f 4125 4135 4136
f 4130 4137 4131
f 4129 4138 4137
f 4129 4137 4130
f 4131 4137 4139
f 4131 4139 4140
f 4128 4141 4138
f 4128 4138 4129
f 4127 4142 4141
f 4127 4141 4128
f 4138 4141 4143
f 4138 4143 4144
f 4126 4145 4142
f 4126 4142 4127
f 4109 4116 4145
f 4109 4145 4126
f 4136 4146 4142
f 4136 4142 4145
f 4139 4147 4148
f 4139 4148 4140
f 4139 4144 4149
f 4139 4149 4147
f 4147 4150 4151
f 4147 4151 4148
f 4112 4140 4148
f 4112 4148 4117
f 4143 4152 4149
f 4143 4149 4144
f 4143 4146 4153
f 4143 4153 4152
f 4149 4152 4154
f 4149 4154 4155
f 4135 4153 4146
f 4135 4146 4136
f 4135 4156 4157
f 4135 4157 4153
f 4158 4159 4160
f 4158 4160 4161
f 4100 4103 4159
f 4100 4159 4158
f 4099 4160 4159
f 4099 4159 4104
f 4160 4162 4163
f 4160 4163 4161
f 4158 4161 4164
f 4158 4164 4165
f 4090 4101 4165
f 4090 4165 4166
f 4086 4097 4167
f 4086 4167 4168
f 4167 4169 4170
f 4167 4170 4168
f 4088 4091 4169
f 4088 4169 4167
f 4166 4171 4170
f 4166 4170 4169
f 4168 4170 4172
f 4168 4172 4173
f 4098 4114 4151
f 4098 4151 4162
f 3832 4087 4134
f 3832 4134 4133
f 3832 4133 4113
f 4087 4173 4156
f 4087 4156 4134
f 4154 4174 4175
f 4154 4175 4155
f 4150 4155 4175
f 4150 4175 4163
f 4154 4157 4172
f 4154 4172 4174
f 4164 4175 4174
f 4164 4174 4171
f 4156 4173 4172
f 4156 4172 4157
f 4150 4163 4162
f 4150 4162 4151
f 4164 4171 4166
f 4164 4166 4165
f 4161 4163 4175
f 4161 4175 4164
f 4147 4149 4155
f 4147 4155 4150
f 4152 4153 4157
f 4152 4157 4154
f 4170 4171 4174
f 4170 4174 4172
f 4094 4093 4113
f 4094 4113 4133
f 4086 4168 4173
f 4086 4173 4087
f 4132 4134 4156
f 4132 4156 4135
f 4114 4117 4148
f 4114 4148 4151
f 4099 4098 4162
f 4099 4162 4160
f 4088 4167 4095
f 4088 4095 4089
f 4095 4167 4097
f 4095 4097 4096
f 4090 4166 4169
f 4090 4169 4091
f 4103 4102 4104
f 4103 4104 4159
f 4100 4158 4165
f 4100 4165 4101
f 4141 4142 4146
f 4141 4146 4143
f 4137 4138 4144
f 4137 4144 4139
f 4109 4126 4110
f 4116 4125 4136
f 4116 4136 4145
f 4107 4127 4128
f 4107 4128 4108
f 4105 4129 4130
f 4105 4130 4106
f 4111 4131 4140
f 4111 4140 4112
f 4176 4177 4178
f 4176 4178 4179
f 4176 4180 4181
f 4176 4181 4177
f 4177 4182 4178
f 4178 4183 4184
f 4178 4184 4179
f 4176 4179 4185
f 4176 4185 4186
f 4183 4187 4188
f 4183 4188 4184
f 4182 4187 4183
f 4187 4189 4190
f 4187 4190 4188
f 4184 4188 4191
f 4184 4191 4192
f 4182 4189 4187
f 4189 4193 4194
f 4189 4194 4190
f 4188 4190 4195
f 4188 4195 4191
f 4180 4196 4197
f 4180 4197 4181
f 4177 4181 4182
f 4176 4186 4198
f 4176 4198 4180
f 4178 4182 4183
f 4179 4184 4192
f 4179 4192 4185
f 4182 4193 4189
f 4193 4199 4200
f 4193 4200 4194
f 4190 4194 4201
f 4190 4201 4195
f 4194 4200 4202
f 4194 4202 4201
f 4182 4199 4193
f 4200 4199 4203
f 4200 4203 4204
f 4182 4205 4203
f 4182 4206 4207
f 4182 4207 4205
f 4204 4203 4205
f 4204 4205 4207
f 4182 4203 4199
f 4181 4197 4182
f 4182 4197 4208
f 4182 4208 4209
f 4196 4210 4208
f 4196 4208 4197
f 4182 4209 4211
f 4208 4210 4212
f 4208 4212 4209
f 4209 4213 4211
f 4182 4211 4214
f 4211 4213 4215
f 4211 4215 4214
f 4182 4214 4216
f 4214 4215 4217
f 4214 4217 4216
f 4182 4216 4218
f 4216 4217 4219
f 4216 4219 4218
f 4182 4218 4220
f 4182 4220 4221
f 4218 4219 4222
f 4218 4222 4220
f 3299 4223 4224
f 3299 4224 3300
f 3308 3319 4225
f 3308 4225 4226
f 3276 3345 4227
f 3276 4227 4122
f 3321 3359 4228
f 3321 4228 4229
f 3362 3365 4230
f 3362 4230 4231
f 4232 4233 4234
f 4232 4234 4235
f 4082 4081 4236
f 4082 4236 4233
f 3361 3366 4237
f 3361 4237 4238
f 3348 3388 4239
f 3348 4239 4240
f 3392 4241 4242
f 3392 4242 3393
f 3390 3397 4243
f 3390 4243 4244
f 3303 4245 4246
f 3303 4246 3399
f 3393 4242 4243
f 3393 4243 3397
f 3392 3396 4247
f 3392 4247 4241
f 3396 3400 4248
f 3396 4248 4247
f 3388 3390 4244
f 3388 4244 4239
f 3365 4232 4235
f 3365 4235 4230
f 3362 4231 4237
f 3362 4237 3366
f 3359 3361 4238
f 3359 4238 4228
f 3345 3348 4240
f 3345 4240 4227
f 3319 3321 4229
f 3319 4229 4225
f 3300 4224 4245
f 3300 4245 3303
f 3299 3308 4226
f 3299 4226 4223
f 3399 4246 4248
f 3399 4248 3400
f 4249 4250 4251
f 4249 4252 4250
f 4250 4253 4254
f 4250 4254 4251
f 4249 4251 4255
f 4249 4255 4256
f 4257 4258 4259
f 4257 4260 4261
f 4257 4261 4258
f 4258 4262 4263
f 4258 4263 4259
f 4250 4257 4259
f 4250 4259 4253
f 4258 4261 4264
f 4261 4265 4266
f 4261 4266 4264
f 4258 4264 4267
f 4258 4267 4268
f 4260 4269 4270
f 4260 4270 4271
f 4252 4272 4269
f 4252 4269 4260
f 3498 4270 4269
f 3498 4269 4273
f 3508 4271 4270
f 3508 4270 3516
f 4260 4271 4265
f 4260 4265 4261
f 3494 3498 4273
f 3494 4273 3499
f 3499 4273 4256
f 3499 4256 3500
f 4265 4274 4275
f 4265 4275 4266
f 4079 4267 4264
f 4079 4264 4266
f 4263 4276 4277
f 4276 4278 4277
f 4253 4259 4263
f 4253 4263 4277
f 4263 4279 4280
f 4263 4280 4276
f 4250 4252 4260
f 4250 4260 4257
f 4249 4272 4252
f 4249 4256 4269
f 4249 4269 4272
f 4256 4273 4269
f 4251 4254 4281
f 4251 4281 4255
f 3500 4256 4255
f 3500 4255 4282
f 4254 4278 4281
f 4255 4281 4283
f 4255 4283 4282
f 4276 4281 4278
f 4276 4284 4283
f 4276 4283 4281
f 4253 4277 4278
f 4253 4278 4254
f 3497 3516 4270
f 3497 4270 3498
f 4258 4268 4262
f 4262 4268 4285
f 4262 4285 4279
f 3923 4079 4266
f 3923 4266 4275
f 3922 4078 4267
f 3922 4267 4079
f 4078 4285 4268
f 4078 4268 4267
f 4262 4279 4263
f 3508 4274 4265
f 3508 4265 4271
f 4279 4285 4286
f 4279 4286 4287
f 3973 4286 4285
f 3973 4285 4078
f 3510 4288 4072
f 3509 4288 3510
f 3502 4072 4288
f 3502 4288 3516
f 3503 3513 3977
f 3503 3977 3507
f 3504 3507 4274
f 3504 4274 3508
f 3507 4275 4274
f 3507 3924 3923
f 3507 3923 4275
f 3508 3516 4288
f 3508 4288 3509
f 3512 4080 3992
f 3505 3509 3510
f 3511 4005 4080
f 3506 3511 4080
f 3506 4080 3512
f 3507 3977 3924
f 4289 4290 4291
f 4289 4291 4292
f 4289 4293 4294
f 4289 4294 4290
f 4290 4295 4296
f 4290 4296 4291
f 4291 4297 4298
f 4291 4298 4292
f 4289 4292 4299
f 4289 4299 4300
f 4299 4301 4302
f 4299 4302 4300
f 4301 4303 4304
f 4301 4304 4302
f 4300 4302 4305
f 4300 4305 4306
f 4299 4307 4308
f 4299 4308 4301
f 4309 4310 4311
f 4309 4312 4313
f 4309 4313 4310
f 4310 4314 4311
f 4309 4311 4315
f 4309 4315 4316
f 4311 4317 4315
f 4315 4318 4316
f 4309 4316 4319
f 4309 4319 4320
f 4289 4300 4306
f 4289 4306 4293
f 4293 4321 4294
f 4290 4294 4322
f 4290 4322 4295
f 4293 4315 4317
f 4293 4317 4321
f 4317 4323 4324
f 4317 4324 4321
f 4293 4306 4325
f 4293 4325 4315
f 4292 4298 4307
f 4292 4307 4299
f 4305 4326 4325
f 4305 4325 4306
f 4315 4325 4327
f 4315 4327 4318
f 4318 4327 4328
f 4318 4328 4329
f 4326 4330 4328
f 4326 4328 4327
f 4328 4331 4332
f 4328 4332 4329
f 4318 4329 4333
f 4318 4333 4334
f 4328 4335 4336
f 4328 4336 4331
f 4331 4337 4338
f 4331 4338 4332
f 4329 4332 4339
f 4329 4339 4333
f 4331 4336 4337
f 4337 4340 4341
f 4337 4341 4338
f 4332 4338 4342
f 4332 4342 4339
f 3427 3478 4343
f 3427 4343 3479
f 3478 4344 4345
f 3478 4345 4343
f 3479 4343 4346
f 4343 4345 4347
f 4343 4347 4346
f 3479 4346 4348
f 3479 4348 4349
f 4348 4350 4349
f 4347 4351 4350
f 4347 4350 4348
f 4349 4350 4352
f 4349 4352 4353
f 4294 4321 4324
f 4294 4324 4322
f 4302 4304 4354
f 4302 4354 4305
f 4325 4326 4327
f 4305 4354 4330
f 4305 4330 4326
f 4328 4330 4335
f 4330 4354 4355
f 4330 4355 4335
f 4304 4356 4355
f 4304 4355 4354
f 4335 4355 4357
f 4335 4357 4336
f 4303 4358 4356
f 4303 4356 4304
f 4355 4356 4359
f 4355 4359 4357
f 4303 4360 4361
f 4303 4361 4358
f 4356 4358 4362
f 4356 4362 4359
f 4301 4308 4360
f 4301 4360 4303
f 4336 4363 4364
f 4336 4357 4363
f 4363 4365 4366
f 4363 4366 4364
f 4336 4364 4337
f 4357 4359 4365
f 4357 4365 4363
f 3491 4366 4365
f 3491 4365 4367
f 3490 4340 4364
f 3490 4364 4366
f 4359 4362 4367
f 4359 4367 4365
f 3489 3491 4367
f 3489 4367 4368
f 3415 3490 4366
f 3415 4366 3491
f 4358 4361 4369
f 4358 4369 4362
f 4316 4318 4334
f 4316 4334 4319
f 4295 4370 4371
f 4295 4371 4296
f 4291 4296 4372
f 4291 4372 4297
f 4295 4322 4373
f 4295 4373 4370
f 4322 4324 4374
f 4322 4374 4373
f 4311 4323 4317
f 4323 4375 4374
f 4323 4374 4324
f 4352 4376 4353
f 4351 4377 4376
f 4351 4376 4352
f 4353 4376 4378
f 4353 4378 4379
f 4376 4377 4380
f 4376 4380 4378
f 4378 4381 4382
f 4378 4382 4379
f 4353 4379 4383
f 4353 4383 4384
f 4378 4380 4385
f 4378 4385 4381
f 4381 4386 4387
f 4381 4387 4382
f 4379 4382 4388
f 4379 4388 4383
f 4381 4385 4389
f 4381 4389 4386
f 4313 4387 4386
f 4313 4386 4314
f 4382 4387 4390
f 4382 4390 4388
f 4312 4390 4387
f 4312 4387 4313
f 4314 4386 4389
f 4314 4389 4391
f 4310 4313 4314
f 4311 4314 4392
f 4350 4351 4352
f 4349 4353 4384
f 4349 4384 4393
f 4346 4347 4348
f 3428 3479 4349
f 3428 4349 4393
f 4311 4392 4323
f 4323 4392 4394
f 4323 4394 4375
f 3477 4395 4344
f 3477 4344 3478
f 4344 4396 4397
f 4344 4397 4345
f 4345 4397 4398
f 4345 4398 4347
f 4347 4399 4400
f 4347 4400 4351
f 4351 4401 4402
f 4351 4402 4377
f 4377 4402 4403
f 4377 4403 4380
f 4380 4403 4404
f 4380 4404 4385
f 4385 4404 4405
f 4385 4405 4389
f 4389 4405 4394
f 4389 4394 4391
f 4314 4391 4392
f 4391 4394 4392
f 4362 4369 4368
f 4362 4368 4367
f 4337 4364 4340
f 3414 4341 4340
f 3414 4340 3490
f 4406 4407 4408
f 4406 4408 4409
f 4406 4410 4411
f 4406 4411 4407
f 4407 4412 4413
f 4407 4413 4408
f 4408 4414 4415
f 4408 4415 4409
f 4370 4406 4409
f 4370 4409 4371
f 4296 4371 4416
f 4296 4416 4372
f 4370 4373 4410
f 4370 4410 4406
f 4410 4417 4418
f 4410 4418 4411
f 4407 4411 4419
f 4407 4419 4412
f 4417 4420 4421
f 4417 4421 4418
f 4374 4375 4420
f 4374 4420 4417
f 4404 4421 4420
f 4404 4420 4405
f 4418 4421 4422
f 4418 4422 4423
f 4373 4374 4417
f 4373 4417 4410
f 4375 4394 4405
f 4375 4405 4420
f 4371 4409 4415
f 4371 4415 4416
f 4424 4425 4426
f 4424 4426 4427
f 4412 4425 4424
f 4412 4424 4413
f 4425 4428 4429
f 4425 4429 4426
f 4426 4430 4431
f 4426 4431 4427
f 4424 4427 4432
f 4424 4432 4433
f 4412 4419 4428
f 4412 4428 4425
f 4428 4434 4435
f 4428 4435 4429
f 4426 4429 4436
f 4426 4436 4430
f 4434 4437 4438
f 4434 4438 4435
f 4401 4438 4437
f 4401 4437 4402
f 4435 4438 4439
f 4423 4437 4434
f 4419 4423 4434
f 4422 4437 4423
f 4419 4434 4428
f 4413 4424 4433
f 4413 4433 4440
f 4429 4435 4439
f 4429 4439 4436
f 4430 4436 4441
f 4430 4441 4442
f 4430 4442 4443
f 4430 4443 4431
f 4427 4431 4444
f 4427 4444 4432
f 4411 4418 4423
f 4411 4423 4419
f 4436 4439 4445
f 4436 4445 4441
f 4401 4439 4438
f 4408 4413 4440
f 4408 4440 4414
f 4403 4422 4421
f 4403 4421 4404
f 4396 4443 4442
f 4396 4442 4397
f 4397 4442 4441
f 4397 4441 4398
f 4396 4446 4447
f 4396 4447 4443
f 4398 4441 4445
f 4398 4445 4399
f 4399 4445 4400
f 4347 4398 4399
f 4400 4445 4439
f 4402 4437 4422
f 4402 4422 4403
f 4400 4439 4401
f 4431 4443 4447
f 4431 4447 4444
f 4351 4400 4401
f 4344 4395 4446
f 4344 4446 4396
f 4297 4448 4449
f 4297 4449 4298
f 4307 4450 4451
f 4307 4451 4308
f 3457 3462 3476
f 3461 4452 3462
f 4297 4372 4453
f 4297 4453 4448
f 4448 4454 4449
f 4298 4449 4450
f 4298 4450 4307
f 3461 4449 4454
f 3461 4454 4452
f 3461 4455 4450
f 3461 4450 4449
f 4452 4454 4456
f 4452 4456 4457
f 3461 3471 4455
f 4450 4455 4458
f 4450 4458 4451
f 3460 3471 3461
f 3470 4459 4458
f 3470 4458 3471
f 3470 3473 4460
f 3470 4460 4461
f 3473 3475 4460
f 3426 3481 3477
f 3477 3481 4462
f 3477 4462 4395
f 3433 3483 3480
f 3480 3483 4463
f 3480 4463 4462
f 4448 4453 4456
f 4448 4456 4454
f 4308 4451 4464
f 4308 4464 4360
f 3471 4458 4455
f 4451 4458 4459
f 4451 4459 4464
f 3470 4461 4459
f 4459 4461 4465
f 4459 4465 4464
f 4460 4466 4465
f 4460 4465 4461
f 4360 4464 4465
f 4360 4465 4361
f 4361 4465 4466
f 4361 4466 4369
f 3488 4467 4460
f 3475 3488 4460
f 3488 3489 4368
f 3488 4368 4467
f 4460 4467 4466
f 4368 4369 4466
f 4368 4466 4467
f 4372 4416 4468
f 4372 4468 4453
f 4453 4468 4469
f 4453 4469 4456
f 4456 4469 4470
f 4456 4470 4457
f 3462 4452 4457
f 3437 3485 3482
f 3482 3485 4471
f 3482 4471 4463
f 3484 4472 4471
f 3484 4471 3485
f 3484 3486 4473
f 3484 4473 4472
f 3486 3487 4474
f 3486 4474 4473
f 3476 4475 4474
f 3476 4474 3487
f 3462 4476 3476
f 3482 4463 3483
f 3480 4462 3481
f 3462 4457 4476
f 4457 4470 4477
f 4457 4477 4476
f 4395 4462 4478
f 4395 4478 4446
f 4462 4463 4479
f 4462 4479 4480
f 4463 4471 4481
f 4463 4481 4482
f 4471 4472 4483
f 4471 4483 4481
f 4472 4473 4484
f 4472 4484 4483
f 4473 4474 4485
f 4473 4485 4484
f 3476 4476 4475
f 4474 4475 4477
f 4474 4477 4485
f 4475 4476 4477
f 4414 4486 4487
f 4414 4487 4415
f 4414 4440 4488
f 4414 4488 4486
f 4486 4489 4490
f 4486 4490 4487
f 4415 4487 4468
f 4415 4468 4416
f 4489 4491 4492
f 4489 4492 4490
f 4484 4485 4492
f 4484 4492 4491
f 4469 4490 4492
f 4469 4492 4470
f 4489 4493 4494
f 4489 4494 4491
f 4470 4492 4485
f 4470 4485 4477
f 4468 4487 4490
f 4468 4490 4469
f 4432 4495 4496
f 4432 4496 4433
f 4432 4444 4497
f 4432 4497 4495
f 4495 4498 4499
f 4495 4499 4496
f 4433 4496 4488
f 4433 4488 4440
f 4498 4500 4501
f 4498 4501 4499
f 4498 4502 4500
f 4481 4501 4500
f 4481 4500 4482
f 4493 4499 4501
f 4493 4501 4494
f 4488 4499 4493
f 4488 4496 4499
f 4444 4447 4503
f 4444 4503 4497
f 4495 4497 4502
f 4495 4502 4498
f 4486 4488 4493
f 4486 4493 4489
f 4497 4503 4504
f 4497 4504 4502
f 4500 4502 4504
f 4483 4484 4491
f 4483 4491 4494
f 4446 4478 4503
f 4446 4503 4447
f 4478 4480 4504
f 4478 4504 4503
f 4462 4480 4478
f 4479 4504 4480
f 4479 4482 4504
f 4481 4483 4494
f 4481 4494 4501
f 4482 4500 4504
f 4463 4482 4479
f 3413 4505 4341
f 3413 4341 3414
f 3413 4506 4505
f 4338 4341 4505
f 4338 4505 4342
f 3429 3428 4393
f 3429 4393 4507
f 4384 4508 4507
f 4384 4507 4393
f 3429 4507 4509
f 3429 4509 3952
f 4384 4383 4510
f 4384 4510 4508
f 4507 4508 4511
f 4507 4511 4509
f 4383 4388 4512
f 4383 4512 4510
f 4508 4510 4513
f 4508 4513 4511
f 4388 4390 4514
f 4388 4514 4512
f 4510 4512 4515
f 4510 4515 4513
f 4312 4516 4514
f 4312 4514 4390
f 4512 4514 4517
f 4512 4517 4515
f 4309 4320 4516
f 4309 4516 4312
f 4514 4516 4518
f 4514 4518 4517
f 4320 4519 4518
f 4320 4518 4516
f 4320 4319 4520
f 4319 4334 4521
f 4319 4521 4522
f 4334 4333 4523
f 4334 4523 4521
f 4333 4339 4524
f 4333 4524 4523
f 4339 4342 4525
f 4339 4525 4524
f 4342 4505 4506
f 4342 4506 4525
f 3495 3500 4073
f 4526 4527 4528
f 4526 4528 4529
f 4526 4530 4531
f 4526 4531 4527
f 4527 4532 4533
f 4527 4533 4528
f 4528 4534 4535
f 4528 4535 4529
f 4526 4529 4536
f 4526 4536 4537
f 4526 4537 4538
f 4526 4538 4530
f 4530 4539 4540
f 4530 4540 4531
f 4527 4531 4541
f 4527 4541 4532
f 4530 4538 4542
f 4530 4542 4539
f 4539 4543 4544
f 4539 4544 4540
f 4531 4540 4545
f 4531 4545 4541
f 4539 4542 4546
f 4539 4546 4543
f 3547 4544 4543
f 3547 4543 3548
f 4540 4544 4547
f 4540 4547 4545
f 4528 4533 4548
f 4528 4548 4534
f 4534 4549 4550
f 4534 4550 4535
f 4529 4535 4551
f 4529 4551 4536
f 4549 4552 4553
f 4549 4553 4550
f 4549 4554 4555
f 4549 4555 4552
f 4552 4556 4557
f 4552 4557 4553
f 4550 4553 4558
f 4550 4558 4559
f 4552 4555 4560
f 4552 4560 4556
f 4556 4561 4562
f 4556 4562 4557
f 4553 4557 4563
f 4553 4563 4558
f 4561 4564 4565
f 4561 4565 4562
f 4561 4566 4567
f 4561 4567 4564
f 4564 4568 4569
f 4564 4569 4565
f 4562 4565 4570
f 4556 4560 4566
f 4556 4566 4561
f 4557 4562 4570
f 4557 4570 4563
f 4534 4548 4554
f 4534 4554 4549
f 4535 4550 4559
f 4535 4559 4551
f 3547 3751 4547
f 3547 4547 4544
f 3751 4124 4571
f 3751 4571 4547
f 3548 4543 4546
f 3548 4546 4572
f 4546 4573 4574
f 4546 4574 4572
f 3548 4572 4575
f 3548 4575 3970
f 4542 4576 4573
f 4542 4573 4546
f 4573 4577 4578
f 4573 4578 4574
f 4572 4574 4579
f 4572 4579 4575
f 4573 4576 4580
f 4573 4580 4577
f 4222 4578 4577
f 4222 4577 4581
f 4574 4578 4582
f 4574 4582 4579
f 4206 4581 4577
f 4206 4577 4580
f 4220 4222 4581
f 4220 4581 4221
f 4219 4582 4578
f 4219 4578 4222
f 4182 4221 4581
f 4182 4581 4206
f 4583 4584 4585
f 4583 4585 4586
f 4583 4587 4588
f 4583 4588 4584
f 4584 4589 4590
f 4584 4590 4585
f 4585 4591 4592
f 4585 4592 4586
f 4583 4586 4593
f 4583 4593 4594
f 4591 4595 4596
f 4591 4596 4592
f 4591 4597 4598
f 4591 4598 4595
f 4595 4599 4600
f 4595 4600 4596
f 4592 4596 4601
f 4592 4601 4602
f 4599 4603 4604
f 4599 4604 4600
f 4599 4605 4606
f 4599 4606 4603
f 4603 4607 4608
f 4603 4608 4604
f 4600 4604 4609
f 4600 4609 4610
f 4611 4612 4613
f 4611 4613 4614
f 4611 4615 4616
f 4611 4616 4612
f 4612 4617 4618
f 4612 4618 4613
f 4613 4619 4620
f 4613 4620 4614
f 4611 4614 4621
f 4611 4621 4622
f 4623 4624 4625
f 4607 4624 4623
f 4607 4623 4608
f 4624 4626 4627
f 4624 4627 4625
f 4623 4625 4628
f 4623 4628 4629
f 4609 4630 4610
f 4601 4610 4630
f 4601 4630 4631
f 4609 4632 4633
f 4609 4633 4630
f 4601 4631 4634
f 4601 4634 4602
f 4593 4602 4634
f 4593 4634 4635
f 4631 4636 4637
f 4631 4637 4634
f 4593 4635 4638
f 4593 4638 4594
f 4587 4594 4638
f 4587 4638 4616
f 4617 4638 4635
f 4617 4635 4639
f 4587 4616 4615
f 4587 4615 4588
f 4588 4615 4640
f 4588 4640 4589
f 4589 4640 4641
f 4589 4641 4590
f 4590 4641 4642
f 4590 4642 4597
f 4640 4643 4644
f 4640 4644 4641
f 4597 4642 4645
f 4597 4645 4598
f 4598 4645 4646
f 4598 4646 4605
f 4642 4647 4648
f 4642 4648 4645
f 4605 4646 4649
f 4605 4649 4606
f 4606 4649 4624
f 4606 4624 4607
f 4646 4650 4651
f 4646 4651 4649
f 4632 4652 4653
f 4632 4653 4633
f 4608 4623 4652
f 4608 4652 4632
f 4652 4654 4655
f 4652 4655 4653
f 4633 4653 4656
f 4633 4656 4636
f 4636 4656 4657
f 4636 4657 4637
f 4656 4658 4659
f 4656 4659 4657
f 4637 4657 4660
f 4637 4660 4639
f 4617 4639 4660
f 4617 4660 4618
f 4618 4660 4661
f 4618 4661 4662
f 4247 4248 4663
f 4247 4663 4664
f 4246 4665 4663
f 4246 4663 4248
f 4663 4666 4667
f 4663 4667 4664
f 4241 4247 4664
f 4241 4664 4668
f 4669 4670 4671
f 4669 4671 4672
f 4669 4673 4674
f 4669 4674 4670
f 4670 4675 4676
f 4670 4676 4671
f 4671 4677 4678
f 4671 4678 4672
f 4669 4672 4679
f 4669 4679 4680
f 4681 4682 4683
f 4681 4683 4684
f 4681 4685 4686
f 4681 4686 4682
f 4682 4687 4688
f 4682 4688 4683
f 4683 4689 4690
f 4683 4690 4684
f 4681 4684 4691
f 4681 4691 4692
f 4693 4694 4695
f 4693 4695 4696
f 4679 4694 4693
f 4679 4693 4697
f 4678 4698 4695
f 4678 4695 4694
f 4695 4699 4700
f 4695 4700 4696
f 4693 4696 4701
f 4693 4701 4702
f 4677 4703 4698
f 4677 4698 4678
f 4698 4703 4704
f 4698 4704 4705
f 4677 4706 4707
f 4677 4707 4703
f 4706 4708 4707
f 4676 4709 4708
f 4676 4708 4706
f 4707 4708 4710
f 4707 4710 4711
f 4675 4712 4709
f 4675 4709 4676
f 4709 4712 4713
f 4709 4713 4714
f 4675 4715 4716
f 4675 4716 4712
f 4717 4718 4719
f 4717 4719 4720
f 4717 4721 4722
f 4717 4722 4718
f 4718 4723 4724
f 4718 4724 4719
f 4719 4725 4726
f 4719 4726 4720
f 4717 4720 4727
f 4717 4727 4728
f 4729 4730 4731
f 4729 4731 4732
f 4729 4733 4734
f 4729 4734 4730
f 4730 4735 4736
f 4730 4736 4731
f 4731 4737 4738
f 4731 4738 4732
f 4729 4732 4739
f 4729 4739 4740
f 4739 4741 4742
f 4739 4742 4740
f 4740 4742 4743
f 4740 4743 4744
f 4739 4745 4746
f 4739 4746 4741
f 4742 4741 4747
f 4742 4747 4748
f 4749 4750 4751
f 4746 4752 4750
f 4746 4750 4749
f 4750 4753 4754
f 4750 4754 4751
f 4747 4749 4751
f 4747 4751 4755
f 4118 4120 4756
f 4118 4756 4757
f 4120 4122 4227
f 4120 4227 4756
f 4756 4758 4759
f 4756 4759 4757
f 4118 4757 4760
f 4118 4760 4119
f 4119 4760 4761
f 4119 4761 4121
f 4760 4762 4763
f 4760 4763 4761
f 4121 4761 4764
f 4121 4764 4123
f 4743 4759 4758
f 4743 4758 4744
f 4743 4765 4762
f 4743 4762 4759
f 4239 4744 4758
f 4239 4758 4240
f 4766 4767 4768
f 4766 4768 4769
f 4766 4770 4771
f 4766 4771 4767
f 4767 4772 4773
f 4767 4773 4768
f 4768 4774 4775
f 4768 4775 4769
f 4766 4769 4776
f 4766 4776 4777
f 4778 4779 4780
f 4778 4780 4781
f 4778 4782 4783
f 4778 4783 4779
f 4779 4784 4785
f 4779 4785 4780
f 4780 4786 4787
f 4780 4787 4781
f 4778 4781 4788
f 4778 4788 4789
f 4788 4790 4791
f 4788 4791 4789
f 4789 4791 4792
f 4789 4792 4793
f 4788 4794 4795
f 4788 4795 4790
f 4791 4790 4796
f 4791 4796 4797
f 4224 4223 4777
f 4224 4777 4776
f 4224 4776 4798
f 4224 4798 4245
f 4223 4226 4799
f 4223 4799 4777
f 4225 4800 4799
f 4225 4799 4226
f 4225 4229 4786
f 4225 4786 4800
f 4770 4799 4800
f 4770 4800 4785
f 4228 4787 4786
f 4228 4786 4229
f 4228 4238 4794
f 4228 4794 4787
f 4235 4234 4801
f 4235 4801 4802
f 4230 4235 4802
f 4230 4802 4803
f 4234 4804 4805
f 4234 4805 4801
f 4802 4801 4806
f 4802 4806 4807
f 4123 4764 4571
f 4123 4571 4124
f 4571 4764 4808
f 4571 4808 4809
f 4541 4545 4809
f 4541 4809 4810
f 4545 4547 4571
f 4545 4571 4809
f 4554 4811 4812
f 4554 4812 4555
f 4532 4541 4810
f 4532 4810 4813
f 4810 4814 4815
f 4810 4815 4813
f 4808 4814 4810
f 4808 4810 4809
f 4814 4816 4817
f 4814 4817 4815
f 4813 4815 4818
f 4689 4773 4772
f 4689 4772 4690
f 4690 4772 4819
f 4690 4819 4820
f 4689 4821 4822
f 4689 4822 4773
f 4819 4823 4824
f 4819 4824 4820
f 4783 4825 4824
f 4783 4824 4823
f 4691 4820 4824
f 4691 4824 4826
f 4771 4784 4823
f 4771 4823 4819
f 4782 4827 4825
f 4782 4825 4783
f 4825 4827 4828
f 4825 4828 4829
f 4782 4793 4830
f 4782 4830 4827
f 4792 4831 4830
f 4792 4830 4793
f 4830 4831 4832
f 4830 4832 4833
f 4520 4831 4792
f 4520 4792 4834
f 4835 4836 4837
f 4835 4837 4838
f 4667 4839 4836
f 4667 4836 4835
f 4836 4840 4841
f 4836 4841 4837
f 4837 4842 4843
f 4837 4843 4838
f 4835 4838 4844
f 4835 4844 4845
f 4735 4845 4844
f 4735 4844 4736
f 4736 4844 4846
f 4736 4846 4847
f 4735 4848 4849
f 4735 4849 4845
f 4737 4850 4851
f 4737 4851 4738
f 4737 4852 4853
f 4737 4853 4850
f 4850 4854 4855
f 4850 4855 4851
f 4738 4851 4856
f 4738 4856 4745
f 4745 4856 4752
f 4745 4752 4746
f 4752 4856 4857
f 4752 4857 4858
f 4237 4795 4794
f 4237 4794 4238
f 4231 4859 4795
f 4231 4795 4237
f 4852 4860 4853
f 4853 4860 4861
f 4853 4861 4862
f 4847 4863 4860
f 4847 4860 4852
f 4842 4864 4865
f 4842 4865 4843
f 4864 4866 4867
f 4864 4867 4865
f 4843 4865 4868
f 4843 4868 4846
f 4842 4869 4870
f 4842 4870 4864
f 4727 4871 4872
f 4727 4872 4728
f 4697 4872 4871
f 4697 4871 4873
f 4702 4874 4728
f 4702 4728 4872
f 4727 4875 4876
f 4727 4876 4871
f 4747 4755 4877
f 4747 4877 4748
f 4755 4878 4879
f 4755 4879 4877
f 4748 4877 4880
f 4748 4880 4765
f 4628 4716 4715
f 4628 4715 4629
f 4629 4715 4674
f 4629 4674 4654
f 4628 4881 4882
f 4628 4882 4716
f 4647 4883 4884
f 4647 4884 4648
f 4644 4687 4883
f 4644 4883 4647
f 4686 4885 4884
f 4686 4884 4883
f 4648 4884 4886
f 4648 4886 4650
f 4643 4688 4687
f 4643 4687 4644
f 4643 4887 4821
f 4643 4821 4688
f 4817 4888 4889
f 4817 4889 4890
f 4879 4881 4889
f 4879 4889 4888
f 4627 4891 4890
f 4627 4890 4889
f 4815 4817 4890
f 4816 4880 4888
f 4816 4888 4817
f 4774 4892 4893
f 4774 4893 4775
f 4775 4893 4894
f 4775 4894 4895
f 4725 4892 4774
f 4725 4774 4896
f 4724 4897 4893
f 4724 4893 4892
f 4710 4858 4857
f 4710 4857 4711
f 4704 4711 4857
f 4704 4857 4855
f 4710 4714 4753
f 4710 4753 4858
f 4704 4855 4854
f 4704 4854 4705
f 4699 4705 4854
f 4699 4854 4862
f 4713 4754 4753
f 4713 4753 4714
f 4713 4882 4878
f 4713 4878 4754
f 4699 4862 4861
f 4699 4861 4700
f 4700 4861 4898
f 4700 4898 4899
f 4866 4900 4901
f 4866 4901 4867
f 4866 4902 4903
f 4866 4903 4900
f 4900 4904 4905
f 4900 4905 4901
f 4867 4901 4906
f 4867 4906 4907
f 4878 4882 4881
f 4878 4881 4879
f 4902 4908 4909
f 4902 4909 4903
f 4870 4910 4908
f 4870 4908 4902
f 4723 4909 4908
f 4723 4908 4911
f 4722 4912 4903
f 4722 4903 4909
f 4723 4911 4897
f 4723 4897 4724
f 4897 4911 4913
f 4897 4913 4914
f 4721 4912 4722
f 4721 4915 4904
f 4721 4904 4912
f 4666 4839 4667
f 4666 4916 4917
f 4666 4917 4839
f 4621 4918 4622
f 4622 4918 4822
f 4622 4822 4887
f 4621 4919 4896
f 4621 4896 4918
f 4626 4920 4891
f 4626 4891 4627
f 4818 4891 4920
f 4818 4920 4921
f 4626 4651 4922
f 4626 4922 4920
f 4701 4923 4874
f 4701 4874 4702
f 4701 4899 4906
f 4701 4906 4923
f 4874 4923 4905
f 4874 4905 4924
f 4898 4907 4906
f 4898 4906 4899
f 4863 4868 4907
f 4863 4907 4898
f 4846 4868 4863
f 4846 4863 4847
f 4765 4880 4816
f 4762 4765 4816
f 4762 4816 4763
f 4619 4726 4725
f 4619 4725 4620
f 4619 4662 4875
f 4619 4875 4726
f 4620 4725 4919
f 4658 4925 4926
f 4658 4926 4659
f 4659 4926 4876
f 4659 4876 4661
f 4655 4673 4925
f 4655 4925 4658
f 4680 4873 4926
f 4680 4926 4925
f 4661 4876 4875
f 4661 4875 4662
f 4770 4785 4784
f 4770 4784 4771
f 4685 4927 4885
f 4685 4885 4686
f 4685 4928 4812
f 4685 4812 4927
f 4811 4929 4885
f 4811 4885 4927
f 4812 4928 4930
f 4555 4812 4930
f 4555 4930 4560
f 4692 4931 4930
f 4692 4930 4928
f 4566 4931 4932
f 4566 4932 4567
f 4564 4567 4933
f 4564 4933 4568
f 4691 4826 4931
f 4691 4931 4692
f 4826 4829 4932
f 4826 4932 4931
f 4828 4934 4932
f 4828 4932 4829
f 4828 4833 4935
f 4828 4935 4934
f 4567 4932 4934
f 4567 4934 4933
f 4832 4936 4935
f 4832 4935 4833
f 4832 4937 4938
f 4832 4938 4936
f 4935 4936 4939
f 4935 4939 4940
f 4230 4803 4859
f 4230 4859 4231
f 4796 4859 4803
f 4796 4803 4802
f 4796 4802 4807
f 4796 4807 4797
f 4519 4834 4797
f 4519 4797 4807
f 4811 4941 4942
f 4811 4942 4929
f 4886 4929 4942
f 4886 4942 4922
f 4548 4941 4811
f 4548 4811 4554
f 4921 4942 4941
f 4921 4941 4943
f 4650 4886 4922
f 4650 4922 4651
f 4654 4674 4673
f 4654 4673 4655
f 4679 4697 4873
f 4679 4873 4680
f 4532 4813 4943
f 4532 4943 4533
f 4813 4818 4921
f 4813 4921 4943
f 4246 4245 4798
f 4246 4798 4665
f 4665 4798 4895
f 4665 4895 4916
f 4894 4917 4916
f 4894 4916 4895
f 4840 4917 4894
f 4840 4894 4914
f 4840 4914 4913
f 4840 4913 4841
f 4841 4913 4910
f 4841 4910 4869
f 4869 4910 4870
f 4821 4887 4822
f 4725 4896 4919
f 4533 4943 4941
f 4533 4941 4548
f 4568 4933 4940
f 4568 4940 4944
f 4933 4934 4935
f 4933 4935 4940
f 4939 4945 4944
f 4939 4944 4940
f 4568 4944 4946
f 4568 4946 4569
f 3972 4947 4286
f 3972 4286 3973
f 4948 4949 4950
f 4948 4950 4951
f 4948 4952 4953
f 4948 4953 4949
f 4949 4954 4955
f 4949 4955 4950
f 4950 4956 4957
f 4950 4957 4951
f 4948 4951 4958
f 4948 4958 4959
f 4518 4519 4807
f 4518 4807 4806
f 4517 4518 4806
f 4517 4806 4960
f 4515 4517 4960
f 4515 4960 4961
f 4805 4962 4961
f 4805 4961 4960
f 4513 4515 4961
f 4513 4961 4963
f 4511 4513 4963
f 4511 4963 4964
f 4963 4965 4966
f 4963 4966 4964
f 4509 4511 4964
f 4509 4964 4967
f 4964 4966 4968
f 4964 4968 4967
f 3952 4509 4967
f 3952 4967 3953
f 4081 4084 4969
f 4081 4969 4236
f 4233 4236 4804
f 4233 4804 4234
f 4083 4085 4970
f 4083 4970 4971
f 4083 4971 4969
f 4083 4969 4084
f 4077 4968 4970
f 4077 4970 4085
f 4966 4972 4971
f 4966 4971 4970
f 4804 4973 4962
f 4804 4962 4805
f 4801 4805 4960
f 4801 4960 4806
f 4965 4972 4966
f 4962 4973 4972
f 4962 4972 4965
f 4961 4962 4965
f 4961 4965 4963
f 4966 4970 4968
f 3953 4967 4968
f 3953 4968 4077
f 3970 4575 4974
f 3970 4974 3971
f 3971 4974 4947
f 3971 4947 3972
f 4538 4975 4576
f 4538 4576 4542
f 4947 4974 4976
f 4947 4976 4977
f 4286 4947 4977
f 4286 4977 4287
f 4279 4287 4978
f 4279 4978 4280
f 4979 4980 4981
f 4979 4981 4982
f 4945 4980 4979
f 4945 4979 4983
f 4980 4984 4985
f 4980 4985 4981
f 4981 4986 4987
f 4981 4987 4982
f 4951 4979 4982
f 4951 4982 4958
f 4958 4987 4988
f 4958 4988 4959
f 4958 4982 4987
f 4284 4988 4987
f 4284 4987 4989
f 4952 4959 4988
f 4952 4988 4978
f 4280 4978 4988
f 4280 4988 4284
f 4276 4280 4284
f 4990 4991 4992
f 4990 4992 4993
f 4985 4994 4991
f 4985 4991 4990
f 4523 4524 4992
f 4523 4992 4991
f 4992 4995 4996
f 4992 4996 4993
f 4986 4990 4993
f 4986 4993 4997
f 4981 4985 4990
f 4981 4990 4986
f 4938 4994 4985
f 4938 4985 4984
f 4521 4523 4991
f 4521 4991 4994
f 4936 4938 4984
f 4936 4984 4939
f 4521 4994 4938
f 4521 4938 4522
f 4565 4569 4998
f 4565 4998 4570
f 4536 4999 5000
f 4536 5000 4537
f 4522 4938 4937
f 4524 4525 4995
f 4524 4995 4992
f 4506 4995 4525
f 4951 4957 4983
f 4951 4983 4979
f 4946 4983 4957
f 4946 4957 5001
f 4579 4582 5002
f 4579 5002 5003
f 5002 5004 5005
f 5002 5005 5003
f 4579 5003 5006
f 4579 5006 4976
f 4217 5002 4582
f 4217 4582 4219
f 4575 4579 4976
f 4575 4976 4974
f 4558 5007 5008
f 4558 5008 4559
f 4537 5000 4975
f 4537 4975 4538
f 4576 4975 5009
f 4576 5009 4580
f 4536 4551 5010
f 4536 5010 4999
f 4202 5011 5000
f 4202 5000 4999
f 4558 4563 5012
f 4558 5012 5007
f 4191 4195 5008
f 4191 5008 5007
f 4551 4559 5008
f 4551 5008 5010
f 4192 4191 5007
f 4192 5007 5012
f 4185 4192 5012
f 4185 5012 5013
f 4956 5014 5001
f 4956 5001 4957
f 4569 4946 5001
f 4569 5001 4998
f 4944 4945 4983
f 4944 4983 4946
f 4952 4977 4976
f 4952 4976 4953
f 4953 4976 5006
f 4953 5006 5015
f 4287 4977 4952
f 4287 4952 4978
f 4186 4185 5013
f 4186 5013 5016
f 4186 5016 5014
f 4186 5014 4198
f 4570 4998 5016
f 4570 5016 5013
f 4210 4955 4954
f 4210 4954 4212
f 4212 4954 5017
f 4212 5017 5018
f 4196 5019 4955
f 4196 4955 4210
f 4180 4198 5019
f 4180 5019 4196
f 4198 5014 4956
f 4198 4956 5019
f 4201 4202 4999
f 4201 4999 5010
f 4200 4204 5011
f 4200 5011 4202
f 4975 5000 5011
f 4975 5011 5009
f 4206 4580 5009
f 4206 5009 4207
f 4953 5015 5005
f 4953 5005 5017
f 5003 5005 5015
f 5003 5015 5006
f 5004 5018 5017
f 5004 5017 5005
f 4949 4953 5017
f 4949 5017 4954
f 4213 5018 5004
f 4213 5004 4215
f 4215 5004 5002
f 4215 5002 4217
f 4209 4212 5018
f 4209 5018 4213
f 4204 4207 5009
f 4204 5009 5011
f 4073 5020 5021
f 4073 5021 4074
f 3500 4282 5020
f 3500 5020 4073
f 5020 5022 5023
f 5020 5023 5021
f 4074 5021 5024
f 4074 5024 4075
f 4282 4283 5022
f 4282 5022 5020
f 4989 4997 5023
f 4989 5023 5022
f 4986 4997 4989
f 4986 4989 4987
f 4993 4996 5023
f 4993 5023 4997
f 4283 4284 4989
f 4283 4989 5022
f 4506 5024 4996
f 4506 4996 4995
f 4996 5024 5021
f 4996 5021 5023
f 3413 4075 5024
f 3413 5024 4506
f 4791 4797 4834
f 4791 4834 4792
f 4320 4520 4834
f 4320 4834 4519
f 4520 4937 4832
f 4520 4832 4831
f 4939 4984 4980
f 4939 4980 4945
f 4969 4971 4972
f 4969 4972 4973
f 4950 4955 5019
f 4950 5019 4956
f 4195 4201 5010
f 4195 5010 5008
f 4563 4570 5013
f 4563 5013 5012
f 4998 5001 5014
f 4998 5014 5016
f 4560 4930 4931
f 4560 4931 4566
f 4319 4522 4937
f 4319 4937 4520
f 4236 4969 4973
f 4236 4973 4804
f 4948 4959 4952
f 4242 4848 4734
f 4242 4734 4243
f 4239 4244 4733
f 4239 4733 4744
f 4227 4240 4758
f 4227 4758 4756
f 4837 4841 4869
f 4837 4869 4842
f 4908 4910 4913
f 4908 4913 4911
f 4836 4839 4917
f 4836 4917 4840
f 4893 4897 4914
f 4893 4914 4894
f 4663 4665 4916
f 4663 4916 4666
f 4769 4798 4776
f 4769 4775 4895
f 4769 4895 4798
f 4884 4885 4929
f 4884 4929 4886
f 4920 4922 4942
f 4920 4942 4921
f 4790 4795 4859
f 4790 4859 4796
f 4827 4830 4833
f 4827 4833 4828
f 4811 4927 4812
f 4681 4692 4928
f 4681 4928 4685
f 4669 4680 4925
f 4669 4925 4673
f 4653 4655 4658
f 4653 4658 4656
f 4657 4659 4661
f 4657 4661 4660
f 4871 4876 4926
f 4871 4926 4873
f 4614 4620 4919
f 4614 4919 4621
f 4719 4724 4892
f 4719 4892 4725
f 4720 4726 4875
f 4720 4875 4727
f 4613 4618 4662
f 4613 4662 4619
f 4865 4867 4907
f 4865 4907 4868
f 4860 4863 4898
f 4860 4898 4861
f 4901 4905 4923
f 4901 4923 4906
f 4696 4700 4899
f 4696 4899 4701
f 4815 4890 4891
f 4815 4891 4818
f 4624 4649 4651
f 4624 4651 4626
f 4611 4622 4887
f 4611 4887 4643
f 4611 4643 4640
f 4611 4640 4615
f 4768 4773 4896
f 4768 4896 4774
f 4773 4822 4896
f 4900 4903 4912
f 4900 4912 4904
f 4718 4722 4909
f 4718 4909 4723
f 4864 4870 4902
f 4864 4902 4866
f 4751 4754 4878
f 4751 4878 4755
f 4712 4716 4882
f 4712 4882 4713
f 4695 4698 4705
f 4695 4705 4699
f 4850 4853 4862
f 4850 4862 4854
f 4703 4707 4711
f 4703 4711 4704
f 4851 4855 4857
f 4851 4857 4856
f 4750 4752 4858
f 4750 4858 4753
f 4708 4709 4714
f 4708 4714 4710
f 4625 4627 4889
f 4625 4889 4881
f 4625 4881 4628
f 4877 4879 4888
f 4877 4888 4880
f 4763 4816 4814
f 4763 4814 4808
f 4683 4688 4821
f 4683 4821 4689
f 4645 4648 4650
f 4645 4650 4646
f 4682 4686 4883
f 4682 4883 4687
f 4641 4644 4647
f 4641 4647 4642
f 4623 4629 4654
f 4623 4654 4652
f 4670 4674 4715
f 4670 4715 4675
f 4742 4748 4765
f 4742 4765 4743
f 4728 4874 4924
f 4728 4924 4915
f 4904 4915 4924
f 4904 4924 4905
f 4717 4728 4915
f 4717 4915 4721
f 4693 4702 4872
f 4693 4872 4697
f 4838 4843 4846
f 4838 4846 4844
f 4731 4736 4852
f 4731 4852 4737
f 4736 4847 4852
f 4732 4738 4745
f 4732 4745 4739
f 4664 4667 4849
f 4664 4849 4668
f 4667 4835 4845
f 4667 4845 4849
f 4668 4849 4848
f 4824 4825 4829
f 4824 4829 4826
f 4778 4789 4793
f 4778 4793 4782
f 4684 4690 4820
f 4684 4820 4691
f 4779 4783 4823
f 4779 4823 4784
f 4767 4771 4819
f 4767 4819 4772
f 4761 4763 4808
f 4761 4808 4764
f 4781 4787 4794
f 4781 4794 4788
f 4766 4777 4799
f 4766 4799 4770
f 4780 4785 4800
f 4780 4800 4786
f 4757 4759 4762
f 4757 4762 4760
f 4729 4740 4744
f 4729 4744 4733
f 4741 4746 4749
f 4741 4749 4747
f 4671 4676 4706
f 4671 4706 4677
f 4672 4678 4694
f 4672 4694 4679
f 4634 4637 4639
f 4634 4639 4635
f 4630 4633 4636
f 4630 4636 4631
f 4595 4598 4605
f 4595 4605 4599
f 4585 4590 4597
f 4585 4597 4591
f 4584 4588 4589
f 4583 4594 4587
f 4612 4616 4638
f 4612 4638 4617
f 4586 4592 4602
f 4586 4602 4593
f 4596 4600 4610
f 4596 4610 4601
f 4604 4608 4632
f 4604 4632 4609
f 4603 4606 4607
f 4822 4918 4896
f 4730 4734 4848
f 4730 4848 4735
f 4243 4734 4733
f 4243 4733 4244
f 4241 4668 4848
f 4241 4848 4242
f 5025 5026 5027
f 5025 5027 5028
f 5029 5030 5031
f 5029 5031 5032
f 5033 5034 5035
f 5033 5035 5036
f 5037 5038 5039
f 5037 5039 5040
f 5041 5042 5043
f 5041 5043 5044
f 5045 5046 5047
f 5045 5047 5048
f 5049 5050 5051
f 5049 5051 5052
f 5046 5053 5054
f 5046 5054 5047
f 5041 5044 5050
f 5041 5050 5049
f 5042 5045 5048
f 5042 5048 5043
f 5055 5056 5054
f 5055 5054 5053
f 5057 5040 5039
f 5057 5039 5058
f 5033 5059 5060
f 5033 5060 5034
f 5036 5061 5056
f 5036 5056 5055
f 5062 5063 5060
f 5062 5060 5059
f 5030 5057 5058
f 5030 5058 5031
f 5025 5029 5032
f 5025 5032 5026
f 5028 5027 5063
f 5028 5063 5062
f 5064 5065 5038
f 5064 5038 5037
f 5064 5066 5065
f 5067 5068 5069
f 5067 5069 5070
f 5071 5072 5068
f 5071 5068 5067
f 5052 5051 5072
f 5052 5072 5071
f 5066 5070 5069
f 5066 5069 5065
f 5068 5072 5073
f 5068 5073 5074
f 5068 5074 5075
f 5068 5075 5069
f 5072 5076 5073
f 5074 5073 5077
f 5074 5077 5078
f 7207 5079 5080
f 7207 5080 1
f 7207 8 5081
f 7207 5081 5079
f 5079 5082 5083
f 5079 5083 5080
f 5080 5084 50
f 5080 50 1
f 5077 5083 5082
f 5077 5082 5078
f 5078 5082 5085
f 5078 5085 5086
f 5077 5087 5088
f 5077 5088 5083
f 5051 5050 5089
f 5051 5089 5090
f 5051 5090 5076
f 5051 5076 5072
f 5044 5091 5089
f 5044 5089 5050
f 5090 5089 5092
f 5090 5092 5093
f 5092 5094 5095
f 5092 5095 5093
f 5092 5096 5097
f 5092 5097 5094
f 5094 5098 5099
f 5094 5099 5095
f 5087 5093 5095
f 5087 5095 5088
f 5065 5069 5075
f 5065 5075 5100
f 5075 5086 5101
f 5075 5101 5100
f 5038 5065 5100
f 5102 5103 4
f 5102 4 7
f 5102 5104 5105
f 5102 5105 5103
f 5103 5106 59
f 5103 59 4
f 5102 7 63
f 5102 63 5107
f 8 11 5108
f 8 5108 5081
f 11 60 5109
f 11 5109 5108
f 5081 5108 5110
f 5081 5110 5085
f 5085 5110 5101
f 5085 5101 5086
f 5101 5110 5111
f 5101 5111 5112
f 5104 5113 5114
f 5104 5114 5105
f 5105 5114 5115
f 5105 5115 5116
f 5104 5117 5118
f 5104 5118 5113
f 5114 5113 5119
f 5114 5119 5120
f 5038 5100 5121
f 5038 5121 5039
f 5100 5101 5112
f 5100 5112 5121
f 5039 5121 5122
f 5039 5122 5058
f 5123 12 15
f 5123 15 5124
f 63 12 5123
f 63 5123 5107
f 15 57 5125
f 15 5125 5124
f 5123 5124 5126
f 5123 5126 5127
f 5126 5128 5129
f 5126 5129 5127
f 5117 5127 5129
f 5117 5129 5118
f 5126 5130 5131
f 5126 5131 5128
f 5129 5128 5132
f 5129 5132 5133
f 5027 5133 5132
f 5027 5132 5063
f 5026 5134 5133
f 5026 5133 5027
f 5060 5063 5132
f 5060 5132 5135
f 5136 5137 16
f 5136 16 19
f 5136 5138 5139
f 5136 5139 5137
f 57 16 5137
f 57 5137 5125
f 5136 19 66
f 5136 66 46
f 5138 5140 5141
f 5138 5141 5139
f 5138 5142 5143
f 5138 5143 5140
f 5140 5144 5145
f 5140 5145 5141
f 5130 5139 5141
f 5130 5141 5131
f 5034 5145 5144
f 5034 5144 5035
f 5034 5060 5135
f 5034 5135 5145
f 5035 5144 5146
f 5035 5146 5061
f 5147 5148 5149
f 5147 5149 5150
f 5146 5148 5147
f 5146 5147 5151
f 5143 5152 5149
f 5143 5149 5148
f 5149 38 28
f 5149 28 5150
f 5147 5150 5153
f 5147 5153 5154
f 5056 5061 5146
f 5056 5146 5151
f 5054 5056 5151
f 5054 5151 5155
f 5156 5157 5158
f 5156 5158 5159
f 5156 5160 5161
f 5156 5161 5157
f 5157 5162 5163
f 5157 5163 5158
f 5158 5164 5165
f 5158 5165 5159
f 5156 5159 5166
f 5156 5166 5167
f 52 5168 5169
f 52 24 5170
f 52 5170 5168
f 5161 5171 5169
f 5161 5169 5168
f 52 5169 34
f 52 34 55
f 5160 35 5171
f 5160 42 35
f 5169 5171 35
f 5169 35 34
f 5160 5171 5161
f 5047 5172 5165
f 5047 5165 5048
f 5159 5165 5172
f 5159 5172 5166
f 5048 5165 5164
f 5047 5054 5173
f 5047 5173 5172
f 5098 21 20
f 5098 20 5099
f 5084 5099 20
f 5084 20 50
f 5098 5174 27
f 5098 27 21
f 5043 5175 5091
f 5043 5091 5044
f 5043 5048 5164
f 5043 5164 5175
f 5091 5175 5163
f 5091 5163 5096
f 5096 5163 5162
f 5096 5162 5097
f 5097 5162 5170
f 5097 5170 5174
f 24 27 5174
f 24 5174 5170
f 5054 5155 5173
f 5155 5176 5177
f 5155 5177 5173
f 5176 5178 5179
f 5176 5179 5177
f 5153 5178 5176
f 5153 5176 5154
f 5178 32 43
f 5178 43 5179
f 5166 5177 5179
f 5166 5179 5167
f 5142 5152 5143
f 5142 49 39
f 5142 39 5152
f 5031 5120 5119
f 5031 5119 5032
f 5031 5058 5122
f 5031 5122 5120
f 5026 5032 5119
f 5026 5119 5134
f 5150 28 31
f 5150 31 5153
f 5153 31 32
f 5153 32 5178
f 5147 5154 5151
f 5151 5154 5176
f 5151 5176 5155
f 5166 5172 5173
f 5166 5173 5177
f 5084 5088 5095
f 5084 5095 5099
f 5080 5083 5088
f 5080 5088 5084
f 5079 5081 5085
f 5079 5085 5082
f 5157 5161 5170
f 5157 5170 5162
f 5161 5168 5170
f 5094 5097 5174
f 5094 5174 5098
f 5158 5163 5175
f 5158 5175 5164
f 5089 5091 5096
f 5089 5096 5092
f 5076 5090 5093
f 5076 5093 5087
f 5073 5076 5087
f 5073 5087 5077
f 5156 5167 42
f 5156 42 5160
f 5167 5179 43
f 5167 43 42
f 5036 5035 5061
f 5143 5148 5146
f 5143 5146 5144
f 5140 5143 5144
f 5149 5152 39
f 5149 39 38
f 46 49 5142
f 5136 46 5142
f 5136 5142 5138
f 5131 5141 5145
f 5131 5145 5135
f 5128 5131 5135
f 5128 5135 5132
f 5125 5137 5139
f 5125 5139 5130
f 5124 5125 5130
f 5124 5130 5126
f 5118 5129 5133
f 5118 5133 5134
f 5107 5123 5127
f 5107 5127 5117
f 5114 5120 5122
f 5114 5122 5115
f 5112 5115 5122
f 5112 5122 5121
f 5111 5116 5115
f 5111 5115 5112
f 5103 5105 5116
f 5103 5116 5106
f 5106 5116 5111
f 5106 5111 5109
f 5108 5109 5111
f 5108 5111 5110
f 5106 5109 60
f 5106 60 59
f 5074 5078 5086
f 5074 5086 5075
f 5113 5118 5134
f 5113 5134 5119
f 5102 5107 5117
f 5102 5117 5104
f 5180 5181 5182
f 5180 5182 5183
f 5180 5184 5185
f 5180 5185 5181
f 5181 5186 5187
f 5181 5187 5182
f 5182 5188 5189
f 5182 5189 5183
f 5180 5183 5190
f 5180 5190 5191
f 5190 5192 5193
f 5190 5193 5191
f 5191 5193 5194
f 5191 5194 5195
f 5190 5196 5197
f 5190 5197 5192
f 5193 5192 5198
f 5193 5198 5199
f 5200 5201 5064
f 5194 5201 5200
f 5194 5200 5202
f 5199 5066 5064
f 5199 5064 5201
f 5200 5064 5037
f 5200 5037 5203
f 5194 5202 5204
f 5194 5204 5195
f 5202 5205 5206
f 5202 5206 5204
f 5184 5195 5204
f 5184 5204 5207
f 5184 5207 5208
f 5184 5208 5185
f 5207 5209 5210
f 5207 5210 5208
f 5185 5208 5211
f 5185 5211 5212
f 5213 5025 5028
f 5213 5214 5029
f 5213 5029 5025
f 5213 5028 5062
f 5213 5062 5215
f 5214 5216 5030
f 5214 5030 5029
f 5214 5217 5218
f 5214 5218 5216
f 5216 5219 5057
f 5216 5057 5030
f 5217 5220 5221
f 5217 5221 5218
f 5218 5221 5222
f 5218 5222 5223
f 5217 5224 5225
f 5217 5225 5220
f 5221 5220 5226
f 5221 5226 5227
f 5226 5228 5229
f 5226 5229 5227
f 5227 5229 5230
f 5227 5230 5231
f 5226 5232 5233
f 5226 5233 5228
f 5229 5228 5234
f 5229 5234 5235
f 5232 5236 5237
f 5232 5237 5233
f 5225 5238 5236
f 5225 5236 5232
f 5236 5239 5240
f 5236 5240 5237
f 5233 5237 5241
f 5233 5241 5242
f 5243 5033 5036
f 5243 5036 5244
f 5243 5245 5059
f 5243 5059 5033
f 5036 5055 5246
f 5036 5246 5244
f 5243 5244 5247
f 5243 5247 5248
f 5247 5249 5250
f 5247 5250 5248
f 5238 5251 5248
f 5238 5248 5250
f 5247 5252 5253
f 5247 5253 5249
f 5239 5250 5249
f 5239 5249 5254
f 5239 5254 5255
f 5239 5255 5240
f 5254 5256 5257
f 5254 5257 5255
f 5240 5255 5258
f 5240 5258 5259
f 5037 5040 5260
f 5037 5260 5203
f 5219 5260 5040
f 5219 5040 5057
f 5203 5260 5261
f 5203 5261 5205
f 5205 5261 5262
f 5205 5262 5206
f 5222 5262 5261
f 5222 5261 5223
f 5206 5262 5263
f 5206 5263 5209
f 5209 5263 5264
f 5209 5264 5210
f 5230 5264 5263
f 5230 5263 5231
f 5210 5264 5265
f 5210 5265 5266
f 5224 5251 5238
f 5224 5238 5225
f 5213 5215 5251
f 5213 5251 5224
f 5267 5268 5269
f 5267 5269 5270
f 5267 5271 5272
f 5267 5272 5268
f 5268 5273 5274
f 5268 5274 5269
f 5269 5275 5276
f 5269 5276 5270
f 5267 5270 5277
f 5267 5277 5278
f 5275 5279 5280
f 5275 5280 5276
f 5276 5280 5281
f 5276 5281 5282
f 5275 5283 5284
f 5275 5284 5279
f 5280 5279 5285
f 5280 5285 5286
f 5285 5042 5041
f 5285 5041 5286
f 5286 5041 5049
f 5286 5049 5287
f 5285 5045 5042
f 5285 5288 5046
f 5285 5046 5045
f 5279 5284 5288
f 5279 5288 5285
f 5288 5289 5053
f 5288 5053 5046
f 5277 5290 5291
f 5277 5291 5278
f 5290 5292 5293
f 5290 5293 5291
f 5278 5291 5294
f 5278 5294 5295
f 5277 5282 5296
f 5277 5296 5290
f 5281 5297 5296
f 5281 5296 5282
f 5296 5297 5298
f 5296 5298 5299
f 5281 5287 5300
f 5281 5300 5297
f 5049 5052 5300
f 5049 5300 5287
f 5300 5052 5071
f 5300 5071 5301
f 5188 5293 5292
f 5188 5292 5189
f 5188 5302 5303
f 5188 5303 5293
f 5189 5292 5299
f 5189 5299 5196
f 5290 5296 5299
f 5290 5299 5292
f 5183 5189 5196
f 5183 5196 5190
f 5280 5286 5287
f 5280 5287 5281
f 5297 5300 5301
f 5297 5301 5298
f 5197 5298 5301
f 5197 5301 5304
f 5291 5293 5303
f 5291 5303 5294
f 5270 5276 5282
f 5270 5282 5277
f 5284 5289 5288
f 5246 5289 5284
f 5246 5284 5252
f 5269 5274 5283
f 5269 5283 5275
f 5253 5283 5274
f 5253 5274 5256
f 5268 5272 5305
f 5268 5305 5273
f 5257 5273 5305
f 5257 5305 5306
f 5267 5278 5295
f 5267 5295 5271
f 5255 5257 5306
f 5255 5306 5258
f 5256 5274 5273
f 5256 5273 5257
f 5237 5240 5259
f 5237 5259 5241
f 5249 5253 5256
f 5249 5256 5254
f 5252 5284 5283
f 5252 5283 5253
f 5244 5246 5252
f 5244 5252 5247
f 5055 5053 5289
f 5055 5289 5246
f 5221 5227 5231
f 5221 5231 5222
f 5222 5231 5263
f 5222 5263 5262
f 5216 5218 5223
f 5216 5223 5219
f 5219 5223 5261
f 5219 5261 5260
f 5230 5307 5265
f 5230 5265 5264
f 5229 5235 5307
f 5229 5307 5230
f 5204 5206 5209
f 5204 5209 5207
f 5200 5203 5205
f 5200 5205 5202
f 5236 5238 5250
f 5236 5250 5239
f 5215 5245 5248
f 5215 5248 5251
f 5062 5059 5245
f 5062 5245 5215
f 5243 5248 5245
f 5220 5225 5232
f 5220 5232 5226
f 5228 5233 5242
f 5228 5242 5234
f 5213 5224 5217
f 5213 5217 5214
f 5208 5210 5266
f 5208 5266 5211
f 5180 5191 5195
f 5180 5195 5184
f 5193 5199 5201
f 5193 5201 5194
f 5192 5197 5304
f 5192 5304 5198
f 5198 5304 5067
f 5198 5067 5070
f 5181 5185 5212
f 5181 5212 5186
f 5182 5187 5302
f 5182 5302 5188
f 5071 5067 5304
f 5071 5304 5301
f 5196 5299 5298
f 5196 5298 5197
f 5198 5070 5066
f 5198 5066 5199
f 5294 5303 5308
f 5294 5308 5309
f 5272 5310 5311
f 5272 5311 5305
f 5271 5295 5312
f 5271 5312 5313
f 5305 5311 5314
f 5305 5314 5306
f 5258 5315 5316
f 5258 5316 5259
f 5265 5307 5317
f 5241 5259 5316
f 5241 5316 5318
f 5234 5242 5319
f 5234 5319 5320
f 5235 5321 5322
f 5235 5322 5307
f 5211 5266 5323
f 5211 5323 5324
f 5186 5212 5325
f 5186 5325 5326
f 5187 5327 5328
f 5187 5328 5302
f 5271 5313 5310
f 5271 5310 5272
f 5258 5306 5314
f 5258 5314 5315
f 5241 5318 5319
f 5241 5319 5242
f 5234 5320 5321
f 5234 5321 5235
f 5295 5294 5309
f 5303 5302 5328
f 5303 5328 5308
f 5187 5186 5326
f 5187 5326 5327
f 5212 5211 5324
f 5212 5324 5325
f 5266 5265 5317
f 5266 5317 5323
f 5317 5329 5330
f 5317 5330 5323
f 5324 5331 5332
f 5324 5332 5325
f 5326 5333 5334
f 5326 5334 5327
f 5308 5328 5335
f 5308 5335 5336
f 5295 5309 5337
f 5295 5337 5312
f 5331 5338 5332
f 5332 5338 5339
f 5332 5339 5333
f 5330 5340 5338
f 5330 5338 5331
f 5341 5342 5343
f 5341 5343 5344
f 5341 5345 5342
f 5342 5346 5347
f 5342 5347 5343
f 5343 5348 5349
f 5343 5349 5344
f 5341 5344 5350
f 5341 5350 5351
f 5350 5352 5353
f 5350 5353 5351
f 5351 5353 5354
f 5351 5354 5355
f 5350 5356 5357
f 5350 5357 5352
f 5353 5352 5358
f 5353 5358 5359
f 5333 5339 5360
f 5333 5360 5334
f 5339 5361 5348
f 5339 5348 5360
f 5334 5360 5347
f 5334 5347 5335
f 5362 5363 5364
f 5362 5364 5365
f 5362 5366 5367
f 5362 5367 5363
f 5363 5368 5369
f 5363 5369 5364
f 5364 5370 5371
f 5364 5371 5365
f 5362 5365 5372
f 5362 5372 5373
f 5320 5374 5321
f 5321 5374 5375
f 5321 5375 5322
f 5320 5319 5376
f 5320 5376 5374
f 5318 5376 5319
f 5316 5377 5376
f 5316 5376 5318
f 5316 5315 5378
f 5316 5378 5377
f 5314 5379 5378
f 5314 5378 5315
f 5377 5378 5380
f 5377 5380 5381
f 5368 5381 5380
f 5368 5380 5369
f 5368 5382 5383
f 5368 5383 5381
f 5369 5380 5384
f 5329 5385 5340
f 5329 5340 5330
f 5340 5385 5386
f 5340 5386 5387
f 5322 5375 5385
f 5322 5385 5329
f 5380 5388 5389
f 5380 5389 5384
f 5378 5379 5388
f 5378 5388 5380
f 5388 5390 5391
f 5388 5391 5389
f 5384 5389 5392
f 5384 5392 5393
f 5354 5394 5395
f 5354 5395 5355
f 5354 5396 5397
f 5354 5397 5394
f 5394 5398 5399
f 5394 5399 5395
f 5355 5395 5400
f 5355 5400 5401
f 5400 5402 5403
f 5400 5403 5401
f 5341 5401 5403
f 5341 5403 5345
f 5400 5404 5402
f 5403 5402 5405
f 5403 5405 5406
f 5310 5313 5406
f 5310 5406 5405
f 5310 5405 5407
f 5310 5407 5311
f 5312 5408 5406
f 5312 5406 5313
f 5390 5402 5404
f 5390 5404 5391
f 5391 5404 5399
f 5391 5399 5409
f 5390 5407 5405
f 5390 5405 5402
f 5312 5337 5410
f 5312 5410 5408
f 5336 5346 5410
f 5336 5410 5337
f 5342 5345 5408
f 5342 5408 5410
f 5348 5361 5411
f 5348 5411 5349
f 5361 5387 5412
f 5361 5412 5411
f 5349 5411 5413
f 5349 5413 5356
f 5335 5347 5346
f 5335 5346 5336
f 5356 5413 5414
f 5356 5414 5357
f 5413 5415 5416
f 5413 5416 5414
f 5357 5414 5417
f 5357 5417 5418
f 5392 5419 5420
f 5392 5420 5393
f 5370 5393 5420
f 5370 5420 5421
f 5392 5409 5422
f 5392 5422 5419
f 5420 5419 5423
f 5420 5423 5424
f 5398 5422 5409
f 5398 5409 5399
f 5398 5425 5426
f 5398 5426 5422
f 5415 5427 5428
f 5415 5428 5416
f 5416 5428 5429
f 5416 5429 5430
f 5412 5431 5427
f 5412 5427 5415
f 5428 5427 5432
f 5428 5432 5433
f 5386 5431 5412
f 5386 5412 5387
f 5386 5434 5435
f 5386 5435 5431
f 5411 5412 5415
f 5411 5415 5413
f 5427 5431 5435
f 5427 5435 5432
f 5432 5435 5436
f 5432 5436 5437
f 5353 5359 5396
f 5353 5396 5354
f 5352 5357 5418
f 5352 5418 5358
f 5389 5391 5409
f 5389 5409 5392
f 5419 5422 5426
f 5419 5426 5423
f 5414 5416 5430
f 5414 5430 5417
f 5338 5361 5339
f 5338 5340 5387
f 5338 5387 5361
f 5344 5349 5356
f 5344 5356 5350
f 5308 5336 5337
f 5308 5337 5309
f 5342 5410 5346
f 5345 5403 5406
f 5345 5406 5408
f 5395 5399 5404
f 5395 5404 5400
f 5379 5407 5390
f 5379 5390 5388
f 5311 5407 5379
f 5311 5379 5314
f 5341 5351 5355
f 5341 5355 5401
f 5394 5397 5425
f 5394 5425 5398
f 5364 5369 5370
f 5369 5384 5393
f 5369 5393 5370
f 5420 5438 5439
f 5420 5439 5421
f 5421 5439 5440
f 5421 5440 5441
f 5420 5424 5438
f 5434 5442 5436
f 5434 5436 5435
f 5367 5437 5436
f 5367 5436 5382
f 5432 5437 5443
f 5432 5443 5433
f 5428 5433 5444
f 5428 5444 5429
f 5433 5445 5444
f 5375 5434 5386
f 5375 5386 5385
f 5374 5442 5434
f 5374 5434 5375
f 5374 5376 5383
f 5374 5383 5442
f 5307 5322 5329
f 5307 5329 5317
f 5371 5441 5446
f 5371 5446 5447
f 5365 5371 5447
f 5365 5447 5372
f 5370 5441 5371
f 5440 5446 5441
f 5376 5377 5381
f 5376 5381 5383
f 5366 5448 5449
f 5366 5449 5443
f 5443 5449 5450
f 5366 5443 5437
f 5366 5437 5367
f 5366 5451 5448
f 5382 5436 5442
f 5382 5442 5383
f 5363 5367 5382
f 5363 5382 5368
f 5362 5452 5451
f 5362 5451 5366
f 5362 5373 5452
f 5343 5347 5360
f 5343 5360 5348
f 5327 5334 5335
f 5327 5335 5328
f 5325 5332 5333
f 5325 5333 5326
f 5323 5330 5331
f 5323 5331 5324
f 5370 5421 5441
f 5433 5443 5450
f 5433 5450 5445
f 5359 5453 5454
f 5359 5454 5396
f 5358 5418 5455
f 5358 5455 5456
f 5423 5426 5457
f 5423 5457 5458
f 5417 5430 5459
f 5417 5459 5460
f 5397 5461 5462
f 5397 5462 5425
f 5439 5438 5463
f 5439 5463 5464
f 5429 5444 5465
f 5446 5466 5467
f 5446 5467 5447
f 5449 5448 5468
f 5449 5468 5469
f 5372 5447 5467
f 5372 5467 5470
f 5451 5452 5471
f 5451 5471 5472
f 5429 5459 5430
f 5417 5460 5455
f 5417 5455 5418
f 5423 5473 5474
f 5423 5474 5424
f 5448 5451 5475
f 5448 5475 5468
f 5449 5469 5476
f 5449 5476 5450
f 5425 5462 5457
f 5425 5457 5426
f 5396 5454 5461
f 5396 5461 5397
f 5372 5470 5477
f 5372 5477 5373
f 5358 5456 5453
f 5358 5453 5359
f 5439 5464 5478
f 5439 5478 5440
f 5424 5474 5463
f 5424 5463 5438
f 5440 5478 5479
f 5440 5479 5446
f 5373 5477 5480
f 5373 5480 5452
f 5445 5450 5476
f 5445 5476 5481
f 5444 5445 5482
f 5444 5482 5483
f 5484 5485 5486
f 5484 5486 5487
f 5484 5488 5489
f 5484 5489 5485
f 5485 5490 5486
f 5486 5491 5492
f 5486 5492 5487
f 5484 5487 5493
f 5494 5495 5496
f 5494 5496 5497
f 5494 5498 5495
f 5495 5499 5500
f 5495 5500 5496
f 5496 5501 5497
f 5494 5497 5502
f 5470 5503 5504
f 5470 5504 5477
f 5423 5458 5473
f 5458 5505 5506
f 5458 5506 5473
f 5505 5507 5508
f 5505 5508 5506
f 5506 5508 5509
f 5506 5509 5510
f 5505 5511 5512
f 5505 5512 5507
f 5508 5507 5513
f 5508 5513 5514
f 5515 5516 5517
f 5515 5517 5518
f 5515 5519 5520
f 5515 5520 5516
f 5516 5521 5522
f 5516 5522 5517
f 5517 5523 5524
f 5517 5524 5518
f 5515 5518 5525
f 5515 5525 5526
f 5527 5528 5529
f 5527 5529 5530
f 5527 5531 5532
f 5527 5532 5528
f 5528 5533 5534
f 5528 5534 5529
f 5529 5535 5536
f 5529 5536 5530
f 5527 5530 5537
f 5527 5537 5538
f 5539 5540 5541
f 5539 5541 5542
f 5539 5543 5544
f 5539 5544 5540
f 5537 5541 5540
f 5537 5540 5538
f 5541 5545 5546
f 5541 5546 5542
f 5539 5542 5547
f 5539 5547 5548
f 5549 5550 5551
f 5549 5551 5552
f 5549 5553 5554
f 5549 5554 5550
f 5550 5555 5556
f 5550 5556 5551
f 5551 5557 5558
f 5551 5558 5552
f 5549 5552 5559
f 5549 5559 5560
f 5561 5562 5563
f 5561 5563 5564
f 5561 5565 5566
f 5561 5566 5562
f 5559 5563 5562
f 5559 5562 5560
f 5563 5567 5568
f 5563 5568 5564
f 5561 5564 5569
f 5561 5569 5570
f 5571 5572 5573
f 5571 5573 5574
f 5571 5575 5576
f 5571 5576 5572
f 5572 5577 5578
f 5572 5578 5573
f 5573 5579 5580
f 5573 5580 5574
f 5571 5574 5581
f 5571 5581 5582
f 5583 5584 5585
f 5583 5585 5586
f 5583 5587 5588
f 5583 5588 5584
f 5584 5589 5590
f 5584 5590 5585
f 5585 5591 5592
f 5585 5592 5586
f 5583 5586 5593
f 5583 5593 5594
f 5595 5596 5597
f 5595 5597 5598
f 5595 5599 5600
f 5595 5600 5596
f 5596 5601 5602
f 5596 5602 5597
f 5593 5598 5597
f 5593 5597 5594
f 5595 5598 5603
f 5595 5603 5604
f 5523 5605 5606
f 5523 5606 5524
f 5523 5600 5599
f 5523 5599 5605
f 5605 5607 5608
f 5605 5608 5606
f 5524 5606 5609
f 5524 5609 5610
f 5535 5611 5612
f 5535 5612 5536
f 5535 5613 5614
f 5535 5614 5611
f 5611 5615 5616
f 5611 5616 5612
f 5536 5612 5617
f 5536 5617 5618
f 5545 5619 5620
f 5545 5620 5546
f 5545 5618 5617
f 5545 5617 5619
f 5619 5621 5622
f 5619 5622 5620
f 5546 5620 5623
f 5546 5623 5624
f 5557 5625 5626
f 5557 5626 5558
f 5557 5627 5628
f 5557 5628 5625
f 5625 5629 5630
f 5625 5630 5626
f 5558 5626 5631
f 5558 5631 5632
f 5567 5633 5634
f 5567 5634 5568
f 5567 5632 5631
f 5567 5631 5633
f 5633 5635 5636
f 5633 5636 5634
f 5568 5634 5637
f 5568 5637 5638
f 5579 5639 5640
f 5579 5640 5580
f 5579 5641 5642
f 5579 5642 5639
f 5639 5643 5644
f 5639 5644 5640
f 5580 5640 5645
f 5580 5645 5646
f 5607 5647 5648
f 5607 5648 5608
f 5607 5649 5650
f 5607 5650 5647
f 5469 5648 5647
f 5469 5647 5476
f 5608 5648 5651
f 5608 5651 5652
f 5615 5653 5654
f 5615 5654 5616
f 5615 5655 5651
f 5615 5651 5653
f 5468 5475 5654
f 5468 5654 5653
f 5616 5654 5656
f 5616 5656 5657
f 5621 5658 5659
f 5621 5659 5622
f 5621 5657 5656
f 5621 5656 5658
f 5471 5480 5659
f 5471 5659 5658
f 5622 5659 5660
f 5622 5660 5661
f 5503 5630 5629
f 5503 5629 5504
f 5504 5629 5662
f 5504 5662 5660
f 5503 5663 5664
f 5503 5664 5630
f 5635 5665 5666
f 5635 5666 5636
f 5635 5664 5663
f 5635 5663 5665
f 5466 5479 5666
f 5466 5666 5665
f 5636 5666 5667
f 5636 5667 5668
f 5509 5669 5670
f 5509 5670 5510
f 5509 5671 5672
f 5509 5672 5669
f 5669 5673 5674
f 5669 5674 5670
f 5473 5510 5670
f 5473 5670 5474
f 5603 5675 5676
f 5603 5676 5604
f 5603 5677 5675
f 5481 5676 5675
f 5481 5675 5482
f 5604 5676 5650
f 5604 5650 5649
f 5465 5592 5591
f 5465 5591 5678
f 5429 5465 5678
f 5429 5678 5459
f 5444 5483 5592
f 5444 5592 5465
f 5591 5679 5680
f 5591 5680 5678
f 5446 5479 5466
f 5452 5480 5471
f 5451 5472 5475
f 5679 5681 5682
f 5679 5682 5680
f 5681 5683 5684
f 5681 5684 5682
f 5455 5460 5680
f 5455 5680 5682
f 5590 5685 5681
f 5590 5681 5679
f 5683 5686 5687
f 5683 5687 5684
f 5686 5688 5689
f 5686 5689 5687
f 5453 5456 5684
f 5453 5684 5687
f 5683 5690 5691
f 5683 5691 5686
f 5602 5692 5693
f 5587 5693 5692
f 5587 5692 5694
f 5594 5597 5602
f 5594 5602 5693
f 5601 5695 5692
f 5601 5692 5602
f 5445 5481 5482
f 5483 5482 5675
f 5483 5675 5677
f 5671 5696 5697
f 5671 5697 5672
f 5645 5672 5697
f 5645 5697 5646
f 5514 5698 5696
f 5514 5696 5671
f 5697 5696 5699
f 5697 5699 5700
f 5643 5701 5702
f 5643 5702 5644
f 5643 5703 5667
f 5643 5667 5701
f 5464 5702 5701
f 5464 5701 5478
f 5644 5702 5674
f 5644 5674 5673
f 5577 5704 5705
f 5577 5705 5578
f 5578 5705 5706
f 5578 5706 5641
f 5577 5707 5708
f 5577 5708 5704
f 5705 5704 5709
f 5705 5709 5710
f 5569 5710 5709
f 5569 5709 5570
f 5569 5638 5711
f 5569 5711 5710
f 5570 5709 5712
f 5570 5712 5713
f 5641 5706 5714
f 5641 5714 5642
f 5642 5714 5715
f 5642 5715 5703
f 5706 5711 5716
f 5706 5716 5714
f 5637 5716 5711
f 5637 5711 5638
f 5637 5668 5715
f 5637 5715 5716
f 5555 5717 5718
f 5555 5718 5556
f 5556 5718 5719
f 5556 5719 5627
f 5555 5720 5721
f 5555 5721 5717
f 5718 5717 5722
f 5718 5722 5723
f 5547 5723 5722
f 5547 5722 5548
f 5547 5624 5724
f 5547 5724 5723
f 5548 5722 5725
f 5548 5725 5726
f 5627 5719 5727
f 5627 5727 5628
f 5628 5727 5728
f 5628 5728 5662
f 5719 5724 5729
f 5719 5729 5727
f 5623 5729 5724
f 5623 5724 5624
f 5623 5661 5728
f 5623 5728 5729
f 5533 5730 5731
f 5533 5731 5534
f 5534 5731 5732
f 5534 5732 5613
f 5533 5733 5734
f 5533 5734 5730
f 5731 5730 5735
f 5731 5735 5736
f 5525 5736 5735
f 5525 5735 5526
f 5525 5610 5737
f 5525 5737 5736
f 5526 5735 5738
f 5526 5738 5739
f 5613 5732 5740
f 5613 5740 5614
f 5614 5740 5741
f 5614 5741 5655
f 5732 5737 5742
f 5732 5742 5740
f 5609 5742 5737
f 5609 5737 5610
f 5609 5652 5741
f 5609 5741 5742
f 5667 5715 5668
f 5667 5703 5715
f 5660 5728 5661
f 5660 5662 5728
f 5651 5741 5652
f 5651 5655 5741
f 5455 5682 5684
f 5455 5684 5456
f 5459 5678 5680
f 5459 5680 5460
f 5743 5744 5745
f 5743 5745 5746
f 5743 5747 5748
f 5743 5748 5744
f 5685 5745 5744
f 5685 5744 5690
f 5589 5749 5746
f 5589 5746 5745
f 5743 5746 5750
f 5751 5752 5753
f 5751 5753 5754
f 5751 5755 5756
f 5751 5756 5752
f 5752 5757 5758
f 5752 5758 5753
f 5753 5759 5760
f 5753 5760 5754
f 5751 5754 5761
f 5751 5761 5762
f 5575 5756 5755
f 5575 5755 5763
f 5582 5757 5752
f 5582 5752 5756
f 5751 5762 5764
f 5751 5764 5755
f 5755 5764 5765
f 5755 5765 5763
f 5575 5763 5766
f 5575 5766 5576
f 5571 5582 5756
f 5571 5756 5575
f 5576 5766 5767
f 5576 5767 5707
f 5707 5767 5768
f 5707 5768 5708
f 5572 5576 5707
f 5572 5707 5577
f 5766 5769 5770
f 5766 5770 5767
f 5708 5768 5771
f 5708 5771 5712
f 5712 5771 5772
f 5712 5772 5713
f 5704 5708 5712
f 5704 5712 5709
f 5768 5773 5774
f 5768 5774 5771
f 5565 5713 5772
f 5565 5772 5775
f 5565 5775 5776
f 5565 5776 5566
f 5561 5570 5713
f 5561 5713 5565
f 5772 5777 5778
f 5772 5778 5775
f 5566 5776 5779
f 5566 5779 5780
f 5553 5780 5779
f 5553 5779 5781
f 5560 5562 5566
f 5560 5566 5780
f 5776 5782 5783
f 5776 5783 5779
f 5779 5783 5784
f 5779 5784 5781
f 5553 5781 5785
f 5553 5785 5554
f 5549 5560 5780
f 5549 5780 5553
f 5554 5785 5786
f 5554 5786 5720
f 5720 5786 5787
f 5720 5787 5721
f 5550 5554 5720
f 5550 5720 5555
f 5785 5788 5789
f 5785 5789 5786
f 5721 5787 5790
f 5721 5790 5725
f 5725 5790 5791
f 5725 5791 5726
f 5717 5721 5725
f 5717 5725 5722
f 5787 5792 5793
f 5787 5793 5790
f 5543 5726 5791
f 5543 5791 5794
f 5543 5794 5795
f 5543 5795 5544
f 5539 5548 5726
f 5539 5726 5543
f 5791 5796 5797
f 5791 5797 5794
f 5544 5795 5798
f 5544 5798 5799
f 5531 5799 5798
f 5531 5798 5800
f 5538 5540 5544
f 5538 5544 5799
f 5795 5801 5802
f 5795 5802 5798
f 5798 5802 5803
f 5798 5803 5800
f 5531 5800 5804
f 5531 5804 5532
f 5527 5538 5799
f 5527 5799 5531
f 5532 5804 5805
f 5532 5805 5733
f 5733 5805 5806
f 5733 5806 5734
f 5528 5532 5733
f 5528 5733 5533
f 5804 5807 5808
f 5804 5808 5805
f 5734 5806 5809
f 5734 5809 5738
f 5738 5809 5810
f 5738 5810 5739
f 5730 5734 5738
f 5730 5738 5735
f 5806 5811 5812
f 5806 5812 5809
f 5519 5739 5810
f 5519 5810 5813
f 5519 5813 5814
f 5519 5814 5520
f 5515 5526 5739
f 5515 5739 5519
f 5810 5815 5816
f 5810 5816 5813
f 5520 5814 5817
f 5520 5817 5818
f 5817 5819 5820
f 5817 5820 5818
f 5516 5520 5818
f 5516 5818 5521
f 5814 5821 5822
f 5814 5822 5817
f 5817 5822 5823
f 5817 5823 5819
f 5819 5824 5825
f 5819 5825 5820
f 5521 5818 5820
f 5521 5820 5695
f 5588 5826 5749
f 5588 5749 5589
f 5584 5588 5589
f 5588 5694 5827
f 5588 5827 5826
f 5749 5826 5828
f 5694 5825 5824
f 5694 5824 5827
f 5692 5825 5694
f 5824 5829 5830
f 5824 5830 5827
f 5753 5758 5831
f 5753 5831 5759
f 5759 5832 5833
f 5759 5833 5760
f 5754 5760 5834
f 5754 5834 5761
f 5759 5831 5835
f 5759 5835 5832
f 5699 5836 5831
f 5699 5831 5758
f 5581 5700 5757
f 5581 5757 5582
f 5692 5695 5820
f 5692 5820 5825
f 5521 5695 5601
f 5521 5601 5522
f 5714 5716 5715
f 5479 5667 5666
f 5478 5701 5667
f 5478 5667 5479
f 5727 5729 5728
f 5480 5660 5659
f 5477 5504 5660
f 5477 5660 5480
f 5740 5742 5741
f 5469 5651 5648
f 5468 5653 5651
f 5468 5651 5469
f 5606 5608 5652
f 5606 5652 5609
f 5611 5614 5655
f 5611 5655 5615
f 5731 5736 5737
f 5731 5737 5732
f 5518 5524 5610
f 5518 5610 5525
f 5529 5534 5613
f 5529 5613 5535
f 5620 5622 5661
f 5620 5661 5623
f 5625 5628 5662
f 5625 5662 5629
f 5718 5723 5724
f 5718 5724 5719
f 5542 5546 5624
f 5542 5624 5547
f 5551 5556 5627
f 5551 5627 5557
f 5634 5636 5668
f 5634 5668 5637
f 5639 5642 5703
f 5639 5703 5643
f 5705 5710 5711
f 5705 5711 5706
f 5564 5568 5638
f 5564 5638 5569
f 5573 5578 5641
f 5573 5641 5579
f 5467 5663 5503
f 5467 5503 5470
f 5466 5665 5663
f 5466 5663 5467
f 5640 5644 5673
f 5640 5673 5645
f 5645 5673 5669
f 5645 5669 5672
f 5574 5580 5646
f 5574 5646 5581
f 5581 5646 5697
f 5581 5697 5700
f 5626 5630 5664
f 5626 5664 5631
f 5631 5664 5635
f 5631 5635 5633
f 5552 5558 5632
f 5552 5632 5559
f 5559 5632 5567
f 5559 5567 5563
f 5472 5656 5654
f 5472 5654 5475
f 5471 5658 5656
f 5471 5656 5472
f 5612 5616 5657
f 5612 5657 5617
f 5617 5657 5621
f 5617 5621 5619
f 5537 5618 5545
f 5537 5545 5541
f 5530 5536 5618
f 5530 5618 5537
f 5595 5604 5649
f 5595 5649 5599
f 5599 5649 5607
f 5599 5607 5605
f 5522 5601 5596
f 5522 5596 5600
f 5517 5522 5600
f 5517 5600 5523
f 5463 5674 5702
f 5463 5702 5464
f 5463 5474 5670
f 5463 5670 5674
f 5696 5698 5836
f 5696 5836 5699
f 5699 5758 5757
f 5699 5757 5700
f 5483 5677 5586
f 5483 5586 5592
f 5586 5677 5593
f 5593 5677 5603
f 5593 5603 5598
f 5583 5594 5693
f 5583 5693 5587
f 5508 5514 5671
f 5508 5671 5509
f 5681 5685 5690
f 5681 5690 5683
f 5698 5837 5838
f 5698 5838 5836
f 5585 5590 5679
f 5585 5679 5591
f 5481 5650 5676
f 5476 5647 5650
f 5476 5650 5481
f 5473 5506 5510
f 5746 5749 5839
f 5746 5839 5750
f 5589 5745 5685
f 5589 5685 5590
f 5747 5840 5841
f 5747 5841 5748
f 5690 5744 5748
f 5690 5748 5691
f 5743 5842 5843
f 5743 5843 5747
f 5763 5765 5769
f 5763 5769 5766
f 5767 5770 5773
f 5767 5773 5768
f 5771 5774 5777
f 5771 5777 5772
f 5775 5778 5782
f 5775 5782 5776
f 5781 5784 5788
f 5781 5788 5785
f 5786 5789 5792
f 5786 5792 5787
f 5790 5793 5796
f 5790 5796 5791
f 5794 5797 5801
f 5794 5801 5795
f 5800 5803 5807
f 5800 5807 5804
f 5805 5808 5811
f 5805 5811 5806
f 5809 5812 5815
f 5809 5815 5810
f 5813 5816 5821
f 5813 5821 5814
f 5819 5823 5829
f 5819 5829 5824
f 5826 5827 5830
f 5826 5830 5828
f 5587 5694 5588
f 5513 5837 5698
f 5513 5698 5514
f 5453 5687 5689
f 5453 5689 5454
f 5686 5691 5844
f 5686 5844 5688
f 5691 5748 5845
f 5691 5845 5844
f 5831 5836 5838
f 5831 5838 5835
f 5507 5512 5846
f 5507 5846 5513
f 5457 5511 5505
f 5457 5505 5458
f 5493 5847 5848
f 5847 5849 5848
f 5484 5493 5848
f 5484 5848 5488
f 5487 5492 5847
f 5487 5847 5493
f 5494 5850 5851
f 5494 5852 5850
f 5850 5853 5854
f 5850 5854 5851
f 5494 5851 5855
f 5494 5855 5498
f 5856 5857 5858
f 5856 5859 5857
f 5857 5860 5861
f 5857 5861 5858
f 5856 5858 5862
f 5856 5862 5863
f 5864 5865 5866
f 5864 5867 5865
f 5865 5868 5869
f 5865 5869 5866
f 5864 5866 5870
f 5864 5870 5871
f 5872 5873 5874
f 5872 5875 5873
f 5873 5876 5877
f 5873 5877 5874
f 5872 5874 5878
f 5872 5878 5879
f 5843 5842 5880
f 5843 5880 5881
f 5872 5881 5880
f 5872 5880 5882
f 5843 5881 5879
f 5843 5879 5883
f 5842 5884 5885
f 5842 5885 5880
f 5884 5886 5887
f 5884 5887 5885
f 5882 5885 5887
f 5882 5887 5888
f 5750 5889 5886
f 5750 5886 5884
f 5887 5886 5890
f 5887 5890 5891
f 5890 5892 5893
f 5890 5893 5891
f 5888 5891 5893
f 5888 5893 5894
f 5890 5895 5896
f 5890 5896 5892
f 5893 5892 5897
f 5893 5897 5898
f 5897 5899 5900
f 5897 5900 5898
f 5894 5898 5900
f 5894 5900 5901
f 5897 5902 5903
f 5897 5903 5899
f 5900 5899 5904
f 5900 5904 5905
f 5904 5906 5907
f 5904 5907 5905
f 5901 5905 5907
f 5901 5907 5908
f 5904 5909 5910
f 5904 5910 5906
f 5907 5906 5911
f 5907 5911 5912
f 5911 5913 5914
f 5911 5914 5912
f 5908 5912 5914
f 5908 5914 5915
f 5486 5913 5911
f 5486 5911 5491
f 5914 5913 5916
f 5914 5916 5917
f 5916 5918 5919
f 5916 5919 5917
f 5915 5917 5919
f 5915 5919 5920
f 5490 5921 5918
f 5490 5918 5916
f 5919 5918 5922
f 5919 5922 5923
f 5922 5924 5925
f 5922 5925 5923
f 5875 5920 5923
f 5875 5923 5925
f 5922 5926 5927
f 5922 5927 5924
f 5925 5924 5928
f 5925 5928 5929
f 5928 5930 5931
f 5928 5931 5929
f 5873 5875 5929
f 5873 5929 5931
f 5928 5932 5933
f 5928 5933 5930
f 5876 5931 5930
f 5876 5930 5934
f 5876 5934 5935
f 5876 5935 5877
f 5934 5936 5937
f 5934 5937 5935
f 5877 5935 5938
f 5877 5938 5878
f 5878 5938 5883
f 5878 5883 5879
f 5840 5883 5938
f 5840 5938 5939
f 5774 5940 5941
f 5774 5941 5777
f 5848 5849 5941
f 5848 5941 5940
f 5777 5941 5942
f 5777 5942 5778
f 5488 5940 5774
f 5488 5774 5489
f 5485 5489 5943
f 5485 5943 5490
f 5492 5491 5944
f 5492 5944 5945
f 5944 5946 5947
f 5944 5947 5945
f 5847 5945 5947
f 5847 5947 5948
f 5944 5949 5950
f 5944 5950 5946
f 5792 5951 5947
f 5792 5947 5946
f 5789 5952 5951
f 5789 5951 5792
f 5948 5951 5952
f 5948 5952 5953
f 5789 5788 5954
f 5789 5954 5952
f 5784 5955 5954
f 5784 5954 5788
f 5953 5954 5955
f 5953 5955 5956
f 5783 5957 5955
f 5783 5955 5784
f 5778 5942 5958
f 5778 5958 5782
f 5849 5959 5958
f 5849 5958 5942
f 5782 5958 5957
f 5782 5957 5783
f 5761 5834 5960
f 5761 5960 5961
f 5850 5852 5961
f 5850 5961 5960
f 5761 5961 5962
f 5761 5962 5762
f 5834 5963 5853
f 5834 5853 5960
f 5853 5963 5964
f 5853 5964 5854
f 5932 5964 5963
f 5932 5963 5965
f 5854 5964 5927
f 5854 5927 5855
f 5498 5855 5927
f 5498 5927 5926
f 5495 5498 5926
f 5495 5926 5499
f 5499 5921 5943
f 5499 5943 5500
f 5496 5500 5773
f 5496 5773 5501
f 5501 5773 5770
f 5501 5770 5966
f 5497 5501 5966
f 5497 5966 5502
f 5770 5769 5967
f 5770 5967 5966
f 5765 5968 5967
f 5765 5967 5769
f 5502 5967 5968
f 5502 5968 5969
f 5764 5970 5968
f 5764 5968 5765
f 5793 5971 5972
f 5793 5972 5796
f 5857 5859 5972
f 5857 5972 5971
f 5796 5972 5973
f 5796 5973 5797
f 5793 5974 5860
f 5793 5860 5971
f 5860 5974 5975
f 5860 5975 5861
f 5950 5976 5975
f 5950 5975 5974
f 5861 5975 5977
f 5861 5977 5862
f 5862 5977 5978
f 5862 5978 5863
f 5909 5978 5977
f 5909 5977 5979
f 5863 5978 5980
f 5863 5980 5981
f 5980 5982 5983
f 5980 5983 5981
f 5856 5981 5983
f 5856 5983 5984
f 5903 5985 5982
f 5903 5982 5980
f 5811 5986 5983
f 5811 5983 5982
f 5808 5987 5986
f 5808 5986 5811
f 5984 5986 5987
f 5984 5987 5988
f 5808 5807 5989
f 5808 5989 5987
f 5803 5990 5989
f 5803 5989 5807
f 5988 5989 5990
f 5988 5990 5991
f 5802 5992 5990
f 5802 5990 5803
f 5797 5973 5993
f 5797 5993 5801
f 5859 5994 5993
f 5859 5993 5973
f 5801 5993 5992
f 5801 5992 5802
f 5812 5995 5996
f 5812 5996 5815
f 5865 5867 5996
f 5865 5996 5995
f 5815 5996 5997
f 5815 5997 5816
f 5812 5998 5868
f 5812 5868 5995
f 5868 5998 5999
f 5868 5999 5869
f 5902 5999 5998
f 5902 5998 5985
f 5869 5999 5896
f 5869 5896 5870
f 5870 5896 5895
f 5870 5895 5871
f 5871 5895 6000
f 5871 6000 6001
f 6000 6002 6003
f 6000 6003 6001
f 5864 6001 6003
f 5864 6003 6004
f 5839 6002 6000
f 5839 6000 5889
f 5828 6005 6003
f 5828 6003 6002
f 5828 5830 6006
f 5828 6006 6005
f 6004 6005 6006
f 6004 6006 6007
f 5830 5829 6008
f 5830 6008 6006
f 5823 6009 6008
f 5823 6008 5829
f 6007 6008 6009
f 6007 6009 6010
f 5822 6011 6009
f 5822 6009 5823
f 5816 5997 6012
f 5816 6012 5821
f 5867 6013 6012
f 5867 6012 5997
f 5821 6012 6011
f 5821 6011 5822
f 6011 6012 6013
f 6009 6011 6013
f 6009 6013 6010
f 5864 6010 6013
f 6006 6008 6007
f 6003 6005 6004
f 5864 5871 6001
f 5866 5869 5870
f 5867 5997 5996
f 5865 5995 5868
f 5992 5993 5994
f 5991 5992 5994
f 5990 5992 5991
f 5987 5989 5988
f 5983 5986 5984
f 5856 5863 5981
f 5858 5861 5862
f 5859 5973 5972
f 5857 5971 5860
f 5962 6014 5969
f 5962 5969 5970
f 5852 6014 5962
f 5852 5962 5961
f 5494 5969 6014
f 5968 5970 5969
f 5762 5962 5970
f 5762 5970 5764
f 5502 5966 5967
f 5851 5854 5855
f 5494 6014 5852
f 5850 5960 5853
f 5957 5958 5959
f 5955 5957 5959
f 5955 5959 5956
f 5847 5956 5959
f 5952 5954 5953
f 5947 5951 5948
f 5492 5945 5847
f 5849 5942 5941
f 5488 5848 5940
f 5874 5877 5878
f 5873 5931 5876
f 5875 5925 5929
f 5919 5923 5920
f 5914 5917 5915
f 5907 5912 5908
f 5900 5905 5901
f 5893 5898 5894
f 5887 5891 5888
f 5872 5879 5881
f 5880 5885 5882
f 5749 5828 6002
f 5886 6000 5895
f 5896 5999 5902
f 5811 5998 5812
f 5811 5982 5985
f 5899 5980 5978
f 5975 5976 5979
f 5975 5979 5977
f 5792 5974 5793
f 5500 5943 5773
f 5499 5926 5918
f 5924 5927 5964
f 5760 5965 5963
f 5760 5963 5834
f 5792 5946 5950
f 5491 5910 5949
f 5491 5949 5944
f 5489 5774 5773
f 5489 5773 5943
f 5935 5937 5939
f 5935 5939 5938
f 5930 5933 5936
f 5930 5936 5934
f 5924 5964 5928
f 5918 5926 5922
f 5490 5916 5913
f 5491 5911 5906
f 5491 5906 5910
f 5899 5909 5904
f 5892 5902 5897
f 5886 5895 5890
f 5747 5843 5883
f 5747 5883 5840
f 5743 5750 5884
f 5743 5884 5842
f 5872 5882 5888
f 5872 5888 5894
f 5872 5894 5901
f 5872 5901 5908
f 5872 5908 5915
f 5872 5915 5920
f 5872 5920 5875
f 5864 6004 6007
f 5864 6007 6010
f 5864 6013 5867
f 5856 5984 5988
f 5856 5988 5991
f 5856 5991 5994
f 5856 5994 5859
f 5494 5502 5969
f 5847 5948 5953
f 5847 5953 5956
f 5847 5959 5849
f 5902 5985 5903
f 5909 5979 5910
f 5910 5979 5976
f 5910 5976 5949
f 5490 5943 5921
f 5932 5965 6015
f 5932 6015 5933
f 5760 5833 6015
f 5760 6015 5965
f 5933 6015 6016
f 5933 6016 5936
f 5750 5839 5889
f 5949 5976 5950
f 5936 6016 5937
f 5937 6016 6017
f 5937 6017 6018
f 5749 6002 5839
f 5892 5896 5902
f 5899 5978 5909
f 5486 5490 5913
f 5937 6018 5939
f 5833 6017 6016
f 5833 6016 6015
f 5832 6019 6017
f 5832 6017 5833
f 5792 5950 5974
f 5886 5889 6000
f 5928 5964 5932
f 5499 5918 5921
f 5811 5985 5998
f 5899 5903 5980
f 5841 5840 5939
f 5841 5939 6020
f 6017 6019 6021
f 6017 6021 6018
f 5939 6018 6021
f 5939 6021 6020
f 5513 5846 6022
f 5513 6022 5837
f 5835 5838 6023
f 5835 6023 6019
f 5689 5688 6024
f 5689 6024 6025
f 6024 6026 6027
f 6024 6027 6025
f 5454 5689 6025
f 5454 6025 5461
f 5688 5844 6028
f 5688 6028 6024
f 5841 6020 6029
f 6020 6021 6030
f 6020 6030 6029
f 5841 6029 6031
f 5841 6031 5845
f 5844 5845 6031
f 5844 6031 6028
f 6028 6031 6032
f 6028 6032 6033
f 5511 6027 6026
f 5511 6026 5512
f 5512 6026 6033
f 5512 6033 5846
f 5457 5462 6027
f 5457 6027 5511
f 6019 6023 6030
f 6019 6030 6021
f 6022 6032 6030
f 6022 6030 6023
f 5846 6033 6032
f 5846 6032 6022
f 5748 5841 5845
f 5832 5835 6019
f 5837 6022 6023
f 5837 6023 5838
f 6029 6030 6032
f 6029 6032 6031
f 6024 6028 6033
f 6024 6033 6026
f 5461 6025 6027
f 5461 6027 5462
f 6034 6035 6036
f 6034 6036 6037
f 6038 6039 6040
f 6038 6040 6041
f 6042 6043 6044
f 6042 6044 6045
f 6046 6047 6048
f 6046 6048 6049
f 6050 6051 6052
f 6050 6052 6053
f 6054 6055 6056
f 6054 6056 6057
f 6058 6059 6060
f 6058 6060 6061
f 6057 6056 6062
f 6057 6062 6063
f 6051 6058 6061
f 6051 6061 6052
f 6050 6053 6055
f 6050 6055 6054
f 6064 6063 6062
f 6064 6062 6065
f 6066 6067 6048
f 6066 6048 6047
f 6045 6044 6068
f 6045 6068 6069
f 6042 6064 6065
f 6042 6065 6070
f 6071 6069 6068
f 6071 6068 6072
f 6041 6040 6067
f 6041 6067 6066
f 6037 6036 6039
f 6037 6039 6038
f 6034 6071 6072
f 6034 6072 6035
f 6073 6046 6049
f 6073 6049 6074
f 6073 6074 6075
f 6076 6077 6078
f 6076 6078 6079
f 6080 6079 6078
f 6080 6078 6081
f 6059 6080 6081
f 6059 6081 6060
f 6075 6074 6077
f 6075 6077 6076
f 6061 6060 6082
f 6061 6082 6083
f 6052 6061 6083
f 6052 6083 6084
f 6060 6081 6085
f 6060 6085 6082
f 6083 6082 6086
f 6083 6086 6087
f 6086 6088 6089
f 6086 6089 6087
f 6086 6090 6091
f 6086 6091 6088
f 6088 6092 6093
f 6088 6093 6089
f 6087 6089 6094
f 6087 6094 6095
f 6096 6097 6098
f 6096 6098 6099
f 6096 6100 6101
f 6096 6101 6097
f 6097 6102 6103
f 6097 6103 6098
f 6098 6104 6105
f 6098 6105 6099
f 6096 6099 6106
f 6096 6106 6107
f 6108 6109 237
f 6104 6109 6108
f 6104 6108 6110
f 6109 6111 227
f 6109 227 237
f 6108 237 238
f 6108 238 229
f 6105 6110 232
f 6108 229 232
f 6108 232 6110
f 6105 232 246
f 6104 6110 6105
f 6092 226 225
f 6092 225 6093
f 6093 225 228
f 6093 228 6112
f 207 226 6092
f 207 6092 6113
f 6052 6084 6114
f 6052 6114 6053
f 6053 6114 6101
f 6053 6101 6055
f 6084 6095 6102
f 6084 6102 6114
f 6094 6103 6102
f 6094 6102 6095
f 6094 6112 6111
f 6094 6111 6103
f 6111 6112 228
f 6111 228 227
f 6088 6091 6113
f 6088 6113 6092
f 6091 6115 6116
f 6091 6116 6113
f 6098 6103 6111
f 6098 6111 6104
f 6104 6111 6109
f 6089 6093 6112
f 6089 6112 6094
f 6097 6101 6114
f 6097 6114 6102
f 6083 6087 6095
f 6083 6095 6084
f 6082 6085 6090
f 6082 6090 6086
f 6085 6117 6118
f 6085 6118 6090
f 6096 6107 6119
f 6096 6119 6100
f 6055 6101 6100
f 207 6113 6116
f 207 6116 247
f 6055 6100 6119
f 6055 6119 6056
f 6090 6118 6115
f 6090 6115 6091
f 6099 6105 246
f 6099 246 6106
f 6078 6120 6117
f 6078 6117 6081
f 6081 6117 6085
f 6078 6077 6121
f 6078 6121 6120
f 6117 6120 6122
f 6117 6122 6118
f 6116 6123 248
f 6116 248 247
f 6116 6115 6124
f 6116 6124 6123
f 6123 6125 255
f 6123 255 248
f 6115 6118 6122
f 6115 6122 6124
f 6122 6126 6127
f 6122 6127 6124
f 6074 6128 6121
f 6074 6121 6077
f 6049 6128 6074
f 6121 6128 6129
f 6121 6129 6126
f 251 254 6130
f 251 6130 6131
f 254 285 6132
f 254 6132 6130
f 6130 6133 6134
f 6130 6134 6131
f 251 6131 6135
f 251 6135 289
f 6125 6136 256
f 6125 256 255
f 6136 6137 288
f 6136 288 256
f 6125 6127 6138
f 6125 6138 6136
f 6126 6129 6138
f 6126 6138 6127
f 6129 6139 6140
f 6129 6140 6138
f 6133 6141 6142
f 6133 6142 6134
f 6134 6142 6143
f 6134 6143 6144
f 6133 6145 6146
f 6133 6146 6141
f 6142 6141 6147
f 6142 6147 6148
f 6048 6149 6128
f 6048 6128 6049
f 6048 6067 6150
f 6048 6150 6149
f 6128 6149 6139
f 6128 6139 6129
f 6151 259 262
f 6151 262 6152
f 6151 6153 283
f 6151 283 259
f 6135 6152 262
f 6135 262 289
f 6151 6152 6154
f 6151 6154 6155
f 6154 6156 6157
f 6154 6157 6155
f 6155 6157 6158
f 6155 6158 6159
f 6143 6156 6154
f 6143 6154 6144
f 6157 6156 6160
f 6157 6160 6161
f 6035 6072 6161
f 6035 6161 6160
f 6068 6162 6161
f 6068 6161 6072
f 6035 6160 6163
f 6035 6163 6036
f 263 266 6164
f 263 6164 6165
f 6153 6164 266
f 6153 266 283
f 6164 6166 6167
f 6164 6167 6165
f 263 6165 279
f 263 279 292
f 6166 6168 6169
f 6166 6169 6167
f 6168 6170 6171
f 6168 6171 6169
f 6167 6169 6172
f 6167 6172 6173
f 6158 6168 6166
f 6158 6166 6159
f 6043 6171 6170
f 6043 6170 6044
f 6043 6070 6174
f 6043 6174 6171
f 6044 6170 6162
f 6044 6162 6068
f 6175 6176 6177
f 6175 6177 6178
f 6175 267 273
f 6175 273 6176
f 6172 6177 6176
f 6172 6176 6179
f 6174 6180 6178
f 6174 6178 6177
f 6175 6178 6181
f 6175 6181 6182
f 6065 6180 6174
f 6065 6174 6070
f 6062 6183 6180
f 6062 6180 6065
f 6056 6119 6184
f 6056 6184 6062
f 6062 6184 6183
f 6183 6184 6185
f 6183 6185 6186
f 6185 6187 6188
f 6185 6188 6186
f 6187 278 271
f 6187 271 6188
f 6181 6186 6188
f 6181 6188 6182
f 6106 6187 6185
f 6106 6185 6107
f 6172 6179 6173
f 6173 6179 276
f 6173 276 280
f 6039 6148 6147
f 6039 6147 6040
f 6040 6147 6150
f 6040 6150 6067
f 6036 6163 6148
f 6036 6148 6039
f 6175 6182 268
f 6175 268 267
f 6182 6188 271
f 6182 271 268
f 6178 6180 6181
f 6180 6183 6186
f 6180 6186 6181
f 6107 6185 6184
f 6107 6184 6119
f 6123 6124 6127
f 6123 6127 6125
f 6106 246 278
f 6106 278 6187
f 6042 6070 6043
f 6171 6174 6177
f 6171 6177 6172
f 6169 6171 6172
f 6176 273 276
f 6176 276 6179
f 279 6173 280
f 6165 6167 6173
f 6165 6173 279
f 6158 6162 6170
f 6158 6170 6168
f 6157 6161 6162
f 6157 6162 6158
f 6153 6159 6166
f 6153 6166 6164
f 6151 6155 6159
f 6151 6159 6153
f 6143 6163 6160
f 6143 6160 6156
f 6135 6144 6154
f 6135 6154 6152
f 6141 6146 6150
f 6141 6150 6147
f 6139 6149 6150
f 6139 6150 6146
f 6139 6146 6145
f 6139 6145 6140
f 6130 6132 6145
f 6130 6145 6133
f 6132 6137 6140
f 6132 6140 6145
f 285 288 6137
f 285 6137 6132
f 6136 6138 6140
f 6136 6140 6137
f 6120 6121 6126
f 6120 6126 6122
f 6142 6148 6163
f 6142 6163 6143
f 6131 6134 6144
f 6131 6144 6135
f 6189 6190 6191
f 6189 6191 6192
f 6189 6193 6194
f 6189 6194 6190
f 6190 6195 6196
f 6190 6196 6191
f 6191 6197 6198
f 6191 6198 6192
f 6189 6192 6199
f 6189 6199 6200
f 6199 6201 6202
f 6199 6202 6200
f 6200 6202 6203
f 6200 6203 6204
f 6199 6205 6206
f 6199 6206 6201
f 6202 6201 6207
f 6202 6207 6208
f 6073 6209 6210
f 6207 6209 6073
f 6207 6073 6075
f 6206 6211 6210
f 6206 6210 6209
f 6073 6210 6212
f 6073 6212 6046
f 6205 6213 6211
f 6205 6211 6206
f 6198 6214 6213
f 6198 6213 6205
f 6211 6213 6215
f 6211 6215 6216
f 6197 6217 6214
f 6197 6214 6198
f 6214 6217 6218
f 6214 6218 6219
f 6197 6220 6221
f 6197 6221 6217
f 6034 6037 6222
f 6037 6038 6223
f 6037 6223 6222
f 6034 6222 6224
f 6034 6224 6071
f 6038 6041 6225
f 6038 6225 6223
f 6041 6066 6226
f 6041 6226 6225
f 6223 6225 6227
f 6223 6227 6228
f 6227 6229 6230
f 6227 6230 6228
f 6228 6230 6231
f 6228 6231 6232
f 6227 6233 6234
f 6227 6234 6229
f 6230 6229 6235
f 6230 6235 6236
f 6235 6237 6238
f 6235 6238 6236
f 6236 6238 6239
f 6236 6239 6240
f 6235 6241 6242
f 6235 6242 6237
f 6238 6237 6243
f 6238 6243 6244
f 6239 6245 6246
f 6239 6246 6240
f 6245 6247 6248
f 6245 6248 6246
f 6231 6240 6246
f 6231 6246 6249
f 6239 6250 6251
f 6239 6251 6245
f 6252 6042 6045
f 6252 6045 6253
f 6252 6254 6064
f 6252 6064 6042
f 6045 6069 6255
f 6045 6255 6253
f 6252 6253 6256
f 6252 6256 6257
f 6256 6258 6259
f 6256 6259 6257
f 6257 6259 6260
f 6257 6260 6261
f 6249 6258 6256
f 6249 6256 6262
f 6248 6263 6259
f 6248 6259 6258
f 6247 6264 6263
f 6247 6263 6248
f 6263 6264 6265
f 6263 6265 6266
f 6247 6267 6268
f 6247 6268 6264
f 6212 6269 6047
f 6212 6047 6046
f 6066 6047 6269
f 6066 6269 6226
f 6212 6216 6270
f 6212 6270 6269
f 6215 6271 6270
f 6215 6270 6216
f 6233 6270 6271
f 6233 6271 6234
f 6215 6219 6272
f 6215 6272 6271
f 6218 6273 6272
f 6218 6272 6219
f 6241 6272 6273
f 6241 6273 6242
f 6218 6274 6275
f 6218 6275 6273
f 6231 6249 6262
f 6231 6262 6232
f 6222 6232 6262
f 6222 6262 6224
f 6276 6277 6278
f 6276 6278 6279
f 6276 6280 6281
f 6276 6281 6277
f 6277 6282 6283
f 6277 6283 6278
f 6278 6284 6285
f 6278 6285 6279
f 6276 6279 6286
f 6276 6286 6287
f 6280 6288 6289
f 6280 6289 6281
f 6281 6289 6290
f 6281 6290 6291
f 6280 6292 6293
f 6280 6293 6288
f 6289 6288 6294
f 6289 6294 6295
f 6294 6051 6050
f 6294 6050 6295
f 6295 6050 6054
f 6294 6296 6058
f 6294 6058 6051
f 6295 6054 6057
f 6295 6057 6297
f 6057 6063 6298
f 6057 6298 6297
f 6289 6295 6297
f 6289 6297 6290
f 6286 6299 6300
f 6286 6300 6287
f 6286 6301 6302
f 6286 6302 6299
f 6299 6303 6304
f 6299 6304 6300
f 6287 6300 6305
f 6287 6305 6292
f 6292 6305 6306
f 6292 6306 6293
f 6305 6307 6308
f 6305 6308 6306
f 6293 6306 6309
f 6293 6309 6296
f 6296 6309 6059
f 6296 6059 6058
f 6309 6310 6080
f 6309 6080 6059
f 6193 6304 6303
f 6193 6303 6194
f 6193 6204 6307
f 6193 6307 6304
f 6194 6303 6311
f 6194 6311 6312
f 6300 6304 6307
f 6300 6307 6305
f 6189 6200 6204
f 6189 6204 6193
f 6288 6293 6296
f 6288 6296 6294
f 6306 6308 6310
f 6306 6310 6309
f 6203 6313 6310
f 6203 6310 6308
f 6299 6302 6311
f 6299 6311 6303
f 6276 6287 6292
f 6276 6292 6280
f 6290 6297 6298
f 6254 6261 6290
f 6254 6290 6298
f 6277 6281 6291
f 6277 6291 6282
f 6260 6266 6282
f 6260 6282 6291
f 6278 6283 6314
f 6278 6314 6284
f 6265 6315 6314
f 6265 6314 6283
f 6279 6285 6301
f 6279 6301 6286
f 6265 6283 6282
f 6265 6282 6266
f 6264 6268 6315
f 6264 6315 6265
f 6245 6251 6267
f 6245 6267 6247
f 6260 6291 6290
f 6260 6290 6261
f 6259 6263 6266
f 6259 6266 6260
f 6254 6298 6063
f 6254 6063 6064
f 6252 6257 6261
f 6252 6261 6254
f 6229 6234 6241
f 6229 6241 6235
f 6234 6271 6272
f 6234 6272 6241
f 6225 6226 6233
f 6225 6233 6227
f 6226 6269 6270
f 6226 6270 6233
f 6242 6273 6275
f 6242 6275 6316
f 6237 6242 6316
f 6237 6316 6243
f 6213 6214 6219
f 6213 6219 6215
f 6210 6211 6216
f 6210 6216 6212
f 6246 6248 6258
f 6246 6258 6249
f 6224 6262 6256
f 6224 6256 6255
f 6253 6255 6256
f 6224 6255 6069
f 6224 6069 6071
f 6230 6236 6240
f 6230 6240 6231
f 6238 6244 6250
f 6238 6250 6239
f 6222 6223 6228
f 6222 6228 6232
f 6217 6221 6274
f 6217 6274 6218
f 6192 6198 6205
f 6192 6205 6199
f 6201 6206 6209
f 6201 6209 6207
f 6202 6208 6313
f 6202 6313 6203
f 6208 6076 6079
f 6208 6079 6313
f 6191 6196 6220
f 6191 6220 6197
f 6190 6194 6312
f 6190 6312 6195
f 6203 6308 6307
f 6203 6307 6204
f 6310 6313 6079
f 6310 6079 6080
f 6207 6075 6076
f 6207 6076 6208
f 6302 6317 6318
f 6302 6318 6311
f 6284 6314 6319
f 6284 6319 6320
f 6285 6321 6322
f 6285 6322 6301
f 6314 6315 6323
f 6314 6323 6319
f 6267 6324 6325
f 6267 6325 6268
f 6275 6326 6316
f 6251 6327 6324
f 6251 6324 6267
f 6244 6328 6329
f 6244 6329 6250
f 6243 6316 6330
f 6243 6330 6331
f 6221 6332 6333
f 6221 6333 6274
f 6196 6334 6335
f 6196 6335 6220
f 6195 6312 6336
f 6195 6336 6337
f 6284 6320 6321
f 6284 6321 6285
f 6268 6325 6323
f 6268 6323 6315
f 6250 6329 6327
f 6250 6327 6251
f 6243 6331 6328
f 6243 6328 6244
f 6302 6301 6317
f 6312 6311 6318
f 6312 6318 6336
f 6196 6195 6337
f 6196 6337 6334
f 6221 6220 6335
f 6221 6335 6332
f 6275 6274 6333
f 6275 6333 6326
f 6338 6339 6340
f 6338 6340 6341
f 6338 6342 6343
f 6338 6343 6339
f 6339 6344 6345
f 6339 6345 6340
f 6340 6346 6347
f 6340 6347 6341
f 6338 6341 6348
f 6338 6348 6349
f 6348 6350 6351
f 6348 6351 6349
f 6349 6351 6352
f 6348 6353 6354
f 6348 6354 6350
f 6351 6350 6355
f 6351 6355 6356
f 6320 6356 6355
f 6320 6355 6321
f 6321 6355 6357
f 6321 6357 6322
f 6320 6319 6358
f 6320 6358 6356
f 6342 6359 6360
f 6342 6360 6343
f 6343 6360 6361
f 6343 6361 6362
f 6342 6352 6363
f 6342 6363 6359
f 6360 6359 6364
f 6360 6364 6365
f 6340 6345 6366
f 6340 6366 6346
f 6346 6366 6367
f 6346 6367 6368
f 6350 6354 6357
f 6350 6357 6355
f 6354 6369 6370
f 6354 6370 6357
f 6338 6349 6352
f 6338 6352 6342
f 6341 6347 6353
f 6341 6353 6348
f 6347 6371 6372
f 6347 6372 6353
f 6339 6343 6362
f 6339 6362 6344
f 6322 6357 6370
f 6322 6370 6373
f 6353 6369 6354
f 6351 6374 6363
f 6351 6363 6352
f 6351 6356 6358
f 6351 6358 6374
f 6360 6365 6375
f 6360 6375 6361
f 6347 6346 6368
f 6347 6368 6371
f 6301 6322 6373
f 6301 6373 6317
f 6326 6333 6376
f 6326 6376 6377
f 6332 6335 6378
f 6332 6378 6379
f 6334 6337 6380
f 6334 6380 6381
f 6318 6382 6383
f 6318 6383 6336
f 6378 6384 6379
f 6378 6381 6385
f 6378 6385 6384
f 6376 6379 6384
f 6376 6384 6386
f 6353 6372 6387
f 6353 6387 6369
f 6372 6388 6389
f 6372 6389 6387
f 6369 6387 6390
f 6369 6390 6391
f 6368 6392 6393
f 6368 6393 6371
f 6380 6394 6385
f 6380 6385 6381
f 6380 6383 6390
f 6380 6390 6394
f 6385 6394 6389
f 6385 6389 6395
f 6396 6397 6398
f 6396 6398 6399
f 6396 6400 6401
f 6396 6401 6397
f 6397 6402 6403
f 6397 6403 6398
f 6398 6404 6405
f 6398 6405 6399
f 6396 6399 6406
f 6396 6406 6407
f 6328 6331 6408
f 6331 6330 6409
f 6331 6409 6408
f 6328 6408 6410
f 6328 6410 6329
f 6327 6329 6410
f 6324 6327 6410
f 6324 6410 6411
f 6325 6324 6411
f 6325 6411 6412
f 6411 6413 6414
f 6411 6414 6412
f 6323 6325 6412
f 6323 6412 6415
f 6402 6414 6413
f 6402 6413 6403
f 6402 6416 6414
f 6403 6413 6417
f 6403 6417 6418
f 6376 6386 6419
f 6376 6419 6377
f 6386 6420 6421
f 6386 6421 6419
f 6330 6377 6419
f 6330 6419 6409
f 6414 6416 6422
f 6414 6422 6423
f 6364 6422 6416
f 6364 6416 6424
f 6363 6374 6423
f 6363 6423 6422
f 6412 6414 6423
f 6412 6423 6415
f 6370 6391 6382
f 6370 6382 6373
f 6388 6425 6395
f 6388 6395 6389
f 6388 6393 6426
f 6388 6426 6425
f 6395 6425 6427
f 6395 6427 6420
f 6382 6391 6390
f 6382 6390 6383
f 6392 6428 6426
f 6392 6426 6393
f 6426 6428 6429
f 6426 6429 6430
f 6392 6431 6432
f 6392 6432 6428
f 6365 6364 6424
f 6365 6424 6433
f 6401 6434 6433
f 6401 6433 6424
f 6365 6433 6435
f 6365 6435 6375
f 6429 6436 6437
f 6429 6437 6430
f 6427 6430 6437
f 6427 6437 6438
f 6429 6439 6440
f 6429 6440 6436
f 6437 6436 6441
f 6437 6441 6442
f 6420 6427 6438
f 6420 6438 6421
f 6421 6438 6443
f 6421 6443 6444
f 6425 6426 6430
f 6425 6430 6427
f 6437 6442 6443
f 6437 6443 6438
f 6442 6445 6446
f 6442 6446 6443
f 6368 6367 6431
f 6368 6431 6392
f 6359 6363 6422
f 6359 6422 6364
f 6428 6432 6439
f 6428 6439 6429
f 6384 6385 6395
f 6384 6395 6420
f 6384 6420 6386
f 6372 6371 6393
f 6372 6393 6388
f 6318 6317 6373
f 6318 6373 6382
f 6369 6391 6370
f 6358 6415 6423
f 6358 6423 6374
f 6319 6323 6415
f 6319 6415 6358
f 6397 6401 6402
f 6401 6424 6416
f 6401 6416 6402
f 6433 6434 6447
f 6433 6447 6448
f 6433 6448 6435
f 6434 6449 6450
f 6434 6450 6447
f 6441 6451 6445
f 6441 6445 6442
f 6404 6418 6446
f 6404 6446 6445
f 6443 6446 6452
f 6443 6452 6444
f 6436 6440 6453
f 6436 6453 6441
f 6441 6453 6454
f 6409 6419 6421
f 6409 6421 6444
f 6408 6409 6444
f 6408 6444 6452
f 6408 6452 6417
f 6408 6417 6410
f 6316 6326 6377
f 6316 6377 6330
f 6400 6455 6456
f 6400 6456 6449
f 6449 6456 6450
f 6400 6449 6401
f 6396 6407 6455
f 6396 6455 6400
f 6410 6417 6413
f 6410 6413 6411
f 6405 6451 6457
f 6405 6457 6458
f 6405 6458 6459
f 6404 6445 6451
f 6404 6451 6405
f 6451 6460 6457
f 6398 6403 6418
f 6398 6418 6404
f 6417 6452 6446
f 6417 6446 6418
f 6399 6405 6459
f 6399 6459 6461
f 6399 6461 6406
f 6387 6389 6394
f 6387 6394 6390
f 6337 6336 6383
f 6337 6383 6380
f 6335 6334 6381
f 6335 6381 6378
f 6333 6332 6379
f 6333 6379 6376
f 6401 6449 6434
f 6441 6454 6460
f 6441 6460 6451
f 6462 6463 6464
f 6462 6464 6465
f 6462 6466 6467
f 6462 6467 6463
f 6463 6468 6469
f 6463 6469 6464
f 6464 6470 6471
f 6464 6471 6465
f 6462 6465 6472
f 6462 6472 6473
f 6472 6474 6475
f 6472 6475 6473
f 6473 6475 6476
f 6473 6476 6477
f 6472 6478 6479
f 6472 6479 6474
f 6475 6474 6480
f 6475 6480 6481
f 6482 6483 6484
f 6482 6484 6485
f 6482 6486 6487
f 6482 6487 6483
f 6483 6488 6489
f 6483 6489 6484
f 6484 6490 6491
f 6484 6491 6485
f 6482 6485 6492
f 6482 6492 6493
f 6494 6495 6496
f 6494 6497 6498
f 6494 6498 6495
f 6495 6499 6500
f 6495 6500 6496
f 6494 6496 6501
f 6494 6501 6502
f 6492 6502 6501
f 6492 6501 6493
f 6493 6501 6503
f 6493 6503 6504
f 6492 6505 6506
f 6492 6506 6502
f 6490 6507 6508
f 6490 6508 6491
f 6490 6509 6510
f 6490 6510 6507
f 6468 6508 6507
f 6468 6507 6511
f 6467 6505 6491
f 6467 6491 6508
f 6476 6498 6497
f 6476 6497 6477
f 6476 6512 6513
f 6476 6513 6498
f 6466 6477 6497
f 6466 6497 6506
f 6466 6506 6505
f 6466 6505 6467
f 6488 6514 6366
f 6488 6366 6345
f 6483 6487 6514
f 6483 6514 6488
f 6487 6515 6516
f 6487 6516 6514
f 6489 6344 6362
f 6489 6362 6509
f 6496 6500 6517
f 6496 6517 6503
f 6500 6518 6519
f 6500 6519 6517
f 6503 6517 6520
f 6503 6520 6521
f 6496 6503 6501
f 6495 6498 6513
f 6495 6513 6499
f 6499 6513 6522
f 6476 6481 6523
f 6476 6523 6512
f 6475 6481 6476
f 6480 6524 6523
f 6480 6523 6481
f 6512 6523 6525
f 6512 6525 6526
f 6462 6473 6477
f 6462 6477 6466
f 6494 6502 6506
f 6494 6506 6497
f 6485 6491 6505
f 6485 6505 6492
f 6463 6467 6508
f 6463 6508 6468
f 6507 6510 6527
f 6507 6527 6511
f 6511 6527 6528
f 6511 6528 6529
f 6510 6361 6375
f 6510 6375 6527
f 6484 6489 6509
f 6484 6509 6490
f 6482 6493 6504
f 6482 6504 6486
f 6486 6504 6530
f 6486 6530 6531
f 6366 6514 6516
f 6366 6516 6367
f 6488 6345 6344
f 6488 6344 6489
f 6499 6532 6518
f 6499 6518 6500
f 6512 6526 6522
f 6512 6522 6513
f 6509 6362 6361
f 6509 6361 6510
f 6503 6521 6530
f 6503 6530 6504
f 6486 6531 6515
f 6486 6515 6487
f 6523 6524 6533
f 6523 6533 6525
f 6480 6534 6535
f 6480 6535 6524
f 6474 6479 6534
f 6474 6534 6480
f 6465 6471 6478
f 6465 6478 6472
f 6468 6511 6529
f 6468 6529 6469
f 6367 6516 6536
f 6367 6536 6431
f 6432 6537 6538
f 6432 6538 6439
f 6447 6539 6540
f 6447 6540 6448
f 6440 6541 6453
f 6456 6455 6542
f 6456 6542 6543
f 6457 6544 6545
f 6457 6545 6458
f 6407 6546 6542
f 6407 6542 6455
f 6459 6547 6548
f 6459 6548 6461
f 6439 6538 6440
f 6431 6536 6537
f 6431 6537 6432
f 6528 6375 6435
f 6528 6435 6549
f 6458 6545 6550
f 6458 6550 6459
f 6457 6460 6551
f 6457 6551 6544
f 6406 6552 6546
f 6406 6546 6407
f 6447 6450 6553
f 6447 6553 6539
f 6435 6448 6540
f 6435 6540 6549
f 6450 6456 6554
f 6450 6554 6553
f 6406 6461 6555
f 6406 6555 6552
f 6454 6556 6551
f 6454 6551 6460
f 6453 6557 6558
f 6453 6558 6454
f 6519 6518 6559
f 6519 6559 6560
f 6518 6532 6561
f 6518 6561 6559
f 6559 6562 6560
f 6519 6560 6563
f 6519 6563 6564
f 6546 6552 6565
f 6546 6565 6566
f 6527 6375 6528
f 6469 6529 6567
f 6469 6567 6568
f 6569 6570 6571
f 6569 6571 6572
f 6569 6573 6574
f 6569 6574 6570
f 6570 6575 6576
f 6570 6576 6571
f 6571 6577 6578
f 6571 6578 6572
f 6569 6572 6579
f 6569 6579 6580
f 6581 6582 6583
f 6581 6583 6584
f 6581 6585 6586
f 6581 6586 6582
f 6582 6587 6588
f 6582 6588 6583
f 6583 6589 6590
f 6583 6590 6584
f 6581 6584 6591
f 6581 6591 6592
f 6593 6594 6595
f 6593 6595 6596
f 6593 6597 6598
f 6593 6598 6594
f 6591 6595 6594
f 6591 6594 6592
f 6595 6599 6600
f 6595 6600 6596
f 6593 6596 6601
f 6593 6601 6602
f 6603 6604 6605
f 6603 6605 6606
f 6603 6607 6608
f 6603 6608 6604
f 6604 6609 6610
f 6604 6610 6605
f 6605 6611 6612
f 6605 6612 6606
f 6603 6606 6613
f 6603 6613 6614
f 6615 6616 6617
f 6615 6617 6618
f 6615 6619 6620
f 6615 6620 6616
f 6613 6617 6616
f 6613 6616 6614
f 6617 6621 6622
f 6617 6622 6618
f 6615 6618 6623
f 6615 6623 6624
f 6625 6626 6627
f 6625 6627 6628
f 6625 6629 6630
f 6625 6630 6626
f 6626 6631 6632
f 6626 6632 6627
f 6627 6633 6634
f 6627 6634 6628
f 6625 6628 6635
f 6625 6635 6636
f 6637 6638 6639
f 6637 6639 6640
f 6637 6641 6642
f 6637 6642 6638
f 6638 6643 6644
f 6638 6644 6639
f 6639 6645 6646
f 6639 6646 6640
f 6637 6640 6647
f 6637 6647 6648
f 6649 6650 6651
f 6649 6651 6652
f 6647 6650 6649
f 6647 6649 6648
f 6650 6653 6654
f 6650 6654 6651
f 6651 6655 6656
f 6651 6656 6652
f 6649 6652 6657
f 6649 6657 6658
f 6573 6659 6660
f 6573 6660 6574
f 6659 6661 6662
f 6659 6662 6660
f 6574 6660 6656
f 6574 6656 6655
f 6573 6663 6664
f 6573 6664 6659
f 6585 6665 6666
f 6585 6666 6586
f 6665 6667 6668
f 6665 6668 6666
f 6586 6666 6669
f 6586 6669 6670
f 6585 6671 6672
f 6585 6672 6665
f 6597 6673 6674
f 6597 6674 6598
f 6673 6675 6676
f 6673 6676 6674
f 6598 6674 6672
f 6598 6672 6671
f 6597 6677 6678
f 6597 6678 6673
f 6607 6679 6680
f 6607 6680 6608
f 6679 6681 6682
f 6679 6682 6680
f 6608 6680 6683
f 6608 6683 6684
f 6607 6685 6686
f 6607 6686 6679
f 6619 6687 6688
f 6619 6688 6620
f 6687 6689 6690
f 6687 6690 6688
f 6620 6688 6686
f 6620 6686 6685
f 6619 6691 6692
f 6619 6692 6687
f 6629 6693 6694
f 6629 6694 6630
f 6693 6695 6696
f 6693 6696 6694
f 6630 6694 6697
f 6630 6697 6698
f 6629 6699 6700
f 6629 6700 6693
f 6661 6701 6702
f 6661 6702 6662
f 6661 6703 6704
f 6661 6704 6701
f 6544 6551 6702
f 6544 6702 6701
f 6662 6702 6705
f 6662 6705 6706
f 6667 6707 6708
f 6667 6708 6668
f 6545 6708 6707
f 6545 6707 6550
f 6668 6708 6704
f 6668 6704 6709
f 6667 6710 6711
f 6667 6711 6707
f 6675 6712 6713
f 6675 6713 6676
f 6548 6713 6712
f 6548 6712 6555
f 6676 6713 6711
f 6676 6711 6710
f 6675 6714 6715
f 6675 6715 6712
f 6565 6682 6681
f 6565 6681 6566
f 6565 6715 6716
f 6565 6716 6682
f 6566 6681 6717
f 6566 6717 6718
f 6689 6719 6720
f 6689 6720 6690
f 6543 6720 6719
f 6543 6719 6554
f 6690 6720 6718
f 6690 6718 6717
f 6689 6721 6722
f 6689 6722 6719
f 6567 6723 6724
f 6567 6724 6568
f 6723 6725 6726
f 6723 6726 6724
f 6470 6568 6724
f 6470 6724 6727
f 6528 6549 6723
f 6528 6723 6567
f 6657 6728 6729
f 6657 6729 6658
f 6657 6706 6705
f 6657 6705 6728
f 6556 6558 6729
f 6556 6729 6728
f 6658 6729 6730
f 6541 6731 6642
f 6541 6642 6641
f 6453 6541 6641
f 6453 6641 6557
f 6440 6538 6731
f 6440 6731 6541
f 6642 6731 6732
f 6642 6732 6733
f 6456 6543 6554
f 6461 6548 6555
f 6459 6550 6547
f 6732 6734 6735
f 6732 6735 6733
f 6536 6734 6732
f 6536 6732 6537
f 6515 6531 6735
f 6515 6735 6734
f 6643 6733 6735
f 6643 6735 6736
f 6653 6737 6738
f 6647 6737 6653
f 6647 6653 6650
f 6646 6739 6738
f 6646 6738 6737
f 6653 6738 6740
f 6653 6740 6654
f 6454 6558 6556
f 6558 6557 6730
f 6558 6730 6729
f 6470 6727 6741
f 6470 6741 6471
f 6699 6741 6727
f 6699 6727 6700
f 6471 6741 6742
f 6471 6742 6478
f 6695 6743 6744
f 6695 6744 6696
f 6695 6726 6725
f 6695 6725 6743
f 6539 6553 6744
f 6539 6744 6743
f 6696 6744 6722
f 6696 6722 6745
f 6631 6746 6747
f 6631 6747 6632
f 6632 6747 6748
f 6632 6748 6749
f 6631 6698 6750
f 6631 6750 6746
f 6747 6746 6751
f 6747 6751 6752
f 6623 6752 6751
f 6623 6751 6624
f 6623 6753 6754
f 6623 6754 6752
f 6624 6751 6755
f 6624 6755 6691
f 6697 6756 6750
f 6697 6750 6698
f 6697 6745 6757
f 6697 6757 6756
f 6750 6756 6758
f 6750 6758 6755
f 6691 6755 6758
f 6691 6758 6692
f 6692 6758 6757
f 6692 6757 6721
f 6609 6759 6760
f 6609 6760 6610
f 6610 6760 6761
f 6610 6761 6762
f 6609 6684 6763
f 6609 6763 6759
f 6760 6759 6764
f 6760 6764 6765
f 6601 6765 6764
f 6601 6764 6602
f 6601 6766 6767
f 6601 6767 6765
f 6602 6764 6768
f 6602 6768 6677
f 6683 6769 6763
f 6683 6763 6684
f 6683 6716 6770
f 6683 6770 6769
f 6763 6769 6771
f 6763 6771 6768
f 6677 6768 6771
f 6677 6771 6678
f 6678 6771 6770
f 6678 6770 6714
f 6587 6772 6773
f 6587 6773 6588
f 6588 6773 6774
f 6588 6774 6775
f 6587 6670 6776
f 6587 6776 6772
f 6773 6772 6777
f 6773 6777 6778
f 6579 6778 6777
f 6579 6777 6580
f 6579 6779 6780
f 6579 6780 6778
f 6580 6777 6781
f 6580 6781 6663
f 6669 6782 6776
f 6669 6776 6670
f 6669 6709 6783
f 6669 6783 6782
f 6776 6782 6784
f 6776 6784 6781
f 6663 6781 6784
f 6663 6784 6664
f 6664 6784 6783
f 6664 6783 6703
f 6721 6757 6722
f 6722 6757 6745
f 6714 6770 6715
f 6715 6770 6716
f 6703 6783 6704
f 6704 6783 6709
f 6515 6734 6536
f 6515 6536 6516
f 6537 6732 6731
f 6537 6731 6538
f 6520 6785 6786
f 6520 6786 6521
f 6520 6787 6785
f 6644 6786 6785
f 6644 6785 6788
f 6521 6786 6736
f 6521 6736 6530
f 6535 6534 6789
f 6535 6789 6790
f 6535 6790 6791
f 6535 6791 6792
f 6479 6793 6789
f 6479 6789 6534
f 6790 6789 6794
f 6790 6794 6795
f 6635 6794 6789
f 6635 6789 6793
f 6634 6796 6795
f 6634 6795 6794
f 6790 6795 6797
f 6790 6797 6791
f 6628 6634 6794
f 6628 6794 6635
f 6633 6798 6796
f 6633 6796 6634
f 6795 6796 6799
f 6795 6799 6797
f 6633 6749 6800
f 6633 6800 6798
f 6627 6632 6749
f 6627 6749 6633
f 6748 6801 6800
f 6748 6800 6749
f 6798 6800 6802
f 6798 6802 6803
f 6748 6754 6804
f 6748 6804 6801
f 6747 6752 6754
f 6747 6754 6748
f 6753 6805 6804
f 6753 6804 6754
f 6801 6804 6806
f 6801 6806 6807
f 6622 6808 6805
f 6622 6805 6753
f 6618 6622 6753
f 6618 6753 6623
f 6621 6809 6808
f 6621 6808 6622
f 6805 6808 6810
f 6805 6810 6811
f 6621 6812 6813
f 6621 6813 6809
f 6613 6812 6621
f 6613 6621 6617
f 6612 6814 6813
f 6612 6813 6812
f 6809 6813 6815
f 6809 6815 6816
f 6606 6612 6812
f 6606 6812 6613
f 6611 6817 6814
f 6611 6814 6612
f 6813 6814 6818
f 6813 6818 6815
f 6611 6762 6819
f 6611 6819 6817
f 6605 6610 6762
f 6605 6762 6611
f 6761 6820 6819
f 6761 6819 6762
f 6817 6819 6821
f 6817 6821 6822
f 6761 6767 6823
f 6761 6823 6820
f 6760 6765 6767
f 6760 6767 6761
f 6766 6824 6823
f 6766 6823 6767
f 6820 6823 6825
f 6820 6825 6826
f 6600 6827 6824
f 6600 6824 6766
f 6596 6600 6766
f 6596 6766 6601
f 6599 6828 6827
f 6599 6827 6600
f 6824 6827 6829
f 6824 6829 6830
f 6599 6831 6832
f 6599 6832 6828
f 6591 6831 6599
f 6591 6599 6595
f 6590 6833 6832
f 6590 6832 6831
f 6828 6832 6834
f 6828 6834 6835
f 6584 6590 6831
f 6584 6831 6591
f 6589 6836 6833
f 6589 6833 6590
f 6832 6833 6837
f 6832 6837 6834
f 6589 6775 6838
f 6589 6838 6836
f 6583 6588 6775
f 6583 6775 6589
f 6774 6839 6838
f 6774 6838 6775
f 6836 6838 6840
f 6836 6840 6841
f 6774 6780 6842
f 6774 6842 6839
f 6773 6778 6780
f 6773 6780 6774
f 6779 6843 6842
f 6779 6842 6780
f 6839 6842 6844
f 6839 6844 6845
f 6578 6846 6843
f 6578 6843 6779
f 6572 6578 6779
f 6572 6779 6579
f 6577 6847 6846
f 6577 6846 6578
f 6843 6846 6848
f 6843 6848 6849
f 6577 6850 6851
f 6577 6851 6847
f 6571 6576 6850
f 6571 6850 6577
f 6850 6852 6853
f 6850 6853 6851
f 6847 6851 6854
f 6847 6854 6855
f 6576 6740 6852
f 6576 6852 6850
f 6852 6856 6857
f 6852 6857 6853
f 6851 6853 6858
f 6851 6858 6854
f 6644 6788 6859
f 6644 6859 6645
f 6645 6859 6860
f 6645 6860 6739
f 6639 6644 6645
f 6788 6861 6859
f 6739 6860 6857
f 6739 6857 6856
f 6738 6739 6856
f 6857 6860 6862
f 6857 6862 6863
f 6524 6535 6792
f 6524 6792 6864
f 6635 6793 6742
f 6635 6742 6636
f 6575 6654 6740
f 6575 6740 6576
f 6738 6856 6852
f 6738 6852 6740
f 6756 6757 6758
f 6554 6719 6722
f 6553 6554 6722
f 6553 6722 6744
f 6769 6770 6771
f 6555 6712 6715
f 6552 6555 6715
f 6552 6715 6565
f 6782 6783 6784
f 6544 6701 6704
f 6544 6704 6708
f 6544 6708 6545
f 6659 6664 6703
f 6659 6703 6661
f 6666 6668 6709
f 6666 6709 6669
f 6772 6776 6781
f 6772 6781 6777
f 6569 6580 6663
f 6569 6663 6573
f 6582 6586 6670
f 6582 6670 6587
f 6673 6678 6714
f 6673 6714 6675
f 6680 6682 6716
f 6680 6716 6683
f 6759 6763 6768
f 6759 6768 6764
f 6593 6602 6677
f 6593 6677 6597
f 6604 6608 6684
f 6604 6684 6609
f 6687 6692 6721
f 6687 6721 6689
f 6694 6696 6745
f 6694 6745 6697
f 6746 6750 6755
f 6746 6755 6751
f 6615 6624 6691
f 6615 6691 6619
f 6626 6630 6698
f 6626 6698 6631
f 6542 6546 6566
f 6542 6566 6718
f 6542 6718 6720
f 6542 6720 6543
f 6693 6700 6726
f 6693 6726 6695
f 6700 6727 6724
f 6700 6724 6726
f 6625 6636 6699
f 6625 6699 6629
f 6636 6742 6741
f 6636 6741 6699
f 6679 6686 6717
f 6679 6717 6681
f 6686 6688 6690
f 6686 6690 6717
f 6603 6614 6685
f 6603 6685 6607
f 6614 6616 6620
f 6614 6620 6685
f 6547 6550 6707
f 6547 6707 6711
f 6548 6547 6711
f 6548 6711 6713
f 6665 6672 6710
f 6665 6710 6667
f 6672 6674 6676
f 6672 6676 6710
f 6592 6594 6598
f 6592 6598 6671
f 6581 6592 6671
f 6581 6671 6585
f 6652 6656 6706
f 6652 6706 6657
f 6656 6660 6662
f 6656 6662 6706
f 6575 6655 6651
f 6575 6651 6654
f 6570 6574 6655
f 6570 6655 6575
f 6539 6743 6725
f 6539 6725 6540
f 6540 6725 6723
f 6540 6723 6549
f 6478 6742 6793
f 6478 6793 6479
f 6557 6641 6637
f 6557 6637 6730
f 6637 6648 6730
f 6648 6649 6658
f 6648 6658 6730
f 6640 6646 6737
f 6640 6737 6647
f 6464 6469 6568
f 6464 6568 6470
f 6531 6530 6736
f 6531 6736 6735
f 6638 6642 6733
f 6638 6733 6643
f 6556 6728 6705
f 6551 6556 6705
f 6551 6705 6702
f 6528 6567 6529
f 6643 6736 6786
f 6643 6786 6644
f 6785 6787 6861
f 6785 6861 6788
f 6517 6519 6564
f 6517 6564 6520
f 6796 6798 6803
f 6796 6803 6799
f 6800 6801 6807
f 6800 6807 6802
f 6804 6805 6811
f 6804 6811 6806
f 6808 6809 6816
f 6808 6816 6810
f 6814 6817 6822
f 6814 6822 6818
f 6819 6820 6826
f 6819 6826 6821
f 6823 6824 6830
f 6823 6830 6825
f 6827 6828 6835
f 6827 6835 6829
f 6833 6836 6841
f 6833 6841 6837
f 6838 6839 6845
f 6838 6845 6840
f 6842 6843 6849
f 6842 6849 6844
f 6846 6847 6855
f 6846 6855 6848
f 6853 6857 6863
f 6853 6863 6858
f 6645 6739 6646
f 6859 6865 6862
f 6859 6862 6860
f 6866 6867 6868
f 6866 6869 6867
f 6867 6870 6871
f 6867 6871 6868
f 6866 6868 6872
f 6866 6872 6873
f 6874 6875 6876
f 6874 6877 6875
f 6875 6878 6879
f 6875 6879 6876
f 6874 6876 6880
f 6874 6880 6881
f 6882 6883 6884
f 6882 6885 6883
f 6883 6886 6887
f 6883 6887 6884
f 6882 6884 6888
f 6882 6888 6889
f 6890 6891 6892
f 6890 6893 6891
f 6891 6894 6895
f 6891 6895 6892
f 6890 6892 6896
f 6890 6896 6897
f 6562 6898 6899
f 6898 6900 6899
f 6560 6562 6899
f 6560 6899 6563
f 6559 6561 6898
f 6559 6898 6562
f 6564 6563 6901
f 6564 6901 6902
f 6901 6903 6904
f 6901 6904 6902
f 6787 6902 6904
f 6787 6904 6905
f 6899 6900 6903
f 6899 6903 6901
f 6904 6903 6906
f 6904 6906 6907
f 6906 6908 6909
f 6906 6909 6907
f 6907 6909 6910
f 6907 6910 6911
f 6900 6912 6908
f 6900 6908 6906
f 6909 6908 6913
f 6909 6913 6914
f 6913 6915 6916
f 6913 6916 6914
f 6914 6916 6917
f 6914 6917 6918
f 6912 6919 6915
f 6912 6915 6913
f 6916 6915 6920
f 6916 6920 6921
f 6920 6922 6923
f 6920 6923 6921
f 6921 6923 6924
f 6921 6924 6925
f 6919 6926 6922
f 6919 6922 6920
f 6923 6922 6927
f 6923 6927 6928
f 6927 6929 6930
f 6927 6930 6928
f 6928 6930 6931
f 6928 6931 6932
f 6926 6933 6929
f 6926 6929 6927
f 6930 6929 6934
f 6930 6934 6935
f 6934 6936 6937
f 6934 6937 6935
f 6935 6937 6938
f 6935 6938 6939
f 6933 6940 6936
f 6933 6936 6934
f 6937 6936 6941
f 6937 6941 6942
f 6941 6943 6944
f 6941 6944 6942
f 6942 6944 6945
f 6942 6945 6946
f 6940 6947 6943
f 6940 6943 6941
f 6944 6943 6948
f 6944 6948 6949
f 6948 6950 6951
f 6948 6951 6949
f 6949 6951 6952
f 6949 6952 6953
f 6947 6954 6950
f 6947 6950 6948
f 6951 6950 6955
f 6951 6955 6956
f 6955 6957 6958
f 6955 6958 6956
f 6522 6959 6956
f 6522 6956 6958
f 6898 6957 6955
f 6898 6955 6954
f 6532 6958 6957
f 6532 6957 6561
f 6806 6811 6960
f 6806 6960 6961
f 6811 6810 6962
f 6811 6962 6960
f 6960 6963 6964
f 6960 6964 6961
f 6806 6961 6965
f 6806 6965 6966
f 6965 6967 6968
f 6965 6968 6966
f 6939 6969 6966
f 6939 6966 6968
f 6866 6967 6965
f 6866 6965 6964
f 6873 6931 6968
f 6873 6968 6967
f 6872 6932 6931
f 6872 6931 6873
f 6871 6970 6932
f 6871 6932 6872
f 6870 6971 6970
f 6870 6970 6871
f 6970 6971 6972
f 6970 6972 6973
f 6826 6971 6870
f 6826 6870 6974
f 6821 6826 6974
f 6821 6974 6975
f 6867 6869 6975
f 6867 6975 6974
f 6821 6975 6976
f 6821 6976 6822
f 6818 6822 6976
f 6818 6976 6977
f 6869 6978 6977
f 6869 6977 6976
f 6815 6818 6977
f 6815 6977 6979
f 6810 6816 6980
f 6810 6980 6962
f 6816 6815 6979
f 6816 6979 6980
f 6962 6980 6981
f 6962 6981 6963
f 6792 6982 6983
f 6792 6983 6864
f 6792 6791 6984
f 6792 6984 6982
f 6982 6985 6986
f 6982 6986 6983
f 6864 6983 6987
f 6864 6987 6988
f 6987 6989 6990
f 6987 6990 6988
f 6533 6988 6990
f 6533 6990 6953
f 6874 6989 6987
f 6874 6987 6986
f 6881 6945 6990
f 6881 6990 6989
f 6880 6946 6945
f 6880 6945 6881
f 6879 6991 6946
f 6879 6946 6880
f 6878 6992 6991
f 6878 6991 6879
f 6938 6991 6992
f 6938 6992 6969
f 6807 6992 6878
f 6807 6878 6993
f 6802 6807 6993
f 6802 6993 6994
f 6875 6877 6994
f 6875 6994 6993
f 6802 6994 6995
f 6802 6995 6803
f 6799 6803 6995
f 6799 6995 6996
f 6877 6997 6996
f 6877 6996 6995
f 6797 6799 6996
f 6797 6996 6998
f 6825 6830 6999
f 6825 6999 7000
f 6830 6829 7001
f 6830 7001 6999
f 6999 7002 7003
f 6999 7003 7000
f 6825 7000 7004
f 6825 7004 7005
f 7004 7006 7007
f 7004 7007 7005
f 6972 7005 7007
f 6972 7007 7008
f 6882 7006 7004
f 6882 7004 7003
f 6889 7009 7007
f 6889 7007 7006
f 6888 7010 7009
f 6888 7009 6889
f 6925 7011 7009
f 6925 7009 7010
f 6887 7012 7010
f 6887 7010 6888
f 6886 7013 7012
f 6886 7012 6887
f 6917 7012 7013
f 6917 7013 7014
f 6845 7013 6886
f 6845 6886 7015
f 6840 6845 7015
f 6840 7015 7016
f 6883 6885 7016
f 6883 7016 7015
f 6840 7016 7017
f 6840 7017 6841
f 6837 6841 7017
f 6837 7017 7018
f 6885 7019 7018
f 6885 7018 7017
f 6834 6837 7018
f 6834 7018 7020
f 6829 6835 7021
f 6829 7021 7001
f 6835 6834 7020
f 6835 7020 7021
f 7001 7021 7022
f 7001 7022 7002
f 6844 6849 7023
f 6844 7023 7024
f 6849 6848 7025
f 6849 7025 7023
f 7023 7026 7027
f 7023 7027 7024
f 6844 7024 7028
f 6844 7028 7029
f 7028 7030 7031
f 7028 7031 7029
f 6918 7014 7029
f 6918 7029 7031
f 6890 7030 7028
f 6890 7028 7027
f 6897 6910 7031
f 6897 7031 7030
f 6896 6911 6910
f 6896 6910 6897
f 6895 7032 6911
f 6895 6911 6896
f 6894 7033 7032
f 6894 7032 6895
f 6861 6905 7032
f 6861 7032 7033
f 6865 7033 6894
f 6865 6894 7034
f 6862 6865 7034
f 6862 7034 7035
f 6891 6893 7035
f 6891 7035 7034
f 6862 7035 7036
f 6862 7036 6863
f 6858 6863 7036
f 6858 7036 7037
f 6893 7038 7037
f 6893 7037 7036
f 6854 6858 7037
f 6854 7037 7039
f 6848 6855 7040
f 6848 7040 7025
f 6855 6854 7039
f 6855 7039 7040
f 7025 7040 7041
f 7025 7041 7026
f 7039 7041 7040
f 7037 7038 7041
f 7037 7041 7039
f 6890 7041 7038
f 6893 7036 7035
f 6891 7034 6894
f 6892 6895 6896
f 6890 6897 7030
f 7023 7025 7026
f 7024 7027 7028
f 7020 7022 7021
f 7019 7022 7020
f 7018 7019 7020
f 6885 7017 7016
f 6883 7015 6886
f 6884 6887 6888
f 6882 6889 7006
f 6999 7001 7002
f 7000 7003 7004
f 6984 6998 6997
f 6984 6997 7042
f 6996 6997 6998
f 6874 7042 6997
f 6982 6984 7042
f 6982 7042 6985
f 6791 6797 6998
f 6791 6998 6984
f 6877 6995 6994
f 6875 6993 6878
f 6876 6879 6880
f 6874 6881 6989
f 6874 6985 7042
f 6983 6986 6987
f 6979 6981 6980
f 6977 6978 6981
f 6977 6981 6979
f 6866 6981 6978
f 6869 6976 6975
f 6867 6974 6870
f 6868 6871 6872
f 6866 6873 6967
f 6960 6962 6963
f 6961 6964 6965
f 6561 6957 6898
f 6950 6954 6955
f 6943 6947 6948
f 6936 6940 6941
f 6929 6933 6934
f 6922 6926 6927
f 6915 6919 6920
f 6908 6912 6913
f 6900 6906 6903
f 6563 6899 6901
f 6861 7033 6865
f 6907 6911 7032
f 6909 7031 6910
f 6844 7029 7014
f 6845 6844 7013
f 6921 7010 7012
f 7007 7009 7011
f 7007 7011 7008
f 6825 7005 6972
f 6807 6969 6992
f 6942 6946 6991
f 6945 6953 6990
f 6524 6864 6988
f 6524 6988 6533
f 6826 6825 6971
f 6924 6932 6970
f 6924 6970 6973
f 6930 6968 6931
f 6806 6966 6969
f 6806 6969 6807
f 6499 6522 6958
f 6499 6958 6532
f 6951 6956 6959
f 6951 6959 6952
f 6944 6949 6945
f 6937 6942 6938
f 6930 6935 6968
f 6923 6928 6932
f 6923 6932 6924
f 6916 6921 6917
f 6909 6914 7031
f 6904 6907 6905
f 6520 6564 6902
f 6520 6902 6787
f 6898 6912 6900
f 6898 6919 6912
f 6898 6926 6919
f 6898 6933 6926
f 6898 6940 6933
f 6898 6947 6940
f 6898 6954 6947
f 6890 7038 6893
f 6890 7026 7041
f 6890 7027 7026
f 6882 7019 6885
f 6882 7022 7019
f 6882 7002 7022
f 6882 7003 7002
f 6874 6997 6877
f 6874 6986 6985
f 6866 6978 6869
f 6866 6963 6981
f 6866 6964 6963
f 6917 7014 6918
f 6924 7011 6925
f 6924 6973 7008
f 6924 7008 7011
f 6938 6969 6939
f 6525 6533 6953
f 6525 6953 6952
f 6525 6952 6959
f 6525 6959 6526
f 6787 6905 6861
f 6972 7008 6973
f 6522 6526 6959
f 6859 6861 6865
f 6905 6907 7032
f 6914 6918 7031
f 6917 6921 7012
f 6938 6942 6991
f 6945 6949 6953
f 6935 6939 6968
f 6825 6972 6971
f 6921 6925 7010
f 6844 7014 7013
f 83 7043 7044
f 83 7044 84
f 89 7045 7046
f 89 7046 90
f 95 7047 7048
f 95 7048 100
f 7049 7050 7051
f 7049 7051 7052
f 7048 7050 7049
f 7048 7049 7053
f 7050 7054 7051
f 7055 7052 7051
f 7055 7051 7056
f 7049 7052 7057
f 7049 7057 7058
f 7059 7060 7061
f 7051 7054 7060
f 7051 7060 7059
f 7045 7061 7060
f 7045 7060 7046
f 7059 7061 7062
f 7059 7062 7063
f 7045 7064 7062
f 7045 7062 7061
f 7062 7065 7066
f 7062 7066 7063
f 7067 7068 7059
f 7067 7059 7063
f 89 94 7064
f 89 7064 7045
f 7062 7064 7069
f 7062 7069 7065
f 7046 7060 7054
f 7046 7054 7047
f 7049 7058 7070
f 7049 7070 7053
f 100 7048 7053
f 100 7053 174
f 7047 7054 7050
f 7047 7050 7048
f 7065 7071 7072
f 7065 7072 7066
f 7044 7071 7065
f 7044 7065 7069
f 7071 7073 7074
f 7071 7074 7072
f 7075 7066 7072
f 90 7046 7047
f 90 7047 95
f 7073 7076 7077
f 7073 7077 7074
f 7075 7072 7074
f 7075 7074 7078
f 7043 7073 7071
f 7043 7071 7044
f 84 7044 7069
f 84 7069 85
f 85 7069 7064
f 85 7064 94
f 7053 7070 200
f 7053 200 174
f 83 212 7079
f 83 7079 7043
f 7043 7079 7076
f 7043 7076 7073
f 7078 7074 7077
f 7078 7077 7080
f 7056 7051 7059
f 7056 7059 7068
f 7055 7081 7057
f 7055 7057 7052
f 7075 7067 7063
f 7075 7063 7066
f 7058 7057 7082
f 7083 7084 7085
f 7083 7086 7087
f 7083 7087 7084
f 7057 7085 7084
f 7057 7084 7082
f 7083 7085 7088
f 7083 7088 7089
f 7085 7090 7091
f 7085 7091 7088
f 7088 7092 7093
f 7088 7093 7089
f 7083 7089 7094
f 7083 7094 7086
f 7089 7093 7095
f 7089 7095 7094
f 7086 7094 216
f 7086 216 208
f 7086 208 211
f 7086 211 7087
f 7082 7084 7087
f 7082 7087 7096
f 7058 7082 7096
f 7058 7096 7070
f 7077 7076 7093
f 7077 7093 7092
f 7077 7092 7080
f 7076 7079 7095
f 7076 7095 7093
f 7087 211 219
f 7087 219 7096
f 212 215 7095
f 212 7095 7079
f 7094 7095 215
f 7094 215 216
f 7070 7096 219
f 7070 219 200
f 7057 7081 7090
f 7057 7090 7085
f 7080 7092 7088
f 7080 7088 7091
f 7097 7098 7099
f 7097 7099 7100
f 7097 7055 7056
f 7097 7056 7098
f 7098 7101 7102
f 7098 7102 7099
f 7099 7103 7104
f 7099 7104 7100
f 7097 7100 7105
f 7097 7105 7106
f 7107 7108 7109
f 7107 7109 7110
f 7107 7111 7112
f 7107 7112 7108
f 7108 7113 7114
f 7108 7114 7109
f 7109 7075 7078
f 7109 7078 7110
f 7107 7110 7115
f 7107 7115 7116
f 7108 7112 7117
f 7108 7117 7113
f 7101 7114 7113
f 7101 7113 7102
f 7109 7114 7067
f 7109 7067 7075
f 7102 7113 7117
f 7102 7117 7118
f 7101 7068 7067
f 7101 7067 7114
f 7098 7056 7068
f 7098 7068 7101
f 7099 7102 7118
f 7099 7118 7103
f 7110 7078 7080
f 7110 7080 7115
f 7097 7106 7081
f 7097 7081 7055
f 7107 7116 7119
f 7107 7119 7111
f 7100 7104 7120
f 7100 7120 7105
f 7106 7121 7090
f 7106 7090 7081
f 7090 7121 7122
f 7090 7122 7091
f 7115 7080 7091
f 7115 7091 7122
f 7105 7123 7121
f 7105 7121 7106
f 7115 7122 7124
f 7115 7124 7116
f 7121 7123 7124
f 7121 7124 7122
f 7116 7124 7125
f 7116 7125 7119
f 7123 7126 7125
f 7123 7125 7124
f 7105 7120 7126
f 7105 7126 7123
f 7127 7128 7129
f 7127 7129 7130
f 7127 7131 7132
f 7127 7132 7128
f 7128 7133 7134
f 7128 7134 7129
f 7127 7130 7135
f 7127 7135 7136
f 7137 7138 7139
f 7137 7139 7140
f 7138 7141 7142
f 7138 7142 7139
f 7139 7143 7144
f 7139 7144 7140
f 7137 7140 7145
f 7137 7145 7146
f 7133 7142 7141
f 7133 7141 7134
f 7139 7142 7147
f 7139 7147 7143
f 7133 7148 7147
f 7133 7147 7142
f 7128 7132 7148
f 7128 7148 7133
f 7132 7103 7118
f 7132 7118 7148
f 7131 7104 7103
f 7131 7103 7132
f 7147 7148 7118
f 7147 7118 7117
f 7143 7147 7117
f 7143 7117 7112
f 7143 7112 7111
f 7143 7111 7144
f 7144 7111 7119
f 7144 7119 7149
f 7131 7150 7120
f 7131 7120 7104
f 7140 7144 7149
f 7140 7149 7145
f 7127 7136 7150
f 7127 7150 7131
f 7135 7151 7152
f 7135 7152 7136
f 7151 7153 7154
f 7151 7154 7152
f 7145 7154 7153
f 7145 7153 7146
f 7120 7150 7155
f 7120 7155 7126
f 7125 7126 7155
f 7125 7155 7156
f 7149 7119 7125
f 7149 7125 7156
f 7145 7149 7156
f 7145 7156 7154
f 7152 7154 7156
f 7152 7156 7155
f 7136 7152 7155
f 7136 7155 7150
f 7129 7157 7158
f 7129 7158 7130
f 7137 7159 7160
f 7137 7160 7138
f 7138 7160 7161
f 7138 7161 7141
f 7134 7141 7161
f 7134 7161 7162
f 7129 7134 7162
f 7129 7162 7157
f 7157 7162 7163
f 7157 7163 7164
f 7157 7164 7165
f 7157 7165 7158
f 7161 7166 7163
f 7161 7163 7162
f 7164 7163 7167
f 7164 7167 7168
f 7160 7169 7166
f 7160 7166 7161
f 7163 7166 7170
f 7163 7170 7167
f 7159 7171 7169
f 7159 7169 7160
f 7166 7169 7172
f 7166 7172 7170
f 7169 7171 7173
f 7169 7173 7172
f 7159 7174 7175
f 7159 7175 7171
f 7164 7168 7176
f 7164 7176 7165
f 7158 7165 7177
f 7158 7177 7178
f 7179 7180 7181
f 7179 7182 7180
f 7180 7183 7181
f 7179 7181 7184
f 7179 7184 7185
f 7137 7146 7174
f 7137 7174 7159
f 7130 7158 7178
f 7130 7178 7135
f 7171 7175 7186
f 7171 7186 7173
f 7172 7173 7185
f 7172 7185 7184
f 7168 7187 7188
f 7168 7188 7176
f 7165 7176 7189
f 7165 7189 7177
f 7167 7190 7187
f 7167 7187 7168
f 7167 7170 7191
f 7167 7191 7190
f 7170 7172 7184
f 7170 7184 7191
f 7181 7183 7191
f 7181 7191 7184
f 7179 7185 7192
f 7179 7192 7193
f 7180 7188 7187
f 7180 7187 7194
f 7180 7182 7195
f 7180 7195 7188
f 7187 7190 7196
f 7187 7196 7194
f 7180 7194 7196
f 7183 7196 7190
f 7183 7190 7191
f 7180 7196 7183
f 7173 7186 7192
f 7173 7192 7185
f 7176 7188 7195
f 7176 7195 7189
f 7178 7177 7197
f 7178 7197 7198
f 7197 7199 7200
f 7197 7200 7198
f 7135 7178 7198
f 7135 7198 7151
f 7177 7189 7201
f 7177 7201 7197
f 7197 7201 7202
f 7197 7202 7199
f 7175 7174 7200
f 7175 7200 7199
f 7198 7200 7153
f 7198 7153 7151
f 7175 7199 7202
f 7175 7202 7186
f 7146 7153 7200
f 7146 7200 7174
f 7179 7203 7182
f 7189 7195 7204
f 7189 7204 7201
f 7201 7204 7205
f 7201 7205 7202
f 7186 7202 7205
f 7186 7205 7192
f 7192 7205 7206
f 7192 7206 7193
f 7179 7193 7206
f 7182 7203 7204
f 7182 7204 7195
f 7203 7206 7205
f 7203 7205 7204
f 7179 7206 7203
