OFF
6890 13776 0
0.155867 0.631230 -0.016632
0.149113 0.617116 -0.010577
0.160929 0.614086 -0.017529
0.167874 0.624003 -0.025936
0.156871 0.602738 -0.010678
0.145331 0.603107 -0.005699
0.170314 0.607645 -0.025843
0.176598 0.615092 -0.034991
0.180974 0.574721 -0.032438
0.185977 0.570255 -0.042155
0.185160 0.581776 -0.040776
0.178003 0.583002 -0.032562
0.182059 0.546994 -0.035405
0.175239 0.538631 -0.027584
0.180114 0.529309 -0.036718
0.183899 0.539209 -0.046386
0.139593 0.552424 -0.014181
0.144571 0.546126 -0.014240
0.148808 0.552936 -0.012360
0.142432 0.558664 -0.014223
0.129716 0.562850 -0.010957
0.130286 0.568141 -0.013300
0.124753 0.571374 -0.009309
0.124076 0.565489 -0.006112
0.135880 0.547719 -0.016080
0.139134 0.541153 -0.018379
0.134880 0.558455 -0.013744
0.133795 0.553708 -0.013136
0.127315 0.547345 -0.006142
0.129231 0.552922 -0.006672
0.123413 0.552858 -0.001489
0.122516 0.547153 -0.002149
0.133456 0.547119 -0.014069
0.132784 0.550301 -0.011181
0.129657 0.546105 -0.009879
0.128374 0.544073 -0.013215
0.128782 0.557320 -0.008741
0.123506 0.559250 -0.003635
0.117765 0.559180 0.001824
0.117469 0.551400 0.004417
0.155770 0.533808 -0.020276
0.150409 0.539715 -0.016145
0.144503 0.535916 -0.020605
0.148608 0.531144 -0.023244
0.130209 0.541680 -0.015379
0.131763 0.527659 -0.015909
0.132304 0.531095 -0.015880
0.125689 0.532687 -0.013070
0.125141 0.529571 -0.012620
0.161296 0.520932 -0.030476
0.153613 0.520565 -0.030482
0.153535 0.513605 -0.032041
0.161471 0.511631 -0.033823
0.150744 0.507219 -0.032673
0.158052 0.502577 -0.037128
0.146782 0.489174 -0.034357
0.153164 0.495962 -0.036680
0.146249 0.501629 -0.030336
0.140621 0.495890 -0.026677
0.127394 0.501346 -0.020119
0.120582 0.499691 -0.018824
0.124576 0.486278 -0.020358
0.133338 0.490091 -0.022563
0.131992 0.521787 -0.018897
0.135544 0.521600 -0.021437
0.135571 0.523536 -0.020170
0.131391 0.524587 -0.016709
0.139077 0.521857 -0.024685
0.140612 0.521877 -0.025797
0.140068 0.523252 -0.024394
0.138876 0.522293 -0.023872
0.137714 0.521662 -0.023297
0.136247 0.520352 -0.022037
0.138620 0.521135 -0.024157
0.132360 0.518954 -0.019043
0.118032 0.517611 -0.013773
0.122024 0.517747 -0.014343
0.121550 0.521959 -0.014435
0.118012 0.522342 -0.013902
0.138650 0.524042 -0.022564
0.140646 0.525929 -0.022714
0.137657 0.528248 -0.019414
0.136349 0.525362 -0.019737
0.143764 0.528360 -0.023233
0.142385 0.524159 -0.025570
0.145875 0.524943 -0.026772
0.139993 0.520475 -0.025585
0.142785 0.518948 -0.027666
0.143076 0.521681 -0.027328
0.140664 0.515615 -0.026075
0.137860 0.518544 -0.023296
0.134100 0.516561 -0.020487
0.127959 0.514570 -0.016763
0.131133 0.509601 -0.019401
0.136922 0.512074 -0.022871
0.139793 0.531766 -0.019915
0.147295 0.521314 -0.029456
0.151649 0.526736 -0.027702
0.147298 0.516844 -0.030479
0.144703 0.512094 -0.029142
0.140397 0.507609 -0.026148
0.134170 0.503989 -0.022477
0.127773 0.476921 -0.029072
0.138513 0.482097 -0.030424
0.144139 0.593653 -0.008490
0.153454 0.592000 -0.009702
0.154948 0.588147 -0.015411
0.156697 0.589208 -0.014196
0.152076 0.589488 -0.012192
0.151959 0.588702 -0.014053
0.170460 0.584182 -0.027333
0.165103 0.585602 -0.023377
0.166130 0.582388 -0.024290
0.173629 0.578682 -0.027306
0.159644 0.576273 -0.018571
0.164527 0.577231 -0.021112
0.158845 0.584004 -0.019100
0.156063 0.582776 -0.017709
0.152543 0.581872 -0.016746
0.148110 0.581597 -0.016196
0.149160 0.576070 -0.017193
0.154963 0.575685 -0.017339
0.144306 0.590338 -0.012025
0.137397 0.590125 -0.013865
0.139715 0.588908 -0.014365
0.146028 0.589053 -0.012898
0.131268 0.585466 -0.019756
0.132840 0.587209 -0.018846
0.128352 0.588150 -0.018961
0.127970 0.584390 -0.019169
0.130083 0.581971 -0.019287
0.132579 0.584291 -0.019173
0.149929 0.654610 -0.016754
0.142114 0.636256 -0.010211
0.165203 0.645950 -0.026577
0.176855 0.634611 -0.036301
0.183959 0.622263 -0.045979
0.171212 0.523317 -0.031630
0.173125 0.513688 -0.037483
0.181164 0.520360 -0.046187
0.177398 0.510277 -0.053290
0.167651 0.503453 -0.043179
0.152014 0.485124 -0.046916
0.160858 0.492321 -0.046367
0.170443 0.500699 -0.059824
0.179396 0.515945 -0.073957
0.183233 0.521775 -0.065959
0.185451 0.529713 -0.087267
0.172025 0.508709 -0.084125
0.182227 0.528784 -0.096380
0.157392 0.478066 -0.080125
0.158729 0.471868 -0.084298
0.167674 0.478858 -0.096690
0.167708 0.485288 -0.092805
0.183359 0.530943 -0.059107
0.187897 0.593305 -0.049652
0.181378 0.592328 -0.038400
0.189833 0.580299 -0.054004
0.191890 0.653388 -0.068051
0.185429 0.645183 -0.049564
0.191427 0.630322 -0.059075
0.196904 0.635305 -0.074180
0.161770 0.687670 -0.059620
0.156661 0.672799 -0.034989
0.173152 0.660686 -0.041745
0.179931 0.672148 -0.063310
0.201081 0.639097 -0.090462
0.202679 0.637571 -0.106641
0.201378 0.654904 -0.111642
0.197204 0.658051 -0.089479
0.190926 0.675367 -0.116955
0.186007 0.678309 -0.089666
0.177270 0.520402 -0.107409
0.181381 0.535828 -0.110495
0.169143 0.497243 -0.087439
0.173834 0.507177 -0.105473
0.172189 0.692926 -0.122299
0.166013 0.695489 -0.090634
0.196277 0.614864 -0.154087
0.199018 0.632244 -0.144887
0.202431 0.619909 -0.131380
0.202529 0.605475 -0.142625
0.187399 0.624317 -0.167318
0.190147 0.645599 -0.158076
0.177234 0.570298 -0.155790
0.176945 0.551787 -0.156779
0.165688 0.558760 -0.165149
0.171893 0.571702 -0.170944
0.164282 0.600081 -0.017234
0.159561 0.592798 -0.013855
0.164352 0.591340 -0.019322
0.169372 0.596210 -0.024029
0.176037 0.600911 -0.032509
0.183067 0.604308 -0.043041
0.192101 0.616806 -0.069049
0.197273 0.621211 -0.080483
0.202432 0.624147 -0.106765
0.201430 0.623789 -0.093203
0.204373 0.607562 -0.125964
0.205214 0.598614 -0.132940
0.184657 0.543637 -0.126012
0.175802 0.527789 -0.125691
0.173005 0.534011 -0.141823
0.183957 0.546857 -0.144844
0.165662 0.542721 -0.167202
0.169251 0.539268 -0.154339
0.170021 0.501769 -0.127034
0.169948 0.493315 -0.130695
0.168263 0.497566 -0.151449
0.168581 0.507935 -0.143509
0.163163 0.499120 -0.165906
0.154442 0.498049 -0.175799
0.156084 0.511780 -0.168757
0.163889 0.511094 -0.157651
0.132791 0.465167 -0.072684
0.134923 0.459983 -0.075107
0.148226 0.462227 -0.078470
0.145440 0.466872 -0.075897
0.170208 0.484858 -0.140636
0.168607 0.489082 -0.159464
0.184210 0.565237 -0.143449
0.194806 0.558705 -0.132816
0.162866 0.490026 -0.175143
0.164197 0.524130 -0.154953
0.169557 0.519399 -0.142672
0.155227 0.544218 -0.174278
0.154330 0.560314 -0.172439
0.136224 0.563609 -0.014928
0.137820 0.579088 -0.017816
0.138881 0.583298 -0.016872
0.135525 0.583919 -0.017988
0.133602 0.580383 -0.018815
0.124723 0.616270 -0.004789
0.122748 0.599831 -0.006970
0.134094 0.602787 -0.004059
0.135760 0.618226 -0.006648
0.169108 0.550554 -0.018052
0.159040 0.556180 -0.013682
0.156180 0.546555 -0.012511
0.163126 0.538908 -0.016466
0.161392 0.586461 -0.020662
0.163490 0.587847 -0.020868
0.160303 0.587360 -0.019087
0.158931 0.528502 -0.026319
0.167418 0.531730 -0.025254
0.187716 0.565391 -0.056717
0.173112 0.590874 -0.029434
0.140973 0.697657 -0.057280
0.137301 0.680416 -0.030378
0.150535 0.705400 -0.125769
0.144335 0.707706 -0.090971
0.174520 0.656940 -0.169969
0.173002 0.632690 -0.180590
0.155021 0.639324 -0.191930
0.154948 0.667900 -0.179042
0.161461 0.570812 -0.185410
0.145348 0.499582 -0.180397
0.147661 0.515343 -0.176514
0.132732 0.659428 -0.013016
0.127940 0.637372 -0.007200
0.187896 0.609845 -0.057076
0.180981 0.565898 -0.030712
0.174996 0.572986 -0.025600
0.172141 0.567780 -0.021745
0.177468 0.556994 -0.026008
0.184778 0.558079 -0.041068
0.184430 0.550668 -0.057278
0.188865 0.543762 -0.071876
0.187933 0.533870 -0.079605
0.203084 0.632569 -0.121600
0.200935 0.646859 -0.131454
0.191738 0.664116 -0.140932
0.176057 0.679190 -0.150066
0.203121 0.621820 -0.118447
0.154838 0.691021 -0.155795
0.125833 0.536449 -0.013633
0.133373 0.536373 -0.016835
0.124136 0.540054 -0.013573
0.123265 0.513625 -0.015029
0.118300 0.512984 -0.014350
0.119336 0.506873 -0.016859
0.125421 0.507546 -0.017454
0.130097 0.474193 -0.042011
0.140632 0.478510 -0.043790
0.131481 0.470036 -0.070145
0.143470 0.472550 -0.072676
0.125066 0.547443 -0.008687
0.123286 0.548013 -0.008694
0.122901 0.547042 -0.011890
0.125643 0.546761 -0.011205
0.137895 0.522732 -0.022548
0.119945 0.529869 -0.011373
0.117413 0.529319 -0.011344
0.117429 0.525725 -0.012149
0.120713 0.525729 -0.012359
0.159817 0.489143 -0.064388
0.156732 0.485127 -0.073026
0.170382 0.486563 -0.112470
0.171557 0.494574 -0.109357
0.172507 0.516260 -0.125467
0.157969 0.530236 -0.167557
0.150168 0.531698 -0.174858
0.127496 0.532415 -0.181299
0.128980 0.545175 -0.183940
0.140927 0.544222 -0.177327
0.139538 0.530616 -0.178352
0.144380 0.475675 -0.057795
0.132348 0.470967 -0.053581
0.133071 0.470840 -0.063119
0.143789 0.475348 -0.066243
0.117962 0.543674 -0.009297
0.116669 0.541963 -0.008005
0.117371 0.540700 -0.010891
0.120164 0.543122 -0.011905
0.125363 0.544687 -0.012139
0.123349 0.543918 -0.012442
0.123149 0.542381 -0.013023
0.125682 0.546498 -0.007795
0.126532 0.545951 -0.010374
0.118725 0.545916 -0.002411
0.121983 0.546001 -0.004802
0.117433 0.544742 0.001288
0.120001 0.545724 -0.010887
0.121019 0.545038 -0.012381
0.124854 0.545689 -0.012302
0.123128 0.545399 -0.012855
0.120276 0.547250 -0.004904
0.122878 0.547319 -0.006609
0.118463 0.566525 -0.001258
0.112337 0.566070 0.000479
0.111813 0.558497 0.003699
0.111299 0.551069 0.006226
0.111311 0.543793 0.002891
0.122338 0.472507 -0.063501
0.122203 0.472305 -0.072369
0.113621 0.635894 -0.007326
0.113598 0.614480 -0.005514
0.138306 0.521888 -0.024001
0.135238 0.594155 -0.010493
0.166060 0.565009 -0.017600
0.143345 0.565418 -0.016310
0.150774 0.561377 -0.014244
0.150344 0.569626 -0.016593
0.143210 0.571687 -0.017876
0.127107 0.593308 -0.013520
0.119242 0.589227 -0.010252
0.123762 0.588524 -0.015727
0.124392 0.583321 -0.016049
0.120339 0.581165 -0.009190
0.125929 0.576096 -0.013547
0.127486 0.578923 -0.017716
0.157433 0.588148 -0.016724
0.160440 0.588889 -0.017178
0.130900 0.572510 -0.016345
0.136729 0.568974 -0.017076
0.136975 0.574100 -0.018374
0.131784 0.576430 -0.018586
0.157811 0.566958 -0.015749
0.167580 0.589032 -0.024042
0.166337 0.579544 -0.023232
0.194091 0.569580 -0.124756
0.189812 0.557002 -0.118032
0.193400 0.544489 -0.100992
0.190727 0.539081 -0.096593
0.186041 0.543337 -0.101991
0.190765 0.548722 -0.105419
0.204421 0.596839 -0.111422
0.204923 0.603393 -0.114653
0.202132 0.603954 -0.105926
0.201691 0.596553 -0.107295
0.200718 0.597663 -0.101964
0.199442 0.600920 -0.098528
0.200798 0.594223 -0.099435
0.200349 0.594936 -0.102043
0.199838 0.611282 -0.095994
0.196422 0.608726 -0.086844
0.198950 0.597980 -0.091353
0.193906 0.592375 -0.065080
0.196625 0.583098 -0.079902
0.198369 0.594999 -0.085378
0.195134 0.602887 -0.076579
0.193000 0.541187 -0.091228
0.191654 0.548961 -0.085063
0.185436 0.548872 -0.110329
0.130046 0.648313 -0.196959
0.129677 0.675364 -0.182002
0.194412 0.597135 -0.160941
0.183653 0.603628 -0.173373
0.201208 0.591513 -0.147345
0.201595 0.588339 -0.134272
0.170496 0.610472 -0.183779
0.153255 0.614088 -0.193887
0.192218 0.575955 -0.067860
0.192690 0.570123 -0.081580
0.189894 0.581258 -0.161117
0.179661 0.585752 -0.176218
0.190031 0.579769 -0.143680
0.192360 0.577953 -0.133015
0.166045 0.590249 -0.187680
0.144531 0.570434 -0.194041
0.148435 0.589400 -0.196504
0.196392 0.555026 -0.099780
0.195073 0.552440 -0.094253
0.195355 0.546661 -0.097098
0.196733 0.549371 -0.099556
0.190173 0.560183 -0.070323
0.191762 0.558432 -0.084660
0.119293 0.573491 -0.004356
0.113206 0.581249 -0.005583
0.112943 0.573367 -0.002169
0.113329 0.589516 -0.008277
0.122296 0.712899 -0.088092
0.119694 0.699382 -0.054634
0.127028 0.698242 -0.155646
0.124457 0.713376 -0.124477
0.116547 0.499741 -0.018874
0.118238 0.485062 -0.020659
0.120119 0.536073 -0.012140
0.117171 0.534970 -0.012139
0.117315 0.532002 -0.011554
0.120100 0.532630 -0.011702
0.131644 0.589434 -0.016445
0.141096 0.559486 -0.180491
0.136820 0.516106 -0.180122
0.135252 0.501008 -0.183901
0.154800 0.489231 -0.184662
0.145294 0.488583 -0.190023
0.117093 0.538092 -0.012061
0.119574 0.539014 -0.012244
0.119259 0.546588 -0.007595
0.125497 0.525449 -0.013625
0.120083 0.540927 -0.012258
0.121848 0.543509 -0.012386
0.115176 0.539690 -0.011106
0.115276 0.537184 -0.012385
0.143146 0.577317 -0.017083
0.143379 0.582082 -0.016173
0.116497 0.542720 -0.003178
0.117523 0.544644 -0.005555
0.112512 0.541363 -0.002966
0.160029 0.466525 -0.088108
0.168041 0.474115 -0.101600
0.115392 0.528990 -0.011678
0.115054 0.525569 -0.012417
0.116732 0.681250 -0.027845
0.127424 0.564087 -0.199406
0.128442 0.586441 -0.201244
0.195468 0.577949 -0.090230
0.193453 0.576289 -0.098063
0.196542 0.583373 -0.099103
0.199094 0.588768 -0.092373
0.123202 0.467473 -0.076571
0.171254 0.480942 -0.120190
0.135273 0.489280 -0.192240
0.161191 0.585562 -0.020983
0.160241 0.584673 -0.020163
0.135736 0.588140 -0.016831
0.128562 0.615793 -0.199718
0.126690 0.518250 -0.015916
0.126185 0.521847 -0.015838
0.124329 0.518634 -0.182006
0.122068 0.469195 -0.052632
0.115115 0.541035 -0.008015
0.126567 0.559014 -0.184050
0.198510 0.589979 -0.106703
0.199475 0.588321 -0.105464
0.198382 0.584667 -0.105720
0.197529 0.585886 -0.106096
0.201620 0.590278 -0.100980
0.201283 0.587994 -0.103924
0.203043 0.591292 -0.104135
0.202568 0.593470 -0.101703
0.200319 0.593106 -0.095458
0.199014 0.586426 -0.100508
0.204111 0.593435 -0.105574
0.204299 0.594736 -0.103482
0.202482 0.595531 -0.103608
0.200197 0.596509 -0.104361
0.207400 0.596511 -0.106496
0.204718 0.597044 -0.108124
0.210980 0.596590 -0.111424
0.208954 0.598338 -0.112067
0.212504 0.593703 -0.116871
0.210720 0.594548 -0.117900
0.192387 0.559824 -0.093335
0.192706 0.562410 -0.101965
0.212568 0.591125 -0.119705
0.211209 0.591506 -0.120696
0.211345 0.585753 -0.122147
0.209713 0.585712 -0.122943
0.209286 0.578669 -0.122877
0.206388 0.578022 -0.125369
0.207627 0.572892 -0.123197
0.203740 0.572424 -0.126404
0.204101 0.564722 -0.119503
0.200461 0.562839 -0.122696
0.209044 0.596265 -0.112415
0.210419 0.593880 -0.116502
0.203514 0.593873 -0.115537
0.205874 0.595834 -0.108103
0.197322 0.582787 -0.110990
0.195369 0.583335 -0.109834
0.195214 0.580616 -0.107841
0.195178 0.581029 -0.110325
0.191957 0.569330 -0.099956
0.192180 0.572099 -0.104291
0.193388 0.575459 -0.102758
0.192187 0.567263 -0.104907
0.191246 0.569478 -0.105813
0.191466 0.572688 -0.104672
0.192095 0.576069 -0.103669
0.192519 0.566871 -0.107031
0.194029 0.564259 -0.106520
0.191472 0.568919 -0.107174
0.190937 0.570352 -0.106254
0.191262 0.571984 -0.106291
0.192715 0.574840 -0.106437
0.193130 0.567332 -0.092239
0.193678 0.572913 -0.120296
0.191979 0.562954 -0.116922
0.200341 0.559234 -0.115179
0.197946 0.553089 -0.116150
0.197604 0.546860 -0.102801
0.197474 0.547624 -0.109247
0.202144 0.590318 -0.118168
0.199371 0.585146 -0.119789
0.190052 0.555695 -0.110310
0.196796 0.579253 -0.121700
0.203453 0.568189 -0.116732
0.200506 0.564451 -0.113848
0.206637 0.573862 -0.120146
0.195424 0.560575 -0.105663
0.196561 0.554692 -0.104888
0.197831 0.555987 -0.110168
0.197597 0.561831 -0.109971
0.202196 0.570349 -0.114720
0.199093 0.567416 -0.112100
0.199262 0.573102 -0.113404
0.196642 0.569686 -0.111213
0.194322 0.567324 -0.108967
0.196208 0.564799 -0.109265
0.193471 0.572551 -0.109941
0.195461 0.576040 -0.111729
0.192457 0.569631 -0.108397
0.201906 0.576160 -0.114994
0.204268 0.580104 -0.116114
0.201085 0.582667 -0.113634
0.198429 0.579751 -0.113198
0.207653 0.578675 -0.121046
0.207106 0.578911 -0.118244
0.204947 0.574342 -0.116804
0.208791 0.584697 -0.118998
0.208852 0.586040 -0.121197
0.205786 0.584473 -0.116977
0.203537 0.585305 -0.114956
0.208547 0.592579 -0.115621
0.209091 0.589643 -0.118494
0.210291 0.591381 -0.119204
0.206669 0.588131 -0.116661
0.205677 0.590517 -0.114910
0.203508 0.588804 -0.114822
0.204618 0.587543 -0.115869
0.202599 0.593802 -0.106815
0.200910 0.591568 -0.105382
0.203543 0.595013 -0.109807
0.201969 0.594391 -0.108693
0.201567 0.593511 -0.110976
0.200871 0.592868 -0.107672
0.200726 0.591021 -0.110068
0.198755 0.588215 -0.109155
0.135881 0.452367 -0.075072
0.135971 0.456771 -0.074716
0.123439 0.456869 -0.076408
0.122657 0.452527 -0.075140
0.201683 0.590081 -0.112971
0.203556 0.592487 -0.113515
0.206214 0.594468 -0.112620
0.199349 0.585551 -0.111888
0.200728 0.585177 -0.113077
0.201889 0.586908 -0.113946
0.200206 0.587717 -0.111970
0.194843 0.579181 -0.102642
0.193759 0.578057 -0.104365
0.194098 0.576916 -0.107159
0.168886 0.448107 -0.099142
0.182958 0.456488 -0.114479
0.178904 0.459950 -0.115496
0.165073 0.454113 -0.100138
0.176088 0.427396 -0.083363
0.178048 0.413509 -0.066982
0.197375 0.420322 -0.073638
0.196773 0.438570 -0.098781
0.195479 0.403775 -0.054519
0.177277 0.400171 -0.049918
0.188066 0.351657 -0.018852
0.190890 0.369451 -0.027969
0.173484 0.366539 -0.026560
0.171649 0.350569 -0.017236
0.209765 0.263145 0.010902
0.194800 0.263922 0.013692
0.187060 0.246736 0.015063
0.203823 0.242594 0.010281
0.252348 0.389220 -0.067334
0.259134 0.383686 -0.068678
0.257537 0.410372 -0.077560
0.249474 0.412862 -0.077995
0.207034 0.466190 -0.163167
0.200278 0.469100 -0.162734
0.195027 0.459483 -0.135033
0.203589 0.455834 -0.132156
0.265884 0.280697 -0.043058
0.256537 0.293063 -0.030751
0.252271 0.277677 -0.022630
0.260061 0.264945 -0.033172
0.225552 0.173496 -0.044631
0.211072 0.175047 -0.025839
0.205975 0.154222 -0.030365
0.223923 0.155124 -0.049045
0.260514 0.198786 -0.110390
0.257996 0.183702 -0.115274
0.255287 0.185323 -0.140755
0.257687 0.200098 -0.138916
0.218202 0.351712 -0.026468
0.220988 0.369457 -0.036878
0.206745 0.370741 -0.031315
0.204703 0.352116 -0.021613
0.401798 0.492462 -0.080099
0.379673 0.491060 -0.087657
0.378354 0.478688 -0.073542
0.400569 0.479883 -0.065938
0.270637 0.073741 -0.122313
0.276447 0.047407 -0.127379
0.279077 0.058388 -0.149082
0.272518 0.082202 -0.147066
0.285600 0.477865 -0.136688
0.290495 0.480685 -0.162570
0.277464 0.478228 -0.167224
0.272821 0.475496 -0.140495
0.261023 0.340626 -0.055980
0.258820 0.359316 -0.060563
0.254758 0.363753 -0.057337
0.255148 0.345127 -0.049929
0.264109 0.237998 -0.147367
0.267567 0.256126 -0.152847
0.273141 0.256429 -0.130831
0.269372 0.237711 -0.122810
0.264326 0.217653 -0.115961
0.259199 0.219528 -0.142873
0.244298 0.347217 -0.040730
0.246531 0.369231 -0.051262
0.234420 0.368534 -0.042841
0.230999 0.350195 -0.031961
0.181237 0.230014 0.013780
0.200329 0.222315 0.005104
0.259271 0.047530 -0.097098
0.257301 0.068565 -0.098162
0.235204 0.066621 -0.079262
0.232379 0.046525 -0.079332
0.193823 0.194804 -0.014465
0.208836 0.190170 -0.026278
0.209305 0.205633 -0.017353
0.194831 0.208032 -0.008975
0.205645 0.044322 -0.061906
0.211841 0.064839 -0.060246
0.191244 0.062378 -0.037237
0.184290 0.041078 -0.039951
0.193198 0.387184 -0.039702
0.176428 0.383673 -0.036675
0.231943 0.263020 -0.001922
0.221078 0.262533 0.005692
0.217612 0.239924 0.005072
0.229358 0.239089 -0.004152
0.279346 0.349617 -0.083200
0.282600 0.371463 -0.086871
0.268711 0.401100 -0.078453
0.269225 0.371721 -0.072906
0.279269 0.042125 -0.146199
0.273248 0.035220 -0.117954
0.202591 0.025487 -0.058428
0.181520 0.020927 -0.035842
0.303552 0.350238 -0.124926
0.302762 0.357197 -0.125425
0.299842 0.350924 -0.123869
0.303742 0.347588 -0.131128
0.155698 0.267334 0.013190
0.164382 0.244972 0.016524
0.174831 0.258396 0.015911
0.168968 0.277448 0.013724
0.226938 0.219349 -0.012408
0.214530 0.219531 -0.003649
0.225077 0.204504 -0.024680
0.139855 0.254702 0.017747
0.152673 0.228141 0.017628
0.158315 0.378577 -0.035668
0.156735 0.362888 -0.026306
0.158859 0.394831 -0.046037
0.158911 0.409075 -0.059487
0.140549 0.404823 -0.055537
0.141137 0.388854 -0.043312
0.157249 0.423569 -0.072152
0.139753 0.419364 -0.067283
0.151020 0.440947 -0.086633
0.148977 0.448295 -0.087370
0.267955 0.347844 -0.067240
0.268163 0.330720 -0.063987
0.231556 0.028720 -0.073964
0.221502 0.364411 -0.237744
0.237325 0.368755 -0.227619
0.238447 0.352252 -0.225904
0.222596 0.347751 -0.236746
0.213826 0.455542 -0.135853
0.213870 0.466665 -0.166082
0.297553 0.337259 -0.178659
0.299296 0.333541 -0.171994
0.292227 0.323914 -0.181032
0.289923 0.328634 -0.186745
0.313152 0.348525 -0.138624
0.312053 0.347288 -0.144194
0.321044 0.350897 -0.138916
0.317061 0.350556 -0.132653
0.273922 0.068552 -0.173560
0.265861 0.091697 -0.173038
0.236654 0.214547 -0.210715
0.241337 0.235202 -0.206983
0.251142 0.226029 -0.187583
0.248635 0.205588 -0.188939
0.132360 0.362730 -0.247670
0.149096 0.361758 -0.247541
0.148485 0.346093 -0.247972
0.132369 0.348995 -0.248275
0.188627 0.378222 -0.247331
0.168241 0.376833 -0.245246
0.168384 0.393194 -0.244134
0.189731 0.393495 -0.245141
0.206783 0.360852 -0.244464
0.206405 0.343464 -0.244253
0.259934 0.239376 -0.168683
0.261859 0.258638 -0.171636
0.286583 0.293479 -0.167134
0.295570 0.309960 -0.159641
0.295603 0.312723 -0.145387
0.286438 0.292498 -0.151709
0.193820 0.471553 -0.162181
0.202864 0.470710 -0.189213
0.191373 0.474404 -0.188408
0.165704 0.448248 -0.230465
0.174886 0.452694 -0.226243
0.179066 0.444674 -0.229035
0.165710 0.442099 -0.234285
0.151168 0.274058 -0.248055
0.151228 0.249248 -0.246635
0.129185 0.251920 -0.248750
0.130992 0.274255 -0.250390
0.300140 0.320784 -0.160860
0.298087 0.318962 -0.168173
0.302025 0.330297 -0.160656
0.303785 0.330272 -0.151873
0.291270 0.307127 -0.177454
0.293842 0.308111 -0.169577
0.285084 0.294187 -0.178752
0.281830 0.295487 -0.188439
0.244967 0.253228 -0.204711
0.251478 0.270832 -0.201363
0.256654 0.264594 -0.189582
0.252998 0.244032 -0.188739
0.126519 0.188782 -0.242792
0.128190 0.208361 -0.248829
0.147913 0.205297 -0.247053
0.144597 0.185110 -0.238927
0.303976 0.373162 -0.116768
0.316274 0.383672 -0.108897
0.313379 0.396816 -0.106842
0.297173 0.387280 -0.113673
0.335645 0.361892 -0.153105
0.335849 0.366042 -0.158574
0.346699 0.370913 -0.154677
0.346042 0.366991 -0.150884
0.339943 0.386777 -0.097730
0.358928 0.392406 -0.084468
0.350315 0.403868 -0.081855
0.329543 0.394692 -0.095674
0.223601 0.459891 -0.199014
0.217564 0.463493 -0.196558
0.219164 0.465220 -0.167894
0.328777 0.363473 -0.114634
0.332500 0.357824 -0.119908
0.354714 0.364246 -0.111487
0.350028 0.369083 -0.103928
0.404557 0.497180 -0.098466
0.383276 0.494432 -0.106767
0.386260 0.390886 -0.075001
0.366196 0.382328 -0.087137
0.371148 0.374800 -0.092430
0.391328 0.383179 -0.080114
0.242276 0.190091 -0.190045
0.230169 0.194829 -0.211841
0.239710 0.084899 -0.214020
0.230315 0.108859 -0.208921
0.248634 0.100251 -0.192719
0.260433 0.077037 -0.196992
0.277362 0.050448 -0.173184
0.247136 0.065980 -0.218194
0.266433 0.058992 -0.198129
0.175697 0.481644 -0.179556
0.183053 0.478083 -0.187169
0.173185 0.473552 -0.202389
0.167941 0.478627 -0.194958
0.267203 -0.045725 -0.180000
0.267226 -0.049411 -0.149010
0.263920 -0.072179 -0.155277
0.260960 -0.070980 -0.188575
0.151121 0.465111 -0.221832
0.147797 0.472965 -0.212542
0.158714 0.475481 -0.205469
0.163158 0.466867 -0.212473
0.273485 -0.020115 -0.177181
0.269328 -0.026889 -0.147379
0.180180 0.476957 -0.153140
0.187502 0.474602 -0.158923
0.178129 0.470575 -0.131818
0.184192 0.467065 -0.134923
0.173182 0.464787 -0.112720
0.262779 -0.057009 -0.123334
0.260331 -0.074700 -0.124474
0.164361 0.484198 -0.185414
0.155003 0.481945 -0.196268
0.145576 0.480337 -0.201921
0.135335 0.480466 -0.204414
0.122746 0.481961 -0.202738
0.122328 0.490963 -0.192335
0.278038 0.028845 -0.142506
0.276725 0.037082 -0.170087
0.190914 -0.150992 -0.264987
0.195859 -0.166375 -0.253146
0.162227 -0.166202 -0.269365
0.163550 -0.157327 -0.274837
0.091852 -0.154171 -0.278914
0.134248 -0.160416 -0.277583
0.125909 -0.162559 -0.269697
0.083130 -0.160815 -0.265549
0.128967 -0.044000 -0.311522
0.132560 -0.019717 -0.306498
0.162270 -0.018757 -0.301571
0.159319 -0.041995 -0.306369
0.266747 0.045103 -0.195467
0.249376 0.052231 -0.217088
0.271183 0.021816 -0.113498
0.238436 -0.200066 -0.120137
0.230492 -0.227791 -0.129076
0.238403 -0.225766 -0.163952
0.247453 -0.195093 -0.159192
0.213633 -0.217446 -0.230160
0.181500 -0.210415 -0.254235
0.188920 -0.187709 -0.252603
0.218669 -0.191395 -0.229340
0.163659 0.020708 -0.010105
0.161920 0.000912 -0.003882
0.180893 0.002282 -0.029575
0.099884 0.025839 0.017160
0.089925 0.006855 0.020913
0.114888 0.004918 0.021026
0.122745 0.025094 0.015249
0.077576 -0.092639 -0.040978
0.086463 -0.073500 -0.025898
0.066946 -0.069771 -0.025915
0.061706 -0.088040 -0.041347
0.250099 -0.062048 -0.096563
0.248953 -0.045184 -0.095567
0.227007 -0.052470 -0.077139
0.227568 -0.066972 -0.078841
0.117393 -0.166675 -0.262109
0.077202 -0.162387 -0.246366
0.218382 -0.200802 -0.085843
0.210486 -0.233417 -0.094766
0.175897 -0.239183 -0.073092
0.184243 -0.207642 -0.065872
0.147547 -0.206931 -0.061813
0.139481 -0.236583 -0.070739
0.060033 -0.148406 -0.105544
0.063025 -0.152057 -0.117915
0.078933 -0.140795 -0.096644
0.070652 -0.138040 -0.084532
0.099400 -0.132201 -0.297038
0.132479 -0.134119 -0.296196
0.131558 -0.148699 -0.287022
0.096365 -0.145434 -0.287295
0.227758 0.057450 -0.234457
0.225584 0.072122 -0.234815
0.201315 0.077847 -0.245802
0.194596 0.097919 -0.235040
0.216608 0.091497 -0.226115
0.190934 0.212903 -0.239031
0.197230 0.235965 -0.237755
0.217754 0.222580 -0.227648
0.210813 0.201922 -0.230288
0.168197 0.361494 -0.246093
0.168517 0.344996 -0.245875
0.144150 -0.195724 -0.272317
0.148224 -0.227343 -0.268145
0.110614 -0.216983 -0.271409
0.099602 -0.181103 -0.260831
0.204739 -0.243180 -0.233444
0.234440 -0.221730 -0.200465
0.223836 -0.250305 -0.206788
0.220272 -0.259431 -0.134950
0.227954 -0.255775 -0.172253
0.165428 -0.269636 -0.081494
0.129388 -0.265989 -0.080913
0.052893 -0.215157 -0.130485
0.049693 -0.236659 -0.145142
0.067309 -0.243046 -0.121231
0.074772 -0.222049 -0.109653
0.118288 -0.107640 -0.055902
0.124425 -0.116450 -0.068753
0.159835 -0.102767 -0.063585
0.164634 -0.093389 -0.068683
0.126822 0.044004 0.010770
0.108326 0.043126 0.012948
0.164786 0.039481 -0.015398
0.144955 0.042000 0.000446
0.143676 0.022717 0.007690
0.139966 0.131827 0.021836
0.135566 0.107161 0.020749
0.155879 0.105428 0.007056
0.161078 0.129155 0.006607
0.169405 0.158324 0.006324
0.147129 0.160955 0.019090
0.153545 0.213078 0.001508
0.176063 0.201379 -0.006492
0.175160 0.215804 -0.000145
0.140769 0.372793 -0.036403
0.139808 0.357316 -0.027445
0.250313 -0.080184 -0.096487
0.062407 -0.189964 -0.236562
0.076088 -0.215985 -0.255916
0.055495 -0.219176 -0.226825
0.046056 -0.194144 -0.204364
0.262166 -0.036952 -0.120660
0.257977 0.032373 -0.090496
0.254542 0.017473 -0.087435
0.257779 0.202900 -0.076418
0.252911 0.182736 -0.087431
0.184457 0.269408 0.014890
0.183667 0.284003 0.012427
0.242208 -0.191560 -0.198650
0.154628 -0.298552 -0.091868
0.119648 -0.293387 -0.093988
0.110399 -0.320538 -0.108169
0.143584 -0.325595 -0.104222
0.047276 -0.255221 -0.187023
0.049190 -0.282322 -0.197718
0.050251 -0.285677 -0.175510
0.050283 -0.260594 -0.161285
0.049877 -0.311702 -0.207254
0.049669 -0.341295 -0.219747
0.049631 -0.348902 -0.195389
0.052001 -0.315549 -0.186594
0.197919 -0.266396 -0.102811
0.194652 -0.318659 -0.146504
0.206467 -0.290374 -0.139899
0.185460 -0.296061 -0.110692
0.173563 -0.323582 -0.119907
0.177914 -0.237786 -0.253643
0.043499 -0.209547 -0.154463
0.042954 -0.229267 -0.171528
0.075539 -0.277432 -0.240791
0.067785 -0.247472 -0.235198
0.088261 -0.248040 -0.257436
0.095097 -0.278844 -0.259184
0.197693 -0.301497 -0.233656
0.202358 -0.273308 -0.231806
0.215965 -0.280166 -0.204363
0.208616 -0.308502 -0.206892
0.216493 -0.285478 -0.172398
0.206555 -0.313683 -0.176654
0.174912 -0.375384 -0.157100
0.185049 -0.346430 -0.152293
0.163768 -0.351968 -0.127705
0.153875 -0.379748 -0.134250
0.189767 -0.370074 -0.184573
0.198250 -0.341811 -0.180988
0.194290 -0.365008 -0.212006
0.201569 -0.336343 -0.209658
0.186237 -0.357335 -0.235987
0.192214 -0.329767 -0.235087
0.170903 -0.349913 -0.255367
0.173876 -0.322413 -0.255675
0.149900 -0.315784 -0.265516
0.148691 -0.343358 -0.264689
0.123817 -0.339464 -0.267949
0.122566 -0.310919 -0.268609
0.078709 -0.335244 -0.258199
0.077759 -0.306901 -0.250461
0.097903 -0.307939 -0.263188
0.100210 -0.337196 -0.265979
0.088941 -0.447316 -0.287984
0.084842 -0.418456 -0.283707
0.106533 -0.418914 -0.284590
0.109207 -0.448063 -0.284584
0.128873 -0.448498 -0.279892
0.126954 -0.421642 -0.277277
0.146292 -0.423960 -0.271379
0.148613 -0.450986 -0.275519
0.168597 -0.435788 -0.240261
0.168879 -0.462211 -0.240418
0.162730 -0.455514 -0.261795
0.161423 -0.428525 -0.260459
0.175248 -0.444849 -0.216191
0.173733 -0.470528 -0.216102
0.169325 -0.450578 -0.191616
0.162782 -0.474259 -0.193180
0.149956 -0.452695 -0.171595
0.144573 -0.476357 -0.173682
0.046737 -0.428228 -0.224722
0.048840 -0.423857 -0.251634
0.056099 -0.450512 -0.265006
0.048288 -0.454286 -0.236881
0.064910 -0.443072 -0.181908
0.066228 -0.467897 -0.200214
0.073932 -0.472289 -0.172658
0.075792 -0.452543 -0.158195
0.164496 -0.402438 -0.161535
0.178758 -0.397542 -0.188280
0.185900 -0.392451 -0.213715
0.178711 -0.383981 -0.236408
0.080006 -0.362741 -0.267352
0.101379 -0.364266 -0.272140
0.047457 -0.378189 -0.205279
0.049444 -0.369682 -0.232680
0.106847 -0.432179 -0.136766
0.135331 -0.431022 -0.144242
0.144305 -0.405632 -0.139981
0.115510 -0.404685 -0.132413
0.172914 -0.424511 -0.190513
0.178695 -0.418802 -0.215366
0.172377 -0.409736 -0.237932
0.145777 -0.397717 -0.266825
0.162002 -0.402823 -0.256526
0.125306 -0.393618 -0.273511
0.081470 -0.390684 -0.275815
0.103434 -0.391206 -0.279259
0.047308 -0.404696 -0.214574
0.048784 -0.397139 -0.240568
0.094428 -0.476365 -0.156396
0.123791 -0.477206 -0.159857
0.127980 -0.455842 -0.155637
0.095723 -0.459856 -0.151704
0.089139 -0.496670 -0.167546
0.073004 -0.490541 -0.187160
0.150151 -0.479374 -0.275080
0.131429 -0.477740 -0.280751
0.164148 -0.483222 -0.261066
0.156840 -0.498228 -0.192021
0.171872 -0.494128 -0.216652
0.137026 -0.499977 -0.173437
0.117185 -0.496220 -0.161811
0.058870 -0.504258 -0.265761
0.054801 -0.506014 -0.245856
0.054725 -0.480862 -0.242044
0.058967 -0.477847 -0.263826
0.089451 -0.503117 -0.286313
0.090453 -0.475972 -0.281386
0.110570 -0.477576 -0.277921
0.110383 -0.503374 -0.289064
0.152120 -0.507457 -0.279899
0.132596 -0.504553 -0.289333
0.167550 -0.510325 -0.264445
0.167252 -0.518861 -0.217637
0.175045 -0.514445 -0.242955
0.174084 -0.488361 -0.240660
0.150838 -0.523346 -0.189337
0.122886 -0.548507 -0.178555
0.150806 -0.550247 -0.187075
0.123959 -0.524802 -0.180690
0.090836 -0.635662 -0.200026
0.087684 -0.666460 -0.203845
0.108230 -0.663395 -0.192241
0.113927 -0.635098 -0.187225
0.055285 -0.531249 -0.274108
0.048559 -0.533641 -0.250595
0.112081 -0.532412 -0.299457
0.088665 -0.532391 -0.296566
0.167911 -0.574831 -0.218559
0.174763 -0.572845 -0.244438
0.175599 -0.543195 -0.240611
0.167023 -0.546718 -0.213727
0.044805 -0.618672 -0.259345
0.046081 -0.591019 -0.257877
0.054169 -0.591146 -0.279543
0.052402 -0.621554 -0.277506
0.105445 -0.564787 -0.304880
0.101817 -0.596997 -0.305618
0.082297 -0.593584 -0.301764
0.083443 -0.563512 -0.300594
0.153943 -0.637355 -0.221985
0.159239 -0.637524 -0.246307
0.169236 -0.604447 -0.245453
0.162525 -0.604938 -0.220666
0.122485 -0.578163 -0.183165
0.120458 -0.606912 -0.186604
0.145934 -0.603929 -0.197261
0.150086 -0.576099 -0.192162
0.090428 -0.574241 -0.195610
0.092788 -0.606693 -0.196889
0.051511 -0.691583 -0.270122
0.045449 -0.693133 -0.253062
0.044507 -0.654436 -0.256644
0.051647 -0.654270 -0.274541
0.099368 -0.628439 -0.301320
0.093547 -0.663258 -0.295409
0.075355 -0.660234 -0.292959
0.079717 -0.625745 -0.298004
0.132182 -0.708191 -0.226822
0.134790 -0.708328 -0.250042
0.147517 -0.672426 -0.247598
0.143651 -0.671513 -0.224514
0.102155 -0.700317 -0.197638
0.122141 -0.703939 -0.206552
0.130578 -0.666382 -0.199766
0.081191 -0.700139 -0.207492
0.072569 -0.737583 -0.206765
0.091859 -0.737397 -0.200160
0.048661 -0.727653 -0.267100
0.044043 -0.727517 -0.250410
0.062483 -0.730569 -0.283997
0.070201 -0.696717 -0.289390
0.087381 -0.696855 -0.291950
0.080325 -0.730333 -0.289216
0.120984 -0.709269 -0.278273
0.113237 -0.740551 -0.273998
0.099009 -0.734779 -0.284618
0.105050 -0.702093 -0.288620
0.122293 -0.739488 -0.251250
0.119508 -0.739930 -0.263968
0.131398 -0.707925 -0.265064
0.122402 -0.738076 -0.228998
0.112260 -0.738063 -0.208162
0.049544 -0.168714 -0.189102
0.055063 -0.174836 -0.206437
0.045573 -0.180602 -0.181762
0.047063 -0.170546 -0.167652
0.059497 -0.298803 -0.145709
0.064389 -0.269040 -0.130840
0.055543 -0.357820 -0.171674
0.058915 -0.330954 -0.156069
0.053116 -0.385169 -0.181891
0.052902 -0.437992 -0.203913
0.052808 -0.413432 -0.190590
0.055814 -0.461921 -0.217767
0.058280 -0.485633 -0.223109
0.052702 -0.511587 -0.225655
0.049431 -0.561866 -0.230337
0.050555 -0.536955 -0.226333
0.046535 -0.561722 -0.256468
0.046937 -0.620683 -0.233932
0.048167 -0.589829 -0.232264
0.048504 -0.695634 -0.233719
0.047971 -0.658303 -0.233332
0.047575 -0.729761 -0.233057
0.116725 -0.175596 -0.073006
0.122718 -0.152279 -0.069068
0.092615 -0.153969 -0.083660
0.085180 -0.175155 -0.089793
0.053428 -0.154800 -0.126310
0.053661 -0.157592 -0.136328
0.058115 -0.154860 -0.127520
0.057969 -0.152220 -0.116585
0.158071 -0.428956 -0.164557
0.165930 -0.376588 -0.254313
0.124173 -0.366638 -0.269211
0.146896 -0.370611 -0.263877
0.063837 -0.420254 -0.167896
0.080665 -0.428110 -0.146194
0.086919 -0.401982 -0.139602
0.066187 -0.394698 -0.157216
0.085036 -0.551632 -0.193704
0.063031 -0.543293 -0.207005
0.062978 -0.567850 -0.211353
0.087938 -0.530489 -0.187025
0.169804 -0.539649 -0.264141
0.156421 -0.536627 -0.282296
0.131515 -0.565297 -0.299514
0.135773 -0.534452 -0.294601
0.154010 -0.567108 -0.287834
0.074710 -0.343658 -0.134012
0.068179 -0.368914 -0.148066
0.091913 -0.374917 -0.132111
0.100638 -0.347970 -0.119921
0.222897 0.133797 -0.208314
0.241111 0.126157 -0.193582
0.254485 0.233932 -0.034939
0.239937 0.222935 -0.021578
0.243791 0.208539 -0.038176
0.258081 0.218803 -0.053158
0.267468 0.233601 -0.063383
0.265184 0.248799 -0.044534
0.273819 0.250919 -0.073992
0.271542 0.264905 -0.055761
0.287600 0.346828 -0.101541
0.288480 0.361250 -0.106080
0.126655 0.218336 0.004440
0.126094 0.191457 0.015457
0.152289 0.189358 0.010360
0.138754 0.002201 0.013799
0.135399 -0.082025 -0.036515
0.107803 -0.079652 -0.029307
0.095532 -0.102111 -0.044880
0.051036 -0.138290 -0.086780
0.042434 -0.141454 -0.097560
0.044084 -0.146440 -0.108034
0.044206 -0.150332 -0.117336
0.161410 0.184812 -0.233867
0.165956 0.200397 -0.242630
0.133629 0.378332 -0.246891
0.149933 0.376956 -0.245740
0.150245 0.406460 -0.243786
0.133813 0.405769 -0.246929
0.135765 0.420080 -0.247727
0.150698 0.419833 -0.243125
0.135577 0.473639 -0.216055
0.137333 0.463682 -0.225667
0.049189 -0.161960 -0.152805
0.048806 -0.163809 -0.163502
0.053645 -0.159607 -0.145783
0.058748 -0.195171 -0.117007
0.066939 -0.175559 -0.108967
0.056258 -0.176236 -0.130698
0.047754 -0.191148 -0.139954
0.253458 -0.163147 -0.152258
0.245413 -0.168770 -0.112992
0.156089 -0.176272 -0.269742
0.437145 0.401675 -0.060824
0.414461 0.393400 -0.069366
0.422059 0.388280 -0.082186
0.443800 0.398777 -0.073328
0.173682 0.277631 -0.244610
0.176735 0.250139 -0.244129
0.189329 0.463794 -0.136270
0.233275 0.471365 -0.170826
0.226154 0.466898 -0.169410
0.226564 0.461866 -0.140502
0.232147 0.467159 -0.142568
0.250820 0.391447 -0.221214
0.237578 0.386709 -0.229097
0.235681 0.408464 -0.228787
0.248256 0.412948 -0.221576
0.152145 -0.065897 -0.309795
0.121499 -0.069917 -0.313790
0.146856 0.129618 -0.231385
0.143874 0.150730 -0.230558
0.164959 0.147306 -0.230735
0.168677 0.125377 -0.232034
0.197750 0.269297 -0.237253
0.212423 0.252986 -0.230589
0.136616 0.285195 0.009739
0.153225 0.290364 0.009253
0.152843 0.311331 0.000833
0.135949 0.307865 0.001998
0.397733 0.389130 -0.125971
0.403626 0.380193 -0.108678
0.380024 0.369789 -0.114744
0.377049 0.373557 -0.127040
0.224167 -0.163682 -0.229721
0.247954 -0.154781 -0.195270
0.238463 0.157492 -0.170814
0.245855 0.139168 -0.173584
0.229957 0.147814 -0.193260
0.221694 0.162222 -0.190183
0.254777 0.202944 -0.165325
0.249395 0.189354 -0.166285
0.256482 0.221357 -0.166504
0.309820 0.348131 -0.130817
0.304962 0.341684 -0.135654
0.307110 0.339287 -0.144720
0.080233 -0.197759 -0.099056
0.099325 -0.129784 -0.078136
0.093343 -0.125887 -0.069800
0.049770 -0.159179 -0.140860
0.044189 -0.155423 -0.132347
0.169996 0.469635 -0.108213
0.173692 0.475357 -0.127191
0.345980 0.378792 -0.099117
0.323593 0.372114 -0.109306
0.301369 0.331103 -0.139768
0.302678 0.340815 -0.132934
0.301505 0.346189 -0.124231
0.301050 0.339527 -0.130436
0.301601 0.325366 -0.151154
0.304552 0.334810 -0.142945
0.247858 0.392574 -0.062863
0.244745 0.414566 -0.075916
0.237212 0.413611 -0.072635
0.237962 0.391503 -0.056711
0.223293 0.387806 -0.049065
0.225228 0.408206 -0.064689
0.211186 0.406694 -0.057846
0.208688 0.387901 -0.044620
0.186518 0.449657 -0.110692
0.171899 0.439268 -0.094725
0.153920 0.433270 -0.082274
0.136057 0.431803 -0.072007
0.139363 0.455879 -0.235110
0.156046 0.454267 -0.229968
0.152767 0.444150 -0.238685
0.139491 0.445358 -0.243899
0.122577 0.443993 -0.249020
0.124171 0.456748 -0.233780
0.162221 0.457928 -0.096946
0.149043 0.454071 -0.084388
0.135254 0.446835 -0.074688
0.414101 0.491511 -0.114979
0.392993 0.489167 -0.124497
0.170572 0.484381 -0.168970
0.173137 0.479599 -0.148178
0.423910 0.481256 -0.128168
0.403308 0.479890 -0.135899
0.224832 0.446048 -0.110002
0.231568 0.451553 -0.114655
0.221858 0.458234 -0.137846
0.161492 0.462481 -0.092799
0.149858 0.457685 -0.081388
0.256109 -0.130889 -0.143074
0.246787 -0.136292 -0.105443
0.264006 0.097830 -0.122917
0.253265 0.091394 -0.099147
0.092397 0.138087 0.029955
0.088608 0.115541 0.030500
0.112093 0.109013 0.028676
0.117286 0.135030 0.030548
0.102317 0.213211 0.007723
0.100279 0.190678 0.017019
0.123494 0.460987 -0.077107
0.127774 0.063320 0.009745
0.131907 0.083837 0.017692
0.108547 0.084546 0.025348
0.104972 0.062523 0.015669
0.094017 0.043862 0.010011
0.090265 0.033307 0.011360
0.072554 -0.109778 -0.053344
0.058355 -0.104936 -0.053644
0.322633 0.478280 -0.112546
0.328739 0.484772 -0.131218
0.310765 0.482573 -0.133679
0.307490 0.472249 -0.115129
0.170461 0.059976 -0.014836
0.147752 0.060802 0.000595
0.275999 0.331308 -0.080640
0.281725 0.323087 -0.097436
0.127525 0.231616 0.018565
0.168770 0.296988 0.008330
0.168961 0.315147 -0.000446
0.184508 0.301524 0.006385
0.184871 0.318099 -0.001752
0.043449 -0.158715 -0.146524
0.047701 -0.160644 -0.150472
0.345398 0.406740 -0.176444
0.346434 0.396290 -0.169982
0.335633 0.389026 -0.175848
0.333814 0.400191 -0.182295
0.040558 -0.202174 -0.177548
0.043839 -0.187505 -0.161856
0.071620 -0.166880 -0.223351
0.051708 -0.165226 -0.202765
0.045651 -0.160424 -0.201663
0.046986 -0.159810 -0.212068
0.093586 -0.257717 -0.098400
0.105331 -0.229140 -0.088085
0.085713 -0.287597 -0.110761
0.079292 -0.316176 -0.124077
0.065706 -0.493416 -0.207158
0.064675 -0.519108 -0.203725
0.065434 -0.596827 -0.214423
0.067334 -0.627896 -0.216456
0.066625 -0.662746 -0.218720
0.058325 -0.735314 -0.219550
0.062533 -0.701070 -0.219568
0.435079 0.465104 -0.134597
0.444436 0.450003 -0.134383
0.423901 0.444233 -0.142727
0.413775 0.462000 -0.144183
0.378349 0.401332 -0.070759
0.397935 0.410681 -0.058703
0.388951 0.424244 -0.054499
0.370386 0.415455 -0.066842
0.416813 0.417905 -0.046586
0.406191 0.401946 -0.063764
0.427465 0.409380 -0.052507
0.446769 0.402361 -0.088286
0.425224 0.390013 -0.097826
0.425218 0.401672 -0.115208
0.449441 0.413778 -0.102596
0.450618 0.436713 -0.126956
0.451531 0.427539 -0.114332
0.427949 0.418819 -0.125874
0.426605 0.430687 -0.136863
0.399731 0.463216 -0.054954
0.380148 0.459104 -0.063692
0.383114 0.440584 -0.056601
0.401903 0.446205 -0.045710
0.338315 0.480151 -0.152250
0.318344 0.481753 -0.156713
0.286098 0.380343 -0.100936
0.290880 0.386772 -0.110481
0.281862 0.412239 -0.093791
0.277942 0.404762 -0.085586
0.361516 0.489998 -0.116128
0.373884 0.486205 -0.132109
0.355542 0.484010 -0.142597
0.344927 0.489190 -0.123666
0.361027 0.454629 -0.071288
0.340986 0.447434 -0.079695
0.343789 0.423210 -0.078663
0.364166 0.431297 -0.067535
0.374829 0.369841 -0.101103
0.397330 0.377748 -0.091442
0.304531 0.451956 -0.103141
0.320110 0.460519 -0.097933
0.275252 0.314149 -0.079836
0.293705 0.315868 -0.130761
0.283460 0.292186 -0.134987
0.241012 0.244142 -0.013147
0.240910 0.264302 -0.010240
0.275919 0.260775 -0.108261
0.272437 0.241885 -0.097023
0.247311 0.266262 -0.016882
0.250649 0.251634 -0.022570
0.193117 0.177975 -0.010539
0.135711 0.439657 -0.074038
0.338976 0.468168 -0.088778
0.340449 0.482781 -0.105755
0.359076 0.364848 -0.130714
0.358755 0.363299 -0.120429
0.336564 0.356929 -0.127097
0.340091 0.357887 -0.134321
0.237059 0.286227 -0.227719
0.243815 0.281405 -0.219875
0.226413 0.268882 -0.221583
0.217596 0.276935 -0.229247
0.345384 0.424548 -0.182192
0.331728 0.423449 -0.189513
0.331449 0.436850 -0.189073
0.349085 0.437440 -0.180786
0.329768 0.453335 -0.185492
0.325879 0.470742 -0.174403
0.346032 0.468300 -0.167504
0.349771 0.453137 -0.176305
0.255450 -0.097182 -0.164349
0.250911 -0.092067 -0.195399
0.200986 0.008361 -0.052255
0.230097 0.014042 -0.067200
0.170816 -0.073222 -0.049155
0.064394 -0.155748 -0.124865
0.079434 -0.147282 -0.101838
0.045077 -0.221917 -0.198063
0.257278 -0.100872 -0.131234
0.056068 -0.278795 -0.213727
0.053880 -0.250632 -0.209629
0.121024 -0.282069 -0.267824
0.117253 -0.250965 -0.268922
0.148738 -0.258000 -0.266530
0.149605 -0.287565 -0.264842
0.177954 -0.266336 -0.252447
0.176480 -0.294537 -0.253643
0.123753 -0.378593 -0.125230
0.125719 -0.599139 -0.301066
0.138546 -0.636210 -0.285748
0.119200 -0.633414 -0.296944
0.148065 -0.599990 -0.288308
0.168068 -0.569604 -0.268651
0.162354 -0.602085 -0.268879
0.139025 -0.632392 -0.197584
0.113205 -0.666773 -0.291994
0.129252 -0.673462 -0.281244
0.153162 -0.636432 -0.267335
0.142542 -0.672234 -0.265993
0.050334 -0.174538 -0.150666
0.050789 -0.160293 -0.233776
0.223732 -0.138537 -0.076191
0.222694 -0.168556 -0.082745
0.126305 -0.133759 -0.066724
0.161082 -0.125911 -0.054884
0.216495 0.085615 -0.057955
0.197075 0.082713 -0.034726
0.221049 0.131556 -0.052160
0.219406 0.107551 -0.054634
0.236543 0.109707 -0.077072
0.237157 0.133275 -0.072753
0.250475 0.144675 -0.123460
0.256658 0.120389 -0.124311
0.256000 0.128327 -0.151516
0.246464 0.152693 -0.149695
0.256221 0.116048 -0.173780
0.265278 0.106647 -0.149440
0.178826 0.159980 -0.221627
0.178690 0.181866 -0.224723
0.194052 0.174675 -0.213584
0.196209 0.156132 -0.214537
0.083522 -0.119157 -0.059030
0.058726 -0.157959 -0.135298
0.111819 -0.201705 -0.079437
0.153977 -0.177035 -0.059535
0.190220 -0.175574 -0.063520
0.318391 0.379096 -0.107905
0.282650 0.313788 -0.190690
0.278923 0.318439 -0.195111
0.363541 0.470554 -0.159514
0.371423 0.453119 -0.163686
0.322958 0.435706 -0.090785
0.296691 0.480410 -0.134151
0.281395 0.462504 -0.113785
0.293720 0.466760 -0.113993
0.198314 -0.075253 -0.070835
0.197194 -0.094261 -0.060240
0.228041 -0.085749 -0.071833
0.046735 -0.164792 -0.186882
0.044915 -0.161275 -0.191527
0.099126 -0.140275 -0.080221
0.059671 -0.336466 -0.244773
0.059348 -0.307949 -0.230640
0.060313 -0.364009 -0.254912
0.061365 -0.392056 -0.262891
0.064582 -0.419433 -0.273152
0.071436 -0.446786 -0.281304
0.073186 -0.473979 -0.277278
0.071546 -0.501437 -0.279348
0.054502 -0.560902 -0.278767
0.069411 -0.530592 -0.288744
0.067869 -0.561075 -0.292573
0.066309 -0.591963 -0.292599
0.061756 -0.657608 -0.285025
0.064683 -0.623711 -0.289057
0.059219 -0.692227 -0.281873
0.055436 -0.728125 -0.277586
0.046413 -0.163189 -0.161669
0.045976 -0.163941 -0.173696
0.214523 0.442394 -0.104433
0.295679 0.344993 -0.118449
0.297563 0.355457 -0.119509
0.306469 0.424694 -0.100739
0.056704 -0.159738 -0.254491
0.059889 -0.154759 -0.269863
0.407445 0.423974 -0.142414
0.401883 0.437505 -0.151668
0.325869 0.410148 -0.093335
0.290800 0.368471 -0.114526
0.294704 0.370216 -0.118040
0.451390 0.566772 -0.096570
0.443620 0.583056 -0.092317
0.453760 0.589317 -0.096243
0.463945 0.572610 -0.100465
0.442105 0.560347 -0.088311
0.436078 0.576848 -0.084535
0.450456 0.547862 -0.021079
0.443875 0.567116 -0.021941
0.437475 0.563782 -0.031791
0.442072 0.544986 -0.032597
0.427170 0.588418 -0.070355
0.432962 0.570859 -0.072766
0.434256 0.566292 -0.059773
0.427611 0.585195 -0.059324
0.473168 0.562188 -0.017120
0.480047 0.542630 -0.014831
0.491793 0.551058 -0.021388
0.484362 0.571306 -0.024647
0.460079 0.488063 -0.028863
0.459646 0.481858 -0.032957
0.469342 0.478302 -0.022627
0.472891 0.485802 -0.018494
0.466333 0.536246 -0.104307
0.459138 0.551103 -0.100637
0.473286 0.556363 -0.102877
0.480899 0.538282 -0.104294
0.439401 0.521273 -0.067799
0.442631 0.509655 -0.070868
0.441672 0.502894 -0.053878
0.439248 0.515322 -0.051310
0.487106 0.521853 -0.105114
0.472345 0.521716 -0.107194
0.434396 0.547487 -0.061491
0.436892 0.532618 -0.064069
0.438492 0.528522 -0.048354
0.437090 0.545125 -0.047735
0.456620 0.602333 -0.023366
0.464689 0.582885 -0.019967
0.475578 0.591762 -0.027986
0.465974 0.609842 -0.030719
0.429223 0.583753 -0.047223
0.434061 0.563805 -0.046547
0.432081 0.583891 -0.034105
0.464369 0.614712 -0.079409
0.475111 0.597066 -0.082458
0.464712 0.593768 -0.092974
0.455402 0.611461 -0.087835
0.458856 0.513596 -0.022144
0.455429 0.530298 -0.021307
0.445568 0.528082 -0.033828
0.447194 0.512657 -0.035208
0.452853 0.531118 -0.096334
0.447530 0.544788 -0.091943
0.486982 0.579316 -0.083934
0.497886 0.561498 -0.083408
0.486433 0.558905 -0.095802
0.475710 0.576104 -0.095357
0.511271 0.543303 -0.066875
0.502930 0.562335 -0.067937
0.503004 0.561959 -0.050970
0.511996 0.543028 -0.048866
0.473668 0.499770 -0.016041
0.459886 0.498317 -0.024785
0.485958 0.523148 -0.013443
0.489990 0.503822 -0.013630
0.503141 0.510558 -0.018069
0.497977 0.531572 -0.019337
0.455048 0.499857 -0.095409
0.452563 0.504995 -0.093492
0.463441 0.508703 -0.104219
0.467344 0.500699 -0.107756
0.479339 0.508941 -0.110235
0.484215 0.497667 -0.111850
0.494224 0.473113 -0.112204
0.498024 0.481719 -0.108565
0.508752 0.470788 -0.097260
0.500994 0.462666 -0.101746
0.531510 0.503907 -0.059127
0.521223 0.525069 -0.064219
0.521499 0.524600 -0.045151
0.529493 0.500309 -0.039568
0.516877 0.474398 -0.022196
0.518875 0.495475 -0.024124
0.505305 0.489305 -0.016204
0.500421 0.473514 -0.015341
0.468606 0.428377 -0.037070
0.482087 0.438165 -0.032674
0.469717 0.442885 -0.023368
0.457560 0.435621 -0.028091
0.445341 0.462605 -0.027229
0.439750 0.472990 -0.037570
0.432810 0.471244 -0.041088
0.436530 0.458607 -0.031446
0.451485 0.497968 -0.101166
0.453713 0.495786 -0.100066
0.465729 0.488606 -0.114011
0.463380 0.488045 -0.117187
0.537222 0.481646 -0.055729
0.531506 0.478056 -0.034564
0.453681 0.466691 -0.025031
0.462905 0.471113 -0.023876
0.454160 0.478096 -0.034312
0.446074 0.475100 -0.035763
0.447470 0.490087 -0.064191
0.450336 0.491108 -0.062332
0.450347 0.494874 -0.080022
0.449197 0.494731 -0.081581
0.455024 0.495847 -0.098743
0.456160 0.497017 -0.097107
0.468352 0.495071 -0.109796
0.466978 0.491336 -0.111820
0.532472 0.467535 -0.059231
0.524200 0.458427 -0.059947
0.521194 0.459107 -0.074349
0.529913 0.470775 -0.073145
0.491809 0.462568 -0.017159
0.506399 0.461305 -0.025292
0.449386 0.493566 -0.059346
0.450164 0.486084 -0.046805
0.452571 0.488157 -0.043902
0.484169 0.489951 -0.113619
0.478425 0.424922 -0.048125
0.462455 0.413953 -0.053647
0.467203 0.412622 -0.065393
0.485347 0.425795 -0.060459
0.453498 0.419443 -0.043329
0.441506 0.426956 -0.034581
0.419380 0.466982 -0.046240
0.423076 0.452212 -0.037523
0.419055 0.480562 -0.058856
0.434277 0.482907 -0.053372
0.436724 0.492285 -0.067244
0.420933 0.491585 -0.072110
0.434269 0.493462 -0.106880
0.444999 0.483754 -0.121131
0.473611 0.474323 -0.121959
0.457726 0.469023 -0.126660
0.456257 0.452395 -0.021906
0.466750 0.458047 -0.017958
0.493279 0.580719 -0.069335
0.482125 0.599033 -0.068729
0.483051 0.599000 -0.053183
0.494884 0.581309 -0.053060
0.481776 0.598189 -0.038580
0.469858 0.613734 -0.040051
0.439938 0.538270 -0.079155
0.436503 0.553712 -0.076292
0.428719 0.592954 -0.080626
0.449490 0.497066 -0.077561
0.446765 0.499543 -0.073930
0.505683 0.456016 -0.088994
0.496491 0.449666 -0.094204
0.493696 0.456163 -0.107613
0.530975 0.484654 -0.076020
0.514631 0.482549 -0.093353
0.510698 0.505104 -0.093513
0.524269 0.504738 -0.079830
0.512699 0.449470 -0.062550
0.500504 0.439268 -0.067782
0.499493 0.443028 -0.080906
0.510834 0.450452 -0.076329
0.442712 0.499688 -0.082171
0.446979 0.495685 -0.082658
0.473468 0.444561 -0.117641
0.470561 0.455163 -0.124588
0.481001 0.461505 -0.120549
0.485819 0.452266 -0.114231
0.489084 0.466587 -0.116352
0.472441 0.435857 -0.107287
0.487617 0.444433 -0.101951
0.425632 0.497538 -0.088606
0.486937 0.429690 -0.074639
0.469760 0.417782 -0.080335
0.470585 0.428792 -0.094904
0.487997 0.437389 -0.087900
0.492229 0.578341 -0.037085
0.499933 0.558295 -0.034122
0.483541 0.475257 -0.014500
0.488897 0.485787 -0.012645
0.475524 0.466108 -0.016429
0.460793 0.554376 -0.016188
0.452970 0.574166 -0.017963
0.472106 0.516876 -0.014530
0.467146 0.535377 -0.014827
0.507184 0.542689 -0.082268
0.503390 0.450013 -0.037496
0.517443 0.461804 -0.034619
0.493726 0.449569 -0.028834
0.428535 0.438469 -0.032114
0.445695 0.446911 -0.026538
0.530712 0.467388 -0.045918
0.408768 0.430409 -0.042905
0.499791 0.490059 -0.105869
0.478839 0.478446 -0.119332
0.481952 0.483447 -0.116131
0.445546 0.606315 -0.091295
0.442910 0.526684 -0.083775
0.446475 0.495413 -0.056251
0.450670 0.490636 -0.040908
0.491884 0.436835 -0.043182
0.498240 0.437559 -0.054033
0.509829 0.449774 -0.048223
0.439851 0.482959 -0.050738
0.443470 0.490626 -0.065358
0.445797 0.593722 -0.020354
0.445101 0.484034 -0.048899
0.495477 0.506594 -0.104863
0.133196 0.391907 -0.246466
0.115286 0.377423 -0.247605
0.117261 0.391334 -0.246013
0.266153 0.221654 -0.087569
0.226159 0.189434 -0.040544
0.245333 0.193566 -0.057034
0.289891 0.321589 -0.117215
0.281187 0.293701 -0.116018
0.300389 0.362749 -0.121661
0.295411 0.356557 -0.121060
0.277158 0.267701 -0.085419
0.205117 0.598762 -0.120932
0.203860 0.593785 -0.125569
0.202555 0.611525 -0.116612
0.093158 0.054357 0.011057
0.074817 0.036059 0.008704
0.070696 0.026473 0.014340
0.197741 0.585586 -0.109910
0.195918 0.580196 -0.111869
0.199169 0.583706 -0.112008
0.198080 0.586280 -0.107112
0.197634 0.585450 -0.107465
0.203050 0.613184 -0.106204
0.200994 0.586603 -0.125807
0.197067 0.579123 -0.125633
0.199803 0.598830 -0.103344
0.154603 0.063424 -0.259299
0.158103 0.045264 -0.270862
0.130862 0.047096 -0.276039
0.129022 0.065700 -0.261957
0.102456 0.032791 -0.293938
0.102669 0.053456 -0.278817
0.133580 0.027585 -0.290533
0.251585 -0.017442 -0.236424
0.253222 0.004655 -0.231523
0.268960 0.002913 -0.203578
0.267490 -0.017720 -0.207521
0.272350 0.014986 -0.170799
0.275917 -0.000909 -0.172823
0.266824 0.019681 -0.197410
0.271107 0.007800 -0.142321
0.274693 -0.009647 -0.143929
0.263506 -0.003020 -0.115494
0.263903 -0.018992 -0.117205
0.248505 -0.028370 -0.093495
0.226914 -0.034704 -0.072773
0.199632 -0.061401 -0.063630
0.199256 -0.042534 -0.054940
0.169777 -0.048196 -0.037495
0.141822 -0.052446 -0.023689
0.114749 -0.052837 -0.015037
0.092490 -0.053268 -0.009702
0.071365 -0.050343 -0.008908
0.052361 -0.048941 -0.013517
0.050328 -0.070028 -0.029969
0.212651 0.425902 -0.078608
0.198094 0.461643 -0.210709
0.211479 0.467228 -0.193329
0.207866 0.456859 -0.213635
0.222124 0.382497 -0.237604
0.207834 0.378173 -0.243974
0.208928 0.398271 -0.241255
0.222799 0.403563 -0.235193
0.190387 0.451606 -0.222033
0.182522 0.456921 -0.220418
0.199132 0.443907 -0.225993
0.184820 0.435144 -0.232325
0.168475 0.432425 -0.237208
0.237265 0.461259 -0.197197
0.247351 0.461373 -0.194566
0.252557 0.439600 -0.209437
0.243565 0.437283 -0.215496
0.251692 0.373989 -0.218249
0.262497 0.379512 -0.211450
0.264339 0.366273 -0.210190
0.251445 0.359038 -0.216577
0.282165 0.466962 -0.188340
0.295732 0.470368 -0.183648
0.299354 0.450722 -0.196849
0.284968 0.445985 -0.199928
0.261057 0.395033 -0.214118
0.195909 0.284798 -0.237437
0.214636 0.288228 -0.237579
0.231425 0.291424 -0.234538
0.276288 0.322801 -0.200194
0.267717 0.308567 -0.204707
0.263636 0.315177 -0.207509
0.286711 0.332377 -0.193704
0.296124 0.340625 -0.185392
0.269755 0.460380 -0.114063
0.270366 0.435637 -0.091748
0.279336 0.440477 -0.096593
0.315047 0.350983 -0.161184
0.314076 0.348528 -0.155006
0.305026 0.340702 -0.165503
0.304888 0.343477 -0.171553
0.230035 0.458848 -0.198547
0.303813 0.431529 -0.200718
0.307606 0.415593 -0.199011
0.295207 0.411404 -0.201665
0.289486 0.428441 -0.204091
0.309256 0.401377 -0.195448
0.309340 0.389318 -0.192619
0.300262 0.384421 -0.194797
0.298269 0.396623 -0.198063
0.314026 0.354835 -0.168132
0.304203 0.347296 -0.178055
0.303662 0.482348 -0.158575
0.252153 0.472779 -0.171853
0.241718 0.473102 -0.171384
0.239367 0.468359 -0.143802
0.248057 0.470571 -0.144283
0.306364 0.367034 -0.118169
0.306750 0.363253 -0.117516
0.310980 0.355677 -0.121544
0.304990 0.339572 -0.153317
0.315867 0.352285 -0.127311
0.290409 0.416901 -0.102418
0.291361 0.445970 -0.101994
0.242237 0.454674 -0.117116
0.250064 0.457818 -0.116436
0.309950 0.471360 -0.178784
0.314483 0.454112 -0.192252
0.336938 0.359839 -0.147516
0.324203 0.354109 -0.150540
0.324140 0.356264 -0.156415
0.299701 0.331776 -0.166201
0.304540 0.339644 -0.160432
0.257332 0.462469 -0.193213
0.319590 0.419802 -0.194820
0.317910 0.435323 -0.196633
0.286040 0.390702 -0.200868
0.274337 0.384583 -0.205288
0.272657 0.400713 -0.208437
0.283237 0.406352 -0.204302
0.323884 0.383033 -0.182103
0.321713 0.395072 -0.187728
0.277648 0.373297 -0.203532
0.290311 0.379585 -0.198373
0.325453 0.360508 -0.161911
0.236317 0.453110 -0.116293
0.235927 0.434108 -0.091143
0.241798 0.436009 -0.093688
0.247557 0.436940 -0.093869
0.253425 0.437856 -0.093290
0.262660 0.435838 -0.090475
0.226336 0.428393 -0.085260
0.522269 0.459259 -0.046428
0.339971 0.359032 -0.141343
0.349534 0.365735 -0.145368
0.354353 0.365273 -0.138725
0.404796 0.408538 -0.133274
0.115611 0.512745 -0.014590
0.115989 0.506863 -0.017343
0.115281 0.534501 -0.012419
0.115296 0.531713 -0.012054
0.514958 0.463801 -0.086604
0.521441 0.474630 -0.084257
0.515619 0.524395 -0.081086
0.502412 0.522650 -0.095222
0.495219 0.540381 -0.095729
0.457924 0.518303 -0.100613
0.446786 0.514045 -0.088172
0.448026 0.498947 -0.038224
0.513623 0.518754 -0.028366
0.418188 0.631907 -0.084053
0.409575 0.647631 -0.083780
0.418383 0.654414 -0.084233
0.427204 0.638377 -0.085403
0.402843 0.663461 -0.081760
0.402445 0.641673 -0.077639
0.396911 0.658282 -0.076314
0.401815 0.637566 -0.068610
0.395422 0.653311 -0.068269
0.397622 0.651806 -0.059806
0.404735 0.636067 -0.060174
0.408584 0.637764 -0.051880
0.398205 0.654585 -0.049348
0.417009 0.621091 -0.038749
0.422298 0.624691 -0.028033
0.413467 0.644571 -0.030064
0.410198 0.640186 -0.039981
0.416392 0.673783 -0.025035
0.427342 0.656480 -0.024542
0.433542 0.661756 -0.027873
0.421928 0.677804 -0.026443
0.448835 0.649580 -0.048230
0.439214 0.666126 -0.045295
0.437321 0.665258 -0.034499
0.448437 0.647652 -0.038563
0.429279 0.681963 -0.043392
0.438751 0.665878 -0.057790
0.429848 0.682546 -0.056032
0.420096 0.608903 -0.078564
0.426852 0.615288 -0.085076
0.435605 0.599524 -0.088175
0.412121 0.619703 -0.060409
0.409947 0.621744 -0.069637
0.418355 0.604827 -0.069514
0.420249 0.603366 -0.060477
0.436715 0.587029 -0.024253
0.429159 0.605238 -0.025586
0.423555 0.601753 -0.035073
0.415210 0.619293 -0.049857
0.422487 0.601989 -0.048760
0.429437 0.631508 -0.023481
0.419986 0.650168 -0.024972
0.435984 0.644378 -0.081213
0.427142 0.660619 -0.079286
0.434255 0.664872 -0.069472
0.442976 0.648045 -0.071712
0.438174 0.612597 -0.022021
0.445665 0.628082 -0.084173
0.453509 0.631780 -0.075079
0.447716 0.649550 -0.061469
0.459102 0.633485 -0.063880
0.419298 0.675998 -0.076448
0.411235 0.670240 -0.082290
0.436243 0.622373 -0.087763
0.437935 0.638606 -0.024865
0.447494 0.620459 -0.024407
0.455827 0.627109 -0.031664
0.444802 0.644527 -0.030303
0.472225 0.616031 -0.052678
0.460756 0.632893 -0.051367
0.459748 0.630941 -0.040436
0.426193 0.681129 -0.032138
0.470736 0.616826 -0.066296
0.354086 0.733117 -0.067244
0.348080 0.732667 -0.076255
0.348072 0.722933 -0.073341
0.354528 0.722803 -0.063481
0.350026 0.697676 -0.070681
0.342786 0.702215 -0.083422
0.346009 0.694669 -0.090071
0.354126 0.688230 -0.077654
0.343911 0.733082 -0.085595
0.343324 0.723238 -0.082660
0.344627 0.731147 -0.093017
0.342822 0.741497 -0.089126
0.346051 0.740995 -0.095580
0.345781 0.748217 -0.097073
0.353344 0.751036 -0.098642
0.358465 0.738335 -0.098597
0.377942 0.744472 -0.082417
0.369304 0.756286 -0.084611
0.375446 0.758593 -0.075235
0.382825 0.745783 -0.072421
0.381197 0.756717 -0.055133
0.387047 0.744103 -0.054867
0.384838 0.745292 -0.064167
0.377489 0.758660 -0.065744
0.361646 0.732133 -0.053794
0.359725 0.732176 -0.058760
0.360571 0.724334 -0.054529
0.363899 0.724721 -0.049405
0.346755 0.723714 -0.104630
0.343277 0.725105 -0.101580
0.350359 0.730867 -0.098769
0.355645 0.725438 -0.100877
0.375683 0.701011 -0.032025
0.374679 0.698120 -0.035985
0.381198 0.687704 -0.037115
0.384194 0.690064 -0.031804
0.367114 0.681822 -0.062996
0.375010 0.677400 -0.074798
0.380261 0.672995 -0.070211
0.374889 0.678690 -0.057190
0.359753 0.685063 -0.069429
0.360716 0.687239 -0.086224
0.367550 0.682324 -0.080022
0.351727 0.695003 -0.096635
0.392632 0.694428 -0.024206
0.386114 0.703391 -0.022218
0.324243 0.784857 -0.097212
0.325729 0.781859 -0.096777
0.326547 0.783268 -0.092635
0.324470 0.786688 -0.092981
0.402282 0.709477 -0.026134
0.405768 0.702224 -0.025950
0.410243 0.705256 -0.032355
0.405517 0.711560 -0.033436
0.398233 0.718768 -0.026955
0.400798 0.720591 -0.036383
0.329763 0.790614 -0.104140
0.332339 0.787497 -0.103554
0.329480 0.784870 -0.103044
0.326958 0.787654 -0.103219
0.351155 0.740535 -0.071390
0.345500 0.740547 -0.080789
0.339512 0.756146 -0.081650
0.338962 0.752564 -0.087424
0.341570 0.746755 -0.083714
0.344818 0.749541 -0.076141
0.354905 0.748958 -0.055380
0.351343 0.750242 -0.062533
0.357007 0.741476 -0.059823
0.359597 0.738994 -0.053533
0.362443 0.740752 -0.041280
0.362241 0.742443 -0.035693
0.360563 0.749819 -0.036250
0.358764 0.750435 -0.043699
0.351522 0.766483 -0.052884
0.352847 0.767322 -0.048898
0.352007 0.775576 -0.052651
0.349986 0.774598 -0.056176
0.409558 0.695759 -0.025695
0.414932 0.699567 -0.032390
0.384045 0.753688 -0.036562
0.380685 0.761326 -0.035884
0.378483 0.758800 -0.026145
0.383593 0.748526 -0.027665
0.405578 0.712846 -0.043514
0.411220 0.707090 -0.041664
0.332254 0.794005 -0.102322
0.334962 0.791059 -0.101979
0.357781 0.699867 -0.100178
0.369460 0.691968 -0.090515
0.377414 0.686151 -0.085068
0.382856 0.681618 -0.081757
0.386909 0.676743 -0.080208
0.345339 0.753475 -0.071384
0.356541 0.738666 -0.063975
0.363408 0.731452 -0.049848
0.369955 0.735738 -0.023272
0.365722 0.735655 -0.029383
0.367718 0.728318 -0.029544
0.374183 0.726815 -0.021859
0.377371 0.746329 -0.021464
0.372869 0.755407 -0.021875
0.367354 0.754039 -0.022951
0.370953 0.744985 -0.021830
0.349236 0.719887 -0.108462
0.357963 0.717910 -0.103290
0.395670 0.705642 -0.021859
0.398702 0.698269 -0.022863
0.403410 0.691430 -0.023926
0.368703 0.711631 -0.042066
0.366371 0.712109 -0.045007
0.370096 0.696248 -0.043271
0.373358 0.696699 -0.039612
0.353882 0.710652 -0.060196
0.347024 0.711773 -0.071012
0.357543 0.695752 -0.058767
0.378586 0.683422 -0.044842
0.384961 0.674850 -0.047574
0.387960 0.679329 -0.038385
0.392897 0.683349 -0.030106
0.399208 0.687316 -0.025382
0.390964 0.666951 -0.048267
0.392421 0.671816 -0.039648
0.397898 0.676732 -0.031408
0.403813 0.681233 -0.026817
0.423127 0.693458 -0.042661
0.418307 0.700693 -0.042447
0.419306 0.691526 -0.031528
0.387190 0.666277 -0.069429
0.389382 0.664505 -0.058160
0.383147 0.671700 -0.057697
0.391654 0.670847 -0.078924
0.339224 0.704660 -0.092247
0.338992 0.713404 -0.089654
0.336137 0.714574 -0.096326
0.335885 0.707827 -0.099741
0.342376 0.745825 -0.091889
0.340126 0.753442 -0.093792
0.344528 0.756032 -0.098564
0.381003 0.711957 -0.020679
0.372945 0.711607 -0.028471
0.340520 0.760309 -0.077941
0.334708 0.784281 -0.102911
0.341815 0.772258 -0.100220
0.338502 0.767692 -0.099686
0.331354 0.781529 -0.102591
0.340722 0.770366 -0.079362
0.339257 0.774128 -0.081940
0.336937 0.768114 -0.082627
0.338507 0.764852 -0.081222
0.355179 0.767532 -0.041925
0.354409 0.773974 -0.045027
0.358940 0.767864 -0.083680
0.362966 0.752531 -0.094212
0.357173 0.761721 -0.093732
0.357470 0.748142 -0.048736
0.355133 0.758723 -0.045732
0.353661 0.757569 -0.050047
0.345420 0.757191 -0.069864
0.347904 0.756904 -0.064791
0.345157 0.762666 -0.068252
0.342427 0.763670 -0.074497
0.382529 0.736427 -0.021222
0.389150 0.738775 -0.029192
0.326887 0.782327 -0.100503
0.325028 0.785412 -0.100726
0.414292 0.688735 -0.026203
0.409274 0.685322 -0.025247
0.362036 0.739680 -0.047475
0.370981 0.741630 -0.091663
0.364831 0.731836 -0.045727
0.370433 0.773103 -0.045818
0.367389 0.779377 -0.046589
0.364493 0.777979 -0.042488
0.367521 0.772914 -0.040266
0.333866 0.786219 -0.087802
0.331746 0.789786 -0.089115
0.328656 0.786211 -0.089678
0.330321 0.782898 -0.088686
0.337286 0.761029 -0.084640
0.334691 0.765297 -0.086462
0.334531 0.763406 -0.091615
0.337045 0.758110 -0.089624
0.338656 0.759487 -0.095610
0.336497 0.764697 -0.096772
0.337227 0.789175 -0.090268
0.342738 0.779547 -0.086072
0.345940 0.779272 -0.091102
0.338938 0.789624 -0.096166
0.392495 0.731543 -0.054345
0.387918 0.744065 -0.044135
0.393799 0.731798 -0.044321
0.374747 0.767151 -0.055122
0.375917 0.766091 -0.044134
0.382957 0.755500 -0.044183
0.389389 0.742731 -0.037679
0.348296 0.773233 -0.078341
0.352891 0.773411 -0.080071
0.350710 0.771859 -0.086484
0.365550 0.732336 -0.038965
0.329095 0.779004 -0.100407
0.396864 0.696844 -0.082921
0.392324 0.702723 -0.084483
0.399457 0.708841 -0.076035
0.403338 0.702990 -0.075200
0.328591 0.779658 -0.091196
0.327452 0.777992 -0.095817
0.358335 0.769825 -0.037667
0.361087 0.772233 -0.036342
0.359464 0.777259 -0.039639
0.356868 0.774908 -0.040788
0.395674 0.731303 -0.038879
0.378200 0.767363 -0.034519
0.375260 0.765598 -0.025621
0.400169 0.720757 -0.044770
0.404623 0.712399 -0.055068
0.398970 0.720560 -0.054611
0.367254 0.772400 -0.066166
0.390983 0.732768 -0.062813
0.397677 0.721264 -0.061600
0.403582 0.711685 -0.063297
0.408633 0.705354 -0.063762
0.410082 0.706561 -0.055084
0.337782 0.787781 -0.100899
0.336017 0.793439 -0.097023
0.423296 0.692138 -0.056095
0.417083 0.699927 -0.055151
0.419868 0.690198 -0.065371
0.414095 0.698579 -0.064589
0.391082 0.719721 -0.078770
0.395027 0.720407 -0.069875
0.384658 0.732616 -0.079037
0.389078 0.732415 -0.070887
0.367574 0.767821 -0.076597
0.326813 0.804325 -0.096251
0.325202 0.803049 -0.093590
0.329472 0.794141 -0.090292
0.331807 0.796989 -0.093501
0.334675 0.792715 -0.091892
0.333353 0.796780 -0.097811
0.378059 0.728752 -0.089039
0.343689 0.769231 -0.071629
0.383600 0.712383 -0.088274
0.370628 0.715814 -0.097111
0.367012 0.728370 -0.097353
0.376393 0.700526 -0.092824
0.385288 0.693501 -0.087811
0.393682 0.683790 -0.084448
0.389697 0.689084 -0.085983
0.397182 0.676746 -0.082860
0.365446 0.705233 -0.099647
0.320632 0.794492 -0.093575
0.319470 0.792541 -0.097533
0.400362 0.690682 -0.082253
0.405264 0.682717 -0.081935
0.341512 0.714023 -0.080876
0.367229 0.723437 -0.043989
0.367909 0.723226 -0.037633
0.369496 0.720846 -0.028899
0.377043 0.720296 -0.020699
0.413300 0.687311 -0.075686
0.400731 0.658151 -0.039387
0.404165 0.663691 -0.031200
0.425769 0.680040 -0.067428
0.320354 0.792641 -0.101846
0.354300 0.779789 -0.056654
0.352281 0.779754 -0.058376
0.342400 0.699081 -0.098010
0.339194 0.703583 -0.103808
0.346002 0.709620 -0.111230
0.351975 0.704483 -0.106008
0.347890 0.699505 -0.103230
0.342741 0.704909 -0.109004
0.369496 0.711667 -0.039565
0.370251 0.712879 -0.034839
0.393490 0.728300 -0.028222
0.386705 0.726100 -0.021121
0.342273 0.762228 -0.098966
0.346145 0.766278 -0.098773
0.349826 0.759862 -0.098167
0.345776 0.775438 -0.097140
0.345005 0.774159 -0.082104
0.344741 0.772938 -0.075882
0.361103 0.712274 -0.051571
0.363623 0.696130 -0.050931
0.338748 0.721033 -0.096537
0.340657 0.721892 -0.089955
0.351121 0.755963 -0.057411
0.360701 0.780117 -0.067786
0.360685 0.776423 -0.077097
0.348345 0.763915 -0.060283
0.321679 0.794343 -0.104125
0.324177 0.797853 -0.105349
0.350474 0.769285 -0.095054
0.357704 0.759489 -0.038661
0.356708 0.781709 -0.062128
0.363394 0.778022 -0.060621
0.370674 0.761444 -0.022733
0.408018 0.696177 -0.075190
0.326366 0.790425 -0.089973
0.322355 0.797504 -0.091450
0.327872 0.803384 -0.099579
0.327190 0.800517 -0.103310
0.390815 0.715803 -0.020306
0.366372 0.723752 -0.045992
0.410041 0.668607 -0.026539
0.356654 0.710223 -0.105158
0.349085 0.714860 -0.110985
0.346729 0.770117 -0.062580
0.373240 0.770693 -0.039209
0.363551 0.782643 -0.059673
0.367589 0.781574 -0.054960
0.370168 0.775378 -0.054647
0.358258 0.782881 -0.058813
0.324505 0.804262 -0.104052
0.325163 0.807203 -0.100122
0.321580 0.801722 -0.105946
0.319118 0.798415 -0.104584
0.318030 0.795955 -0.101902
0.324029 0.808112 -0.097018
0.322461 0.807166 -0.094812
0.320142 0.800990 -0.092428
0.321480 0.811351 -0.097480
0.320987 0.812401 -0.101598
0.314164 0.810744 -0.107071
0.314809 0.813571 -0.106995
0.317421 0.810823 -0.106372
0.317771 0.808468 -0.106882
0.311303 0.814310 -0.106897
0.312546 0.817389 -0.107537
0.317015 0.815655 -0.105700
0.319685 0.811212 -0.105092
0.314473 0.820022 -0.106404
0.315106 0.820901 -0.103431
0.317520 0.816749 -0.102656
0.319444 0.813622 -0.102732
0.320969 0.809921 -0.104956
0.309867 0.818226 -0.106621
0.310253 0.822209 -0.104979
0.312371 0.822543 -0.106619
0.311304 0.819810 -0.107585
0.316624 0.802421 -0.104977
0.312822 0.808617 -0.105646
0.310021 0.812685 -0.105009
0.308805 0.816494 -0.104513
0.311366 0.807584 -0.103045
0.309545 0.811881 -0.102754
0.308671 0.815284 -0.101953
0.310879 0.808201 -0.100067
0.309386 0.812234 -0.100358
0.316170 0.798736 -0.102241
0.315823 0.798339 -0.098704
0.309060 0.814762 -0.100593
0.309360 0.820723 -0.102965
0.318268 0.816267 -0.099977
0.314793 0.820581 -0.100681
0.317975 0.815805 -0.098114
0.314160 0.819728 -0.098795
0.313582 0.823023 -0.103996
0.312482 0.823111 -0.102177
0.318065 0.794991 -0.097755
0.319170 0.797518 -0.093782
0.316818 0.800546 -0.094224
0.311697 0.809688 -0.096654
0.318310 0.804277 -0.093182
0.319935 0.810367 -0.095288
0.316242 0.815058 -0.096438
0.314193 0.812725 -0.095187
0.313108 0.818057 -0.097447
0.311922 0.816007 -0.096875
0.310238 0.813714 -0.098043
0.311025 0.819288 -0.098782
0.311718 0.821671 -0.100322
0.309266 0.818355 -0.100812
0.309535 0.816320 -0.099535
0.310751 0.817558 -0.098174
0.331913 0.801498 -0.073041
0.334224 0.797703 -0.072685
0.335950 0.799197 -0.068427
0.333534 0.803710 -0.067943
0.337435 0.805549 -0.080606
0.340433 0.801969 -0.080631
0.336217 0.799219 -0.079601
0.333649 0.802461 -0.079211
0.341300 0.807872 -0.077515
0.344375 0.804147 -0.077532
0.343339 0.798023 -0.081035
0.351174 0.782290 -0.080220
0.346588 0.779500 -0.078534
0.339102 0.795229 -0.080269
0.349750 0.783858 -0.059598
0.347442 0.780216 -0.060004
0.334206 0.797542 -0.076644
0.331827 0.801093 -0.076154
0.342965 0.799833 -0.063481
0.340851 0.804402 -0.064121
0.337938 0.801604 -0.065251
0.340113 0.797229 -0.064879
0.344335 0.776758 -0.064560
0.342529 0.775725 -0.070866
0.343696 0.777531 -0.075481
0.346030 0.802263 -0.065644
0.353297 0.788136 -0.063371
0.356242 0.788640 -0.068963
0.347826 0.803071 -0.070526
0.336753 0.793688 -0.076993
0.338015 0.794902 -0.068298
0.336329 0.793476 -0.072324
0.347555 0.800484 -0.077366
0.345300 0.807215 -0.070604
0.335796 0.820318 -0.068320
0.333199 0.819415 -0.065772
0.338659 0.809192 -0.064200
0.340857 0.811059 -0.066607
0.343372 0.806712 -0.066316
0.342483 0.810858 -0.071130
0.327500 0.815747 -0.067873
0.325463 0.813517 -0.072187
0.325400 0.812972 -0.075967
0.355649 0.785852 -0.076638
0.327172 0.812838 -0.078634
0.331204 0.814661 -0.080390
0.335498 0.806222 -0.065049
0.329835 0.817774 -0.065481
0.336541 0.819636 -0.071972
0.335512 0.816332 -0.077623
0.332062 0.821495 -0.077224
0.333415 0.824074 -0.072154
0.327981 0.819722 -0.080252
0.324767 0.817424 -0.078442
0.323749 0.816644 -0.075737
0.333034 0.825247 -0.069317
0.330836 0.824120 -0.066897
0.328173 0.820708 -0.066251
0.329681 0.830721 -0.069472
0.329468 0.831303 -0.072704
0.318910 0.835340 -0.079467
0.320400 0.837156 -0.079579
0.322512 0.832960 -0.078986
0.321349 0.831160 -0.079931
0.324763 0.830156 -0.078847
0.324817 0.827939 -0.080076
0.324718 0.835184 -0.077248
0.326850 0.830892 -0.076782
0.322702 0.840057 -0.077730
0.324045 0.840542 -0.074064
0.326041 0.835811 -0.073489
0.327450 0.832594 -0.074155
0.317724 0.839899 -0.078225
0.319179 0.840238 -0.079411
0.328120 0.828640 -0.077220
0.323284 0.821898 -0.078898
0.319760 0.828820 -0.078785
0.317537 0.833950 -0.077604
0.316878 0.838978 -0.076032
0.318707 0.828078 -0.075787
0.317045 0.833541 -0.075251
0.316857 0.837677 -0.073933
0.318898 0.828209 -0.072071
0.317495 0.833749 -0.072326
0.322411 0.819603 -0.075769
0.323033 0.819249 -0.072077
0.317026 0.836484 -0.072409
0.318290 0.842231 -0.074440
0.319311 0.843741 -0.076861
0.320580 0.843760 -0.078074
0.326508 0.835836 -0.071883
0.323992 0.840641 -0.072296
0.326662 0.836068 -0.069833
0.323550 0.840820 -0.070704
0.322232 0.843827 -0.075046
0.321828 0.843818 -0.073657
0.324275 0.816609 -0.072263
0.326286 0.818346 -0.068143
0.324948 0.820716 -0.068299
0.320874 0.829639 -0.068619
0.327027 0.823492 -0.066455
0.328784 0.828883 -0.067607
0.325771 0.834563 -0.068091
0.323392 0.832291 -0.067314
0.322719 0.839458 -0.069363
0.321661 0.836844 -0.068465
0.319195 0.834754 -0.069672
0.320568 0.841390 -0.070930
0.321198 0.843160 -0.072300
0.317990 0.840426 -0.072802
0.318287 0.838056 -0.071163
0.320225 0.839187 -0.069824
0.346541 0.801879 -0.053225
0.347664 0.798551 -0.052906
0.348853 0.798274 -0.047995
0.347405 0.801639 -0.047941
0.353143 0.806608 -0.058127
0.355142 0.802395 -0.058742
0.351541 0.801732 -0.058585
0.350002 0.805332 -0.058071
0.355313 0.808299 -0.054362
0.358291 0.803195 -0.055126
0.357273 0.798242 -0.059139
0.361371 0.787420 -0.059315
0.357167 0.786100 -0.058519
0.352870 0.798052 -0.058886
0.348956 0.800116 -0.056391
0.347665 0.803516 -0.056307
0.354136 0.796364 -0.042763
0.353623 0.800726 -0.043411
0.351186 0.799269 -0.044612
0.351650 0.794968 -0.044127
0.353839 0.779494 -0.046990
0.352695 0.780415 -0.052059
0.354091 0.783813 -0.055804
0.357984 0.798334 -0.044027
0.362696 0.785282 -0.043733
0.365097 0.787320 -0.047952
0.361089 0.799031 -0.049190
0.349947 0.796677 -0.056433
0.349406 0.794427 -0.047187
0.348309 0.795241 -0.052530
0.360393 0.798542 -0.055337
0.358708 0.803962 -0.049050
0.350035 0.819277 -0.045238
0.347994 0.817613 -0.043354
0.352744 0.804681 -0.043082
0.355738 0.806576 -0.044821
0.356567 0.802889 -0.044528
0.356638 0.807890 -0.048965
0.342620 0.813630 -0.047243
0.341275 0.813644 -0.051423
0.342412 0.813980 -0.054556
0.364794 0.787926 -0.055199
0.358454 0.781346 -0.041029
0.343937 0.815209 -0.056079
0.346365 0.817049 -0.056329
0.349779 0.802699 -0.044469
0.345320 0.815295 -0.043799
0.351055 0.819496 -0.048641
0.349850 0.818185 -0.053444
0.347755 0.822173 -0.052890
0.348964 0.823151 -0.048262
0.344232 0.821070 -0.055895
0.341922 0.819142 -0.055286
0.340633 0.817733 -0.053679
0.347804 0.823076 -0.045124
0.345847 0.821646 -0.043804
0.343988 0.817586 -0.044283
0.345821 0.826335 -0.044800
0.345885 0.828189 -0.048469
0.336109 0.834544 -0.054432
0.337321 0.835313 -0.053931
0.338809 0.830736 -0.054283
0.338252 0.830305 -0.055040
0.341321 0.827890 -0.054474
0.341744 0.826578 -0.055289
0.341649 0.832991 -0.052012
0.343610 0.828670 -0.052496
0.339670 0.836997 -0.051903
0.341063 0.836222 -0.047725
0.342838 0.832440 -0.047729
0.344614 0.829367 -0.049306
0.335784 0.837651 -0.053354
0.336493 0.838035 -0.053505
0.344795 0.826944 -0.052523
0.339938 0.823320 -0.054974
0.336813 0.828530 -0.054515
0.334796 0.832641 -0.053448
0.334291 0.835674 -0.052007
0.335569 0.826697 -0.052360
0.334060 0.831062 -0.051571
0.333875 0.833915 -0.050337
0.335672 0.825836 -0.050057
0.334466 0.830139 -0.049703
0.339133 0.820653 -0.053376
0.339380 0.818673 -0.050741
0.334292 0.832678 -0.049068
0.335697 0.838113 -0.048582
0.337084 0.840023 -0.050699
0.338018 0.840021 -0.051561
0.343486 0.832024 -0.046261
0.340825 0.836161 -0.046203
0.342952 0.830775 -0.044604
0.340085 0.834993 -0.044755
0.339489 0.839066 -0.048216
0.339170 0.838838 -0.047388
0.340658 0.816128 -0.050923
0.341949 0.816067 -0.047231
0.340565 0.818549 -0.047039
0.336804 0.826302 -0.046644
0.342575 0.820060 -0.044513
0.343994 0.824888 -0.043972
0.341425 0.829166 -0.043828
0.339182 0.827715 -0.044290
0.338966 0.833434 -0.044294
0.337883 0.831505 -0.044466
0.335550 0.830441 -0.046865
0.337354 0.835488 -0.045318
0.338351 0.837518 -0.046024
0.335108 0.835640 -0.047655
0.335174 0.833552 -0.047200
0.336639 0.833723 -0.045334
0.356016 0.779461 -0.042808
0.357987 0.791372 -0.030319
0.359438 0.788099 -0.030662
0.359703 0.787376 -0.027569
0.358397 0.790193 -0.027277
0.364414 0.795978 -0.033172
0.366343 0.792325 -0.034015
0.363224 0.791649 -0.034822
0.361183 0.795220 -0.034125
0.366791 0.795424 -0.029397
0.368761 0.792020 -0.030276
0.367737 0.788876 -0.035039
0.371437 0.776372 -0.038000
0.367643 0.776481 -0.038014
0.364413 0.788195 -0.035594
0.369246 0.766182 -0.023402
0.367185 0.771558 -0.023382
0.364264 0.771771 -0.025560
0.365507 0.765307 -0.024906
0.360582 0.789820 -0.033399
0.359015 0.793419 -0.032831
0.364168 0.783793 -0.022924
0.363162 0.787219 -0.023063
0.361110 0.786941 -0.025016
0.361801 0.784032 -0.024987
0.362670 0.767304 -0.028165
0.362553 0.772699 -0.028570
0.362141 0.773177 -0.032224
0.361246 0.768828 -0.031702
0.363872 0.774960 -0.035188
0.366869 0.784717 -0.022744
0.370911 0.771136 -0.023932
0.374022 0.772219 -0.026090
0.369624 0.786429 -0.025882
0.361724 0.787188 -0.033863
0.360546 0.784497 -0.027397
0.360306 0.785314 -0.030588
0.370451 0.787832 -0.030679
0.368192 0.790054 -0.025663
0.360939 0.799198 -0.020865
0.359038 0.798071 -0.020743
0.361920 0.790282 -0.022549
0.364512 0.791521 -0.022630
0.365800 0.787967 -0.022966
0.366495 0.793811 -0.025069
0.355322 0.797153 -0.025388
0.354579 0.799020 -0.028799
0.355485 0.800462 -0.030821
0.375297 0.774630 -0.033690
0.356931 0.802492 -0.031803
0.359741 0.803316 -0.031264
0.359574 0.789972 -0.024759
0.356849 0.797102 -0.022454
0.362473 0.800918 -0.022992
0.362474 0.802482 -0.027477
0.360515 0.805794 -0.027110
0.360651 0.804545 -0.022483
0.357538 0.806230 -0.030659
0.355592 0.804814 -0.031276
0.354239 0.803048 -0.030159
0.359088 0.802850 -0.020476
0.357490 0.801371 -0.020574
0.355786 0.800017 -0.022415
0.357509 0.805977 -0.020370
0.358269 0.809347 -0.022931
0.350703 0.815981 -0.028233
0.351448 0.816451 -0.027918
0.352955 0.813381 -0.028316
0.352381 0.813157 -0.029071
0.355306 0.810946 -0.028529
0.355380 0.810123 -0.029404
0.355375 0.814065 -0.026147
0.357354 0.810527 -0.026408
0.354040 0.817170 -0.025528
0.354037 0.816282 -0.021828
0.355784 0.813266 -0.022124
0.357463 0.810828 -0.023762
0.349876 0.818699 -0.026920
0.350959 0.818673 -0.027275
0.358170 0.809388 -0.026642
0.353860 0.807745 -0.030638
0.350908 0.812447 -0.029433
0.349150 0.815906 -0.027790
0.348744 0.817983 -0.025759
0.350349 0.810441 -0.028708
0.348433 0.814547 -0.026695
0.348209 0.816426 -0.024861
0.350168 0.808302 -0.026820
0.348419 0.812992 -0.025438
0.353020 0.805627 -0.029783
0.352763 0.803151 -0.027773
0.348173 0.815228 -0.024464
0.349536 0.818483 -0.023080
0.351070 0.820005 -0.024017
0.352646 0.819975 -0.024655
0.355820 0.812351 -0.021053
0.353379 0.816013 -0.020635
0.355002 0.810441 -0.019969
0.352305 0.814595 -0.019879
0.353125 0.818593 -0.022407
0.351906 0.818411 -0.021544
0.353564 0.801354 -0.028009
0.354308 0.799712 -0.025091
0.353374 0.801715 -0.024803
0.350741 0.806888 -0.024197
0.354879 0.802210 -0.021960
0.356423 0.803828 -0.020341
0.353795 0.808757 -0.019921
0.352187 0.807377 -0.021077
0.351227 0.813508 -0.020128
0.350080 0.812145 -0.021246
0.348895 0.811882 -0.023404
0.349788 0.816228 -0.021504
0.350589 0.817503 -0.021234
0.348862 0.816883 -0.022974
0.348590 0.815047 -0.023088
0.349275 0.814891 -0.021970
0.371527 0.768319 -0.023886
0.340177 0.726426 -0.115888
0.338280 0.728363 -0.111707
0.331230 0.724569 -0.105933
0.329074 0.719148 -0.106420
0.329403 0.714394 -0.110119
0.332214 0.711976 -0.113159
0.335158 0.712281 -0.117273
0.334866 0.728117 -0.107860
0.340996 0.722264 -0.118217
0.338825 0.716140 -0.118875
0.333990 0.720360 -0.123991
0.336627 0.726189 -0.123088
0.330224 0.716610 -0.121994
0.327871 0.715857 -0.117638
0.326372 0.716990 -0.113784
0.336455 0.730247 -0.119366
0.335140 0.731435 -0.115083
0.331856 0.729716 -0.110385
0.332443 0.734211 -0.123469
0.327607 0.734858 -0.132412
0.315481 0.730856 -0.133907
0.316584 0.732105 -0.136106
0.319589 0.728715 -0.133695
0.318432 0.726783 -0.131339
0.322198 0.727066 -0.132669
0.321917 0.724930 -0.130302
0.322569 0.733188 -0.136930
0.325424 0.729863 -0.134990
0.324570 0.737644 -0.136141
0.326399 0.734679 -0.134553
0.319675 0.736098 -0.139344
0.315250 0.734651 -0.138593
0.316702 0.738499 -0.141088
0.313273 0.735006 -0.136727
0.325775 0.729593 -0.132965
0.322632 0.720547 -0.123107
0.317616 0.725515 -0.127052
0.314028 0.730431 -0.130309
0.312426 0.735473 -0.133907
0.317130 0.726624 -0.122609
0.314272 0.731842 -0.126639
0.313493 0.736397 -0.129985
0.318349 0.729308 -0.119906
0.315755 0.734057 -0.124828
0.323373 0.719824 -0.116921
0.324640 0.722805 -0.111766
0.314678 0.736801 -0.128001
0.313848 0.740679 -0.136533
0.313946 0.740241 -0.139906
0.325467 0.739058 -0.133724
0.321630 0.740365 -0.138687
0.321915 0.741872 -0.136433
0.326268 0.739471 -0.129612
0.321389 0.742524 -0.133590
0.319282 0.740982 -0.140707
0.318149 0.742920 -0.138999
0.326492 0.720784 -0.109600
0.328870 0.725389 -0.108225
0.327551 0.726767 -0.110496
0.321208 0.733052 -0.118314
0.330007 0.731853 -0.113528
0.332020 0.734619 -0.118839
0.325360 0.739469 -0.125407
0.323579 0.737347 -0.121027
0.320357 0.741565 -0.129623
0.319557 0.739686 -0.126738
0.317450 0.736952 -0.124889
0.317203 0.741719 -0.131842
0.317420 0.743146 -0.135888
0.314684 0.739883 -0.132155
0.315784 0.738803 -0.128771
0.317362 0.740397 -0.129222
0.365884 0.759243 -0.023773
0.362528 0.759995 -0.027841
0.364440 0.753432 -0.026082
0.366810 0.744247 -0.024610
0.373115 0.737599 -0.020559
0.363485 0.743707 -0.029897
0.361863 0.753190 -0.030645
0.359832 0.762389 -0.033227
0.363667 0.736184 -0.034916
0.152318 0.588926 -0.015407
0.154694 0.588349 -0.016577
0.157864 0.584304 -0.018930
0.155335 0.583241 -0.017869
0.151957 0.582419 -0.017026
0.147676 0.582231 -0.016477
0.140300 0.588134 -0.014950
0.146335 0.588394 -0.014424
0.133403 0.585386 -0.019273
0.134570 0.586664 -0.018468
0.134200 0.584790 -0.018691
0.139056 0.583425 -0.017006
0.136287 0.584279 -0.017826
0.158349 0.586992 -0.019242
0.159795 0.586188 -0.020165
0.156193 0.587653 -0.018035
0.143200 0.582556 -0.016530
0.160028 0.585907 -0.020379
0.158840 0.584980 -0.019601
0.136706 0.587812 -0.016890
0.151978 0.584591 -0.017133
0.147915 0.584232 -0.016720
0.141376 0.585530 -0.016167
0.147417 0.585766 -0.016485
0.139305 0.584368 -0.016872
0.137809 0.584952 -0.017256
0.154805 0.585084 -0.017812
0.142088 0.583216 -0.016995
0.152099 0.586723 -0.016628
0.137304 0.586107 -0.017375
0.138716 0.585966 -0.016612
0.158573 0.586117 -0.019557
0.158748 0.585850 -0.019738
0.123800 0.401516 -0.052075
0.123763 0.384099 -0.041121
0.154254 0.586653 -0.017382
0.158096 0.585751 -0.019353
0.156515 0.585391 -0.018605
0.156224 0.586592 -0.018337
0.157487 0.586272 -0.019078
0.358586 0.486531 -0.096300
0.358663 0.475120 -0.079778
0.382008 0.473286 -0.148622
0.388685 0.451321 -0.157504
0.153403 0.081604 0.007065
0.212765 0.152127 -0.205551
0.207598 0.168500 -0.205701
0.142154 0.168320 -0.233163
0.160709 0.165447 -0.227498
0.247019 0.138302 -0.097084
0.249145 0.113628 -0.099263
0.200653 0.129978 -0.032210
0.199816 0.105501 -0.033111
0.236335 0.087374 -0.078171
0.189474 0.121250 -0.228330
0.185355 0.143522 -0.226566
0.204216 0.139609 -0.219166
0.209952 0.115232 -0.220390
0.123212 0.153476 -0.227023
0.122979 0.170805 -0.237700
0.250616 0.167725 -0.118281
0.246427 0.169940 -0.143771
0.228622 0.179778 -0.190799
0.217620 0.183930 -0.208790
0.184343 0.197003 -0.235511
0.204083 0.190888 -0.224056
0.188772 0.154885 -0.010643
0.174668 0.184698 0.000712
0.248169 0.162457 -0.092937
0.123242 0.163174 0.025974
0.147875 0.224907 -0.246780
0.168786 0.223997 -0.244126
0.238905 0.173703 -0.166814
0.136938 0.344122 -0.015686
0.135329 0.326646 -0.006683
0.153293 0.330444 -0.008190
0.154387 0.348970 -0.016082
0.169912 0.333279 -0.008472
0.186403 0.334388 -0.010357
0.202152 0.335060 -0.012983
0.240889 0.332149 -0.029074
0.228697 0.333840 -0.022533
0.261253 0.325946 -0.048763
0.252298 0.327825 -0.038518
0.269938 0.314549 -0.059892
0.277130 0.298794 -0.075360
0.278577 0.281442 -0.092989
0.277421 0.298910 -0.097089
0.275639 0.281792 -0.067458
0.269221 0.298389 -0.052299
0.259095 0.309308 -0.039933
0.119114 0.278155 0.010315
0.121203 0.252491 0.017026
0.123515 0.417508 -0.063961
0.507721 0.538549 -0.032009
0.411602 0.625612 -0.078078
0.151647 0.431660 -0.241765
0.138301 0.432788 -0.248820
0.119212 0.419865 -0.248277
0.121218 0.431937 -0.252783
0.214192 0.449728 -0.218601
0.205650 0.436376 -0.231658
0.188998 0.425074 -0.237035
0.168708 0.419738 -0.239949
0.241016 0.175975 -0.064953
0.149788 0.391779 -0.244348
0.168521 0.406565 -0.242547
0.189779 0.410648 -0.242008
0.209389 0.418457 -0.235265
0.221747 0.434678 -0.225074
0.233202 0.434653 -0.220042
0.258031 0.417093 -0.215408
0.267638 0.419397 -0.209786
0.262396 0.440620 -0.205128
0.271915 0.442443 -0.202817
0.278602 0.422633 -0.205481
0.365717 0.437892 -0.170311
0.378781 0.432410 -0.161333
0.385056 0.424531 -0.156924
0.389862 0.413857 -0.147974
0.387976 0.399861 -0.140524
0.381072 0.384414 -0.137094
0.368305 0.373538 -0.137193
0.324034 0.352818 -0.144709
0.314136 0.347853 -0.149876
0.294755 0.321312 -0.175347
0.286366 0.309903 -0.185474
0.235772 0.262279 -0.214762
0.249225 0.276023 -0.211349
0.228012 0.241513 -0.220340
0.213553 0.024931 -0.263244
0.208951 0.045027 -0.251739
0.231274 0.042929 -0.235096
0.233130 0.024737 -0.247395
0.127201 0.087119 -0.249744
0.152299 0.086743 -0.252916
0.273342 0.017623 -0.140725
0.273259 0.025880 -0.168343
0.264896 0.032890 -0.194310
0.250196 0.039293 -0.215922
0.265995 0.009215 -0.113353
0.156512 -0.018875 -0.002364
0.178606 -0.014429 -0.025940
0.081747 -0.014561 0.021272
0.106653 -0.017923 0.020753
0.250891 0.003395 -0.088160
0.131324 -0.020507 0.013779
0.201294 -0.007925 -0.048968
0.228814 -0.001011 -0.066488
0.204035 0.059844 -0.248036
0.179891 0.061874 -0.255873
0.176495 0.082677 -0.251361
0.150797 0.294053 -0.248785
0.171609 0.295828 -0.244516
0.189721 0.298215 -0.243959
0.209543 0.314117 -0.243329
0.225387 0.318365 -0.235840
0.228318 0.304030 -0.237705
0.209024 0.297664 -0.245854
0.258709 0.333544 -0.213581
0.270962 0.341666 -0.207779
0.272174 0.330468 -0.205020
0.261044 0.321559 -0.210775
0.284501 0.340186 -0.197824
0.295783 0.348852 -0.189835
0.304861 0.355292 -0.182592
0.313947 0.361064 -0.174865
0.312146 0.379164 -0.188084
0.303152 0.375123 -0.190861
0.255437 0.345494 -0.215629
0.241581 0.339795 -0.224138
0.148795 0.331166 -0.248549
0.131504 0.331802 -0.248909
0.279036 0.274877 -0.114584
0.274588 0.270188 -0.136762
0.270814 0.273724 -0.155763
0.271423 0.276675 -0.171216
0.272393 0.280607 -0.185997
0.269350 0.282838 -0.197867
0.264261 0.286669 -0.207194
0.276876 0.298750 -0.196189
0.259158 0.292667 -0.213129
0.271774 0.303450 -0.201061
0.253019 0.297623 -0.217432
0.249115 0.303041 -0.220401
0.246546 0.314000 -0.220607
0.244445 0.326049 -0.222113
0.207829 0.327320 -0.242871
0.223918 0.332386 -0.235997
0.189152 0.344368 -0.245884
0.188815 0.361279 -0.247385
0.190300 0.312103 -0.246571
0.192187 0.327178 -0.243011
0.183343 0.467299 -0.210242
0.170013 0.459491 -0.220283
0.357462 0.376635 -0.149888
0.367798 0.380441 -0.144927
0.360212 0.372254 -0.144002
0.354555 0.371406 -0.148232
0.372255 0.390233 -0.148513
0.359356 0.393392 -0.158705
0.372962 0.402736 -0.153761
0.359930 0.384949 -0.153191
0.370136 0.412280 -0.160975
0.357640 0.403390 -0.164693
0.366037 0.420820 -0.166794
0.355480 0.412510 -0.171056
0.352029 0.417814 -0.175910
0.357944 0.425602 -0.173876
0.320173 0.407308 -0.192076
0.331484 0.411362 -0.187730
0.342753 0.414867 -0.181717
0.325860 0.366313 -0.168296
0.336718 0.372201 -0.163950
0.348416 0.377740 -0.158515
0.347341 0.386109 -0.163186
0.336390 0.379579 -0.169455
0.325997 0.373384 -0.174837
0.148147 0.313020 -0.248352
0.167984 0.313066 -0.247189
0.283685 0.350663 -0.201162
0.294082 0.358114 -0.194474
0.304179 0.364095 -0.187828
0.313430 0.368881 -0.181853
0.294000 0.369481 -0.196078
0.281056 0.361728 -0.203045
0.266926 0.353528 -0.210329
0.169054 0.330087 -0.246179
0.130313 0.313424 -0.249279
0.259790 0.459636 -0.114869
0.260131 0.473548 -0.142728
0.265615 0.475321 -0.170272
0.269375 0.462971 -0.191259
0.123179 0.465234 -0.226782
0.480838 0.451598 -0.019897
0.109048 0.256632 -0.251510
0.111276 0.279039 -0.252878
0.106129 0.195103 -0.245213
0.106750 0.213515 -0.252179
0.149559 0.107217 -0.239620
0.126016 0.109812 -0.234917
0.125063 0.133880 -0.225073
0.101775 0.069832 -0.260983
0.101035 0.088848 -0.242899
0.102756 0.139172 -0.218763
0.104996 0.158137 -0.227055
0.127992 0.227596 -0.247726
0.131946 0.294935 -0.250915
0.112984 0.314822 -0.251240
0.113780 0.329963 -0.250442
0.113572 0.347448 -0.249543
0.214335 0.303089 0.000325
0.214945 0.319102 -0.008216
0.201030 0.319078 -0.004660
0.200038 0.302831 0.003832
0.236746 0.302066 -0.011217
0.238579 0.316692 -0.019905
0.227434 0.318403 -0.013218
0.226536 0.302992 -0.004387
0.249079 0.314035 -0.027956
0.246478 0.298574 -0.019170
0.212941 0.284160 0.007785
0.224792 0.284024 0.003321
0.198382 0.283402 0.011038
0.243649 0.281518 -0.012861
0.234767 0.283426 -0.004073
0.121318 0.472298 -0.042025
0.119731 0.475920 -0.029418
0.115218 0.517419 -0.014031
0.115445 0.522263 -0.014027
0.114376 0.472583 -0.065843
0.114569 0.471455 -0.073684
0.112823 0.499384 -0.019475
0.112136 0.484968 -0.021311
0.113329 0.539801 -0.011476
0.113535 0.536970 -0.012636
0.113539 0.528935 -0.011996
0.113497 0.525443 -0.012785
0.114252 0.468683 -0.078706
0.113945 0.471455 -0.055618
0.112785 0.458499 -0.078240
0.112020 0.453860 -0.077816
0.122085 0.447256 -0.073549
0.122217 0.440008 -0.069654
0.117340 0.300782 0.005683
0.122421 0.345567 -0.028303
0.120425 0.337726 -0.013035
0.122855 0.363837 -0.036632
0.122565 0.429179 -0.067843
0.113278 0.462907 -0.077979
0.113151 0.512827 -0.015072
0.113146 0.507024 -0.017651
0.113647 0.534397 -0.012723
0.113678 0.531669 -0.012442
0.107752 0.399396 -0.049875
0.106612 0.380412 -0.040108
0.118502 0.320066 -0.002946
0.101618 0.273550 0.012726
0.101038 0.247390 0.020474
0.109074 0.417241 -0.062973
0.101771 0.229912 0.012985
0.234443 -0.133195 -0.221599
0.215207 -0.142699 -0.245009
0.209520 -0.129797 -0.256383
0.224941 -0.120525 -0.239167
0.245043 -0.090106 -0.220577
0.253114 -0.069649 -0.216938
0.259493 -0.044058 -0.210891
0.189173 -0.139221 -0.272272
0.162771 -0.132110 -0.289288
0.163702 -0.147555 -0.281426
0.246983 -0.043571 -0.237013
0.239871 -0.068991 -0.241630
0.217700 -0.116583 -0.250269
0.224005 -0.106627 -0.246783
0.234038 -0.105584 -0.228441
0.188150 -0.127873 -0.276330
0.205813 -0.121177 -0.263736
0.163689 0.025674 -0.285003
0.165939 0.003467 -0.294511
0.137099 0.005329 -0.299591
0.252719 0.024291 -0.222393
0.233969 0.004482 -0.255331
0.063419 -0.144875 -0.284452
0.207968 -0.109712 -0.264382
0.162988 -0.112260 -0.299524
0.187478 -0.109825 -0.283228
0.186256 -0.042297 -0.296028
0.209858 -0.041937 -0.280401
0.198599 -0.065141 -0.288223
0.177837 -0.063331 -0.300458
0.228706 -0.041805 -0.261274
0.232453 -0.018472 -0.259648
0.188395 -0.017847 -0.291303
0.212254 -0.017264 -0.277116
0.213585 0.005672 -0.271584
0.220789 -0.067525 -0.266531
0.166611 -0.088455 -0.303902
0.140316 -0.092215 -0.310401
0.111080 -0.094129 -0.311400
0.077675 -0.101045 -0.310350
0.086950 -0.074185 -0.315745
0.189324 0.005469 -0.285062
0.183602 0.045858 -0.263822
0.190784 0.028376 -0.273829
0.172075 0.103298 -0.238941
0.133422 -0.352616 -0.115075
0.047827 -0.164475 -0.173129
0.050711 -0.163663 -0.154962
0.248597 -0.105362 -0.096493
0.252121 -0.123814 -0.175497
0.243800 -0.112866 -0.204782
0.062711 -0.163043 -0.126127
0.074522 -0.158850 -0.104478
0.227641 -0.110132 -0.070737
0.159326 -0.148700 -0.056475
0.056224 -0.163943 -0.142377
0.231588 -0.089557 -0.244373
0.211971 -0.091068 -0.266503
0.189093 -0.088098 -0.290208
0.135032 -0.114178 -0.304532
0.103243 -0.113739 -0.306049
0.072547 -0.117560 -0.303820
0.070075 -0.129734 -0.070886
0.055138 -0.118565 -0.064782
0.066108 -0.119287 -0.062777
0.045436 -0.104653 -0.057007
0.042213 -0.118317 -0.067317
0.054396 -0.129472 -0.075221
0.041370 -0.129071 -0.077976
0.040800 -0.137349 -0.088031
0.148282 -0.035857 -0.010122
0.171961 -0.029552 -0.030130
0.075072 -0.035157 0.012379
0.098484 -0.037546 0.010243
0.248588 -0.011336 -0.091186
0.122199 -0.039042 0.003819
0.198973 -0.023089 -0.049985
0.226596 -0.017215 -0.069755
0.098410 -0.020248 -0.311691
0.101036 0.007437 -0.304909
0.053638 -0.033754 0.007395
0.112472 0.475856 -0.029593
0.113534 0.472347 -0.043190
0.114696 0.658834 -0.011642
0.122528 0.503478 -0.185116
0.113342 0.599689 -0.006773
0.113546 0.521965 -0.014559
0.112993 0.540864 -0.008263
0.111161 0.448495 -0.075622
0.110213 0.440882 -0.072023
0.043598 -0.160815 -0.164193
0.109513 0.429628 -0.068644
0.043829 -0.160435 -0.175691
0.105356 0.175570 -0.235824
0.041629 -0.757159 -0.246961
0.045115 -0.757337 -0.265257
0.043511 -0.782593 -0.260210
0.039909 -0.782190 -0.243710
0.072689 -0.759829 -0.287239
0.055451 -0.758357 -0.279373
0.090457 -0.762402 -0.284700
0.104833 -0.765509 -0.272357
0.094785 -0.788992 -0.272330
0.081755 -0.787026 -0.282392
0.108089 -0.765802 -0.263916
0.103847 -0.790871 -0.253231
0.111970 -0.766544 -0.252548
0.114849 -0.766318 -0.227889
0.107968 -0.790913 -0.230780
0.103790 -0.769354 -0.208351
0.096677 -0.792511 -0.210914
0.083768 -0.768661 -0.199516
0.045215 -0.759680 -0.229097
0.041192 -0.784107 -0.223954
0.067317 -0.784973 -0.283996
0.054383 -0.783894 -0.276483
0.047882 -0.783205 -0.268685
0.050155 -0.758230 -0.272982
0.040853 -0.813186 -0.254642
0.034894 -0.811231 -0.238089
0.061260 -0.814395 -0.283281
0.051185 -0.814236 -0.274525
0.085975 -0.817062 -0.272242
0.074625 -0.815901 -0.283277
0.097682 -0.818514 -0.253161
0.091388 -0.817477 -0.262709
0.098454 -0.789810 -0.264272
0.101015 -0.817016 -0.233512
0.090389 -0.818534 -0.210038
0.035912 -0.811026 -0.219647
0.045547 -0.813693 -0.265136
0.092710 -0.909225 -0.074202
0.092025 -0.904910 -0.074876
0.088930 -0.905116 -0.073358
0.088086 -0.910130 -0.072333
0.055257 -0.904793 -0.056411
0.054778 -0.899481 -0.055204
0.047573 -0.900293 -0.055357
0.045944 -0.905876 -0.056721
0.072815 -0.908711 -0.062151
0.072616 -0.913267 -0.064920
0.076347 -0.913516 -0.066014
0.078500 -0.908891 -0.063477
0.109252 -0.906977 -0.102567
0.109535 -0.911847 -0.104438
0.112440 -0.911839 -0.106158
0.113816 -0.907190 -0.105647
0.098426 -0.909428 -0.085691
0.098405 -0.913776 -0.087588
0.101377 -0.913631 -0.089296
0.103023 -0.910466 -0.088636
0.051755 -0.895884 -0.076975
0.039184 -0.894128 -0.078335
0.043795 -0.898174 -0.063844
0.054405 -0.897263 -0.063290
0.037007 -0.905038 -0.067358
0.032723 -0.901898 -0.083675
0.037925 -0.911151 -0.084843
0.041380 -0.911791 -0.070605
0.050128 -0.913399 -0.082331
0.051681 -0.913413 -0.069667
0.056469 -0.906729 -0.078462
0.060079 -0.904194 -0.065606
0.076234 -0.904085 -0.080953
0.072516 -0.897037 -0.079699
0.076281 -0.900937 -0.068474
0.080707 -0.905970 -0.070638
0.063678 -0.896891 -0.077661
0.070518 -0.900903 -0.066868
0.060002 -0.907537 -0.077079
0.063600 -0.912850 -0.081819
0.068341 -0.914370 -0.070806
0.064794 -0.906800 -0.065489
0.072094 -0.912108 -0.083389
0.075900 -0.914296 -0.072732
0.089460 -0.896485 -0.090464
0.080195 -0.897998 -0.086077
0.085347 -0.902993 -0.077883
0.091488 -0.902298 -0.080362
0.081884 -0.911142 -0.077058
0.077569 -0.908820 -0.085476
0.081452 -0.913107 -0.087983
0.085747 -0.915299 -0.079071
0.089581 -0.911702 -0.090204
0.091778 -0.914277 -0.080234
0.093610 -0.903602 -0.090313
0.094891 -0.908218 -0.080889
0.105595 -0.902949 -0.102768
0.102545 -0.895437 -0.102403
0.103133 -0.901735 -0.093357
0.105686 -0.908684 -0.094793
0.095851 -0.895972 -0.098264
0.098287 -0.901112 -0.090976
0.093879 -0.905181 -0.089047
0.092919 -0.902182 -0.095676
0.095302 -0.911271 -0.098817
0.096308 -0.913847 -0.091552
0.102509 -0.911738 -0.102851
0.102261 -0.914320 -0.094122
0.114692 -0.896482 -0.118378
0.114740 -0.899861 -0.110369
0.116589 -0.906013 -0.112057
0.116297 -0.904435 -0.120489
0.109327 -0.895463 -0.113260
0.109777 -0.899140 -0.107041
0.106043 -0.904267 -0.105994
0.106031 -0.901670 -0.111088
0.106896 -0.910890 -0.113647
0.107420 -0.912461 -0.108032
0.112720 -0.910954 -0.118173
0.113139 -0.912873 -0.111204
0.053906 -0.891870 -0.090969
0.037526 -0.890221 -0.091037
0.046490 -0.910318 -0.061108
0.030740 -0.900299 -0.095947
0.052294 -0.910194 -0.060610
0.053066 -0.912548 -0.094543
0.035899 -0.909789 -0.096883
0.056363 -0.905984 -0.084257
0.077239 -0.904350 -0.063373
0.072954 -0.912897 -0.098140
0.074878 -0.906592 -0.089702
0.074259 -0.904214 -0.062448
0.072555 -0.891796 -0.094061
0.089492 -0.891775 -0.105075
0.088818 -0.913897 -0.074380
0.091647 -0.913169 -0.075208
0.090751 -0.912037 -0.106036
0.092987 -0.901520 -0.097883
0.102842 -0.905618 -0.088932
0.104008 -0.911619 -0.116490
0.106212 -0.900739 -0.110941
0.099501 -0.904871 -0.087360
0.104220 -0.891833 -0.116934
0.113258 -0.903476 -0.106219
0.112693 -0.911863 -0.127812
0.116999 -0.903665 -0.131792
0.110734 -0.902629 -0.104161
0.114549 -0.894568 -0.126411
0.049718 -0.786417 -0.211127
0.053799 -0.763078 -0.214386
0.065466 -0.768267 -0.203317
0.060620 -0.790479 -0.203615
0.076833 -0.790831 -0.201070
0.043392 -0.813956 -0.203833
0.059138 -0.816498 -0.196146
0.075441 -0.818017 -0.197794
0.100688 -0.839555 -0.234655
0.094511 -0.838459 -0.255575
0.088724 -0.837282 -0.266123
0.083075 -0.836992 -0.275693
0.069190 -0.837217 -0.286022
0.031338 -0.832312 -0.212701
0.040131 -0.833513 -0.194084
0.058433 -0.837180 -0.184927
0.074031 -0.838375 -0.190530
0.033828 -0.885409 -0.108010
0.050108 -0.881813 -0.106563
0.046629 -0.873065 -0.124867
0.031695 -0.881346 -0.126625
0.067877 -0.882520 -0.110212
0.066269 -0.870687 -0.130426
0.085165 -0.884196 -0.119797
0.081643 -0.875603 -0.136622
0.100606 -0.886946 -0.129819
0.095881 -0.880741 -0.145351
0.112219 -0.892279 -0.139052
0.107613 -0.889203 -0.155217
0.117039 -0.901910 -0.144171
0.113184 -0.899917 -0.161692
0.026914 -0.897643 -0.111697
0.026714 -0.894884 -0.133942
0.033192 -0.909295 -0.116317
0.033578 -0.907637 -0.135261
0.050018 -0.913005 -0.117695
0.049019 -0.912236 -0.137238
0.110532 -0.911430 -0.158170
0.112369 -0.912790 -0.140821
0.070595 -0.913085 -0.124953
0.068466 -0.912268 -0.142109
0.087545 -0.913710 -0.131112
0.085910 -0.913175 -0.147688
0.102015 -0.914395 -0.136641
0.100203 -0.913611 -0.154334
0.043987 -0.863688 -0.147822
0.064348 -0.858910 -0.150287
0.078415 -0.863543 -0.158861
0.091096 -0.872132 -0.166741
0.103130 -0.884321 -0.176077
0.108480 -0.896682 -0.182548
0.090131 -0.862504 -0.192513
0.100796 -0.881161 -0.203303
0.103052 -0.897105 -0.204979
0.099345 -0.894005 -0.228813
0.099490 -0.880413 -0.228224
0.091423 -0.880616 -0.268730
0.095841 -0.879297 -0.250074
0.097203 -0.892650 -0.251982
0.091718 -0.896766 -0.271512
0.096946 -0.862131 -0.217154
0.096583 -0.860324 -0.242001
0.091332 -0.857682 -0.261263
0.077919 -0.894178 -0.290496
0.078821 -0.880174 -0.290235
0.086540 -0.881719 -0.279857
0.085215 -0.896899 -0.281887
0.060424 -0.894659 -0.295601
0.063029 -0.880252 -0.298099
0.045314 -0.881243 -0.288735
0.043824 -0.894494 -0.287870
0.080357 -0.856132 -0.280720
0.086278 -0.856657 -0.271635
0.066362 -0.856969 -0.290594
0.052658 -0.855500 -0.286049
0.036451 -0.877321 -0.268876
0.041817 -0.852171 -0.268735
0.034385 -0.891819 -0.270840
0.032413 -0.877545 -0.150182
0.031035 -0.892383 -0.157682
0.075297 -0.850125 -0.177540
0.060821 -0.847903 -0.169299
0.040118 -0.849676 -0.177327
0.030426 -0.873959 -0.179033
0.032321 -0.890891 -0.185890
0.027956 -0.872507 -0.205725
0.031359 -0.888235 -0.207796
0.036171 -0.902363 -0.160698
0.038205 -0.898371 -0.187965
0.037639 -0.896548 -0.210324
0.028528 -0.874149 -0.225583
0.030512 -0.887528 -0.228590
0.031979 -0.875254 -0.242559
0.031713 -0.888342 -0.244814
0.032608 -0.889591 -0.257990
0.034443 -0.875690 -0.256040
0.033834 -0.853849 -0.247120
0.037609 -0.852413 -0.258007
0.029667 -0.854418 -0.226943
0.029841 -0.853104 -0.203875
0.106062 -0.908026 -0.182308
0.101150 -0.905553 -0.205414
0.095411 -0.904223 -0.228010
0.091406 -0.904489 -0.250912
0.084436 -0.907409 -0.269483
0.078477 -0.907015 -0.277768
0.072024 -0.906005 -0.286285
0.056007 -0.903940 -0.289389
0.044682 -0.901262 -0.284977
0.039534 -0.902814 -0.269905
0.037488 -0.901366 -0.259313
0.035324 -0.897661 -0.231709
0.037026 -0.899821 -0.246960
0.029730 -0.832936 -0.232795
0.035940 -0.833166 -0.251267
0.040368 -0.833272 -0.260640
0.054366 -0.835506 -0.281618
0.044789 -0.832996 -0.269420
0.049536 -0.908794 -0.163392
0.067741 -0.910058 -0.168272
0.083763 -0.911217 -0.173744
0.097342 -0.911246 -0.178350
0.093186 -0.909265 -0.202987
0.081091 -0.909337 -0.200010
0.065568 -0.908124 -0.195604
0.049557 -0.904096 -0.190809
0.087427 -0.908493 -0.225187
0.077696 -0.908776 -0.221541
0.061796 -0.906982 -0.220725
0.049457 -0.903625 -0.213860
0.045660 -0.903728 -0.235392
0.055614 -0.906121 -0.242055
0.071110 -0.908106 -0.241788
0.080547 -0.908176 -0.247340
0.075346 -0.907553 -0.264340
0.065306 -0.906730 -0.259094
0.051118 -0.905366 -0.257520
0.043676 -0.904308 -0.250564
0.071037 -0.907199 -0.271870
0.056894 -0.905631 -0.282257
0.066479 -0.906611 -0.278848
0.049810 -0.905046 -0.280325
0.045445 -0.904641 -0.269779
0.044344 -0.904593 -0.260536
0.051229 -0.905166 -0.269875
0.051355 -0.905256 -0.263711
0.063353 -0.906293 -0.266521
0.061193 -0.905837 -0.273143
0.051407 -0.905055 -0.275990
0.057386 -0.905562 -0.277528
0.089142 -0.839612 -0.208186
0.122328 0.475840 -0.215923
0.117588 0.405249 -0.245712
0.077167 -0.508492 -0.188129
0.090503 -0.514903 -0.179485
0.105455 -0.512493 -0.175820
0.196489 -0.116723 -0.054269
0.175784 0.081319 -0.012029
0.181901 0.129125 -0.011949
0.177880 0.104286 -0.013200
0.194258 -0.144940 -0.058169
0.238637 0.156921 -0.069779
0.068361 -0.131824 -0.295260
0.114156 0.361617 -0.248550
0.216069 0.334953 -0.017142
0.094317 -0.044849 -0.315130
0.199037 0.584785 -0.104363
0.197216 0.583527 -0.104048
0.196059 0.580416 -0.104351
0.194501 0.579201 -0.106067
0.194149 0.578621 -0.108331
0.194784 0.578511 -0.110874
0.196736 0.580790 -0.106161
0.195854 0.583481 -0.107436
0.197233 0.583895 -0.106041
0.197831 0.582929 -0.105608
0.105326 0.359321 -0.035677
0.104251 0.341898 -0.024051
0.104367 0.334041 -0.010374
0.102930 0.315964 -0.000641
0.113474 0.517346 -0.014375
0.079771 0.047593 0.002035
0.080284 0.058556 0.009290
0.101657 0.114077 -0.226701
0.064290 0.007306 0.018838
0.082008 0.071264 0.021774
0.107145 0.234076 -0.250209
0.101996 0.297051 0.006274
0.057967 -0.013013 0.019369
0.112352 0.297619 -0.252171
0.085511 0.094235 0.030241
0.048102 -0.088246 -0.044864
0.096745 0.161482 0.025874
0.074688 0.633965 -0.023773
0.064761 0.626941 -0.034804
0.070165 0.615550 -0.025815
0.080072 0.618228 -0.016959
0.072626 0.603165 -0.018811
0.082380 0.604308 -0.012125
0.058664 0.618152 -0.045869
0.062783 0.609840 -0.035518
0.052890 0.577837 -0.045069
0.055831 0.586293 -0.044924
0.050029 0.585174 -0.054069
0.048975 0.573753 -0.055013
0.051603 0.550134 -0.047168
0.052343 0.543234 -0.058880
0.053656 0.533023 -0.049084
0.057047 0.541826 -0.039441
0.088769 0.554476 -0.019281
0.085995 0.560618 -0.019329
0.079411 0.555442 -0.019313
0.083807 0.548380 -0.020973
0.097675 0.563318 -0.013411
0.102157 0.565413 -0.007827
0.102437 0.571215 -0.011089
0.097405 0.568667 -0.015634
0.093117 0.549292 -0.020809
0.090714 0.543133 -0.024162
0.094348 0.554700 -0.016530
0.093227 0.559593 -0.017586
0.098544 0.547438 -0.008633
0.102111 0.546759 -0.004149
0.101007 0.552939 -0.003384
0.096925 0.552960 -0.009188
0.095134 0.548394 -0.017646
0.099504 0.545120 -0.016013
0.097117 0.547052 -0.012833
0.094865 0.550466 -0.014026
0.097979 0.557898 -0.011365
0.101839 0.559453 -0.005143
0.105980 0.559159 0.000934
0.105305 0.551210 0.003025
0.074398 0.536514 -0.029478
0.081433 0.533315 -0.030121
0.085767 0.537678 -0.026942
0.078725 0.542208 -0.023976
0.098914 0.543196 -0.019344
0.096682 0.529074 -0.019843
0.102599 0.530317 -0.015730
0.102300 0.533593 -0.016054
0.096394 0.532730 -0.020001
0.069969 0.523222 -0.039159
0.069627 0.514363 -0.041795
0.078049 0.515721 -0.038676
0.078105 0.522689 -0.037936
0.080205 0.508880 -0.038827
0.072778 0.505399 -0.044363
0.083066 0.491529 -0.040691
0.088598 0.498099 -0.033284
0.084378 0.503776 -0.037061
0.077153 0.498616 -0.043439
0.099213 0.502767 -0.024341
0.093634 0.492030 -0.028580
0.100435 0.487229 -0.024522
0.105094 0.500581 -0.021662
0.096513 0.523101 -0.022387
0.097111 0.526037 -0.020306
0.093311 0.525199 -0.024153
0.093390 0.522874 -0.025533
0.090372 0.522672 -0.029385
0.090531 0.523436 -0.028558
0.089336 0.524358 -0.029304
0.089072 0.522932 -0.030746
0.091683 0.522609 -0.027716
0.090864 0.521758 -0.028861
0.092678 0.521052 -0.026437
0.095589 0.520114 -0.022900
0.108745 0.517840 -0.015276
0.109148 0.522235 -0.015583
0.106030 0.522468 -0.016630
0.104883 0.518606 -0.016327
0.090452 0.525580 -0.027105
0.092379 0.527221 -0.024164
0.091552 0.529768 -0.024346
0.088787 0.527606 -0.027621
0.086084 0.530177 -0.028956
0.084406 0.526900 -0.032682
0.087416 0.525426 -0.030599
0.089847 0.521095 -0.030532
0.087220 0.522968 -0.032760
0.087788 0.519950 -0.033199
0.089362 0.516618 -0.031402
0.091611 0.519347 -0.028485
0.094136 0.517591 -0.024927
0.092042 0.513525 -0.028337
0.096313 0.510970 -0.023984
0.098956 0.515631 -0.020054
0.089714 0.533708 -0.025245
0.083981 0.523011 -0.035738
0.079290 0.528884 -0.035076
0.084388 0.518378 -0.036190
0.086244 0.513554 -0.035367
0.093937 0.505622 -0.028165
0.089422 0.509253 -0.032255
0.090060 0.484155 -0.036716
0.098713 0.478539 -0.032221
0.075064 0.594279 -0.016906
0.083840 0.594921 -0.013327
0.074184 0.589442 -0.022053
0.077483 0.589220 -0.019997
0.076646 0.590553 -0.018032
0.072392 0.591578 -0.021776
0.061616 0.587410 -0.038484
0.058811 0.581343 -0.039398
0.064699 0.585288 -0.034998
0.065431 0.588384 -0.033707
0.071019 0.577423 -0.027550
0.074334 0.583941 -0.025069
0.071877 0.585186 -0.027531
0.066409 0.579319 -0.030890
0.077415 0.583052 -0.022980
0.075253 0.576859 -0.024532
0.080264 0.577619 -0.022005
0.081292 0.582431 -0.021235
0.083789 0.590836 -0.016529
0.082676 0.589337 -0.017982
0.088802 0.589196 -0.018697
0.090716 0.591151 -0.017548
0.098083 0.584946 -0.022039
0.101565 0.584317 -0.020843
0.101255 0.587637 -0.020347
0.096741 0.586736 -0.021487
0.096611 0.583585 -0.021787
0.098874 0.581357 -0.021201
0.081132 0.657483 -0.023477
0.067493 0.649714 -0.034768
0.086459 0.638370 -0.015468
0.057242 0.638653 -0.045824
0.052181 0.627755 -0.058435
0.054784 0.523765 -0.057729
0.060660 0.517154 -0.047804
0.061280 0.526340 -0.042063
0.057349 0.512551 -0.062246
0.064414 0.506463 -0.051017
0.077129 0.487088 -0.052631
0.069542 0.495801 -0.053118
0.054462 0.523358 -0.075693
0.056584 0.515449 -0.082867
0.061981 0.503312 -0.066248
0.051945 0.530572 -0.099085
0.053741 0.530929 -0.106284
0.059862 0.509265 -0.091753
0.072447 0.481221 -0.087261
0.064404 0.489853 -0.101768
0.064572 0.483648 -0.105760
0.071546 0.476480 -0.090772
0.053987 0.534881 -0.069633
0.050310 0.596607 -0.062661
0.046544 0.584294 -0.066866
0.054672 0.595544 -0.050866
0.049492 0.659172 -0.081104
0.042530 0.642217 -0.087511
0.045968 0.635954 -0.071595
0.051707 0.650421 -0.061528
0.079220 0.691251 -0.066573
0.062281 0.676937 -0.073608
0.064508 0.665772 -0.050675
0.078882 0.677107 -0.040930
0.041483 0.644938 -0.104446
0.047987 0.663390 -0.103162
0.047121 0.660950 -0.124817
0.041513 0.644380 -0.120007
0.061214 0.682904 -0.100626
0.059347 0.681083 -0.129058
0.055912 0.541551 -0.120747
0.057953 0.524120 -0.114944
0.063164 0.508759 -0.113637
0.063260 0.499334 -0.095921
0.078913 0.697343 -0.130787
0.079582 0.698095 -0.097897
0.056378 0.621229 -0.167210
0.048530 0.612357 -0.156207
0.044957 0.626918 -0.145763
0.052338 0.639024 -0.158129
0.067392 0.629651 -0.178874
0.063913 0.651456 -0.170304
0.066994 0.575287 -0.169690
0.073347 0.574637 -0.186412
0.082734 0.564750 -0.171297
0.072744 0.559140 -0.163206
0.066844 0.601825 -0.026294
0.062626 0.598682 -0.034131
0.066257 0.594282 -0.028814
0.070182 0.595160 -0.022424
0.055339 0.608509 -0.056203
0.058657 0.603469 -0.043996
0.044424 0.622426 -0.080844
0.040656 0.626847 -0.092905
0.039364 0.631233 -0.119951
0.037841 0.629870 -0.106337
0.043752 0.605852 -0.146870
0.042716 0.615332 -0.139878
0.058115 0.551605 -0.140008
0.065088 0.555954 -0.155148
0.070249 0.539653 -0.151469
0.062378 0.534196 -0.135098
0.084099 0.546528 -0.167713
0.075791 0.543565 -0.160424
0.067819 0.511790 -0.136881
0.070064 0.516622 -0.151851
0.072015 0.502203 -0.157333
0.068420 0.499295 -0.139010
0.077586 0.505020 -0.171545
0.077185 0.516417 -0.165785
0.086083 0.515915 -0.175475
0.088398 0.502222 -0.181015
0.094478 0.467518 -0.077455
0.083312 0.470797 -0.081109
0.079928 0.467086 -0.084058
0.091716 0.463349 -0.079075
0.067214 0.491983 -0.147225
0.069669 0.496448 -0.164967
0.061501 0.571818 -0.156649
0.054379 0.568260 -0.148476
0.077589 0.496080 -0.179730
0.071067 0.524832 -0.150631
0.077325 0.528582 -0.162425
0.097785 0.548622 -0.173307
0.095446 0.562842 -0.179652
0.091894 0.564786 -0.018385
0.091061 0.578809 -0.020942
0.095126 0.579765 -0.021190
0.093600 0.583326 -0.021315
0.090139 0.582930 -0.020721
0.102705 0.616943 -0.007315
0.091529 0.619337 -0.010607
0.093048 0.604397 -0.009070
0.104849 0.600626 -0.008923
0.061473 0.553757 -0.028903
0.066223 0.542202 -0.026518
0.072205 0.549561 -0.020782
0.070140 0.559136 -0.022449
0.068315 0.588729 -0.030150
0.069017 0.589414 -0.028338
0.066660 0.590592 -0.030765
0.072378 0.530892 -0.036255
0.064082 0.534138 -0.035419
0.048327 0.569456 -0.068365
0.059921 0.593892 -0.040585
0.099186 0.699463 -0.060645
0.097186 0.682227 -0.033869
0.100708 0.709956 -0.093748
0.099560 0.707477 -0.129338
0.080348 0.661427 -0.179719
0.103521 0.671055 -0.183355
0.104016 0.643052 -0.196464
0.083187 0.636733 -0.189423
0.089178 0.571579 -0.200069
0.096548 0.516697 -0.179436
0.097373 0.502150 -0.184071
0.097235 0.660141 -0.016166
0.099800 0.638050 -0.009449
0.050387 0.613597 -0.069336
0.052198 0.569125 -0.042513
0.054351 0.560372 -0.037355
0.058598 0.570637 -0.032342
0.057261 0.575409 -0.037382
0.050173 0.561728 -0.052995
0.052006 0.554933 -0.067616
0.051147 0.547960 -0.082021
0.051877 0.535727 -0.090088
0.049523 0.653776 -0.145147
0.043481 0.639600 -0.135256
0.078017 0.683765 -0.160171
0.060628 0.670169 -0.154806
0.041397 0.628991 -0.132468
0.100309 0.694478 -0.161254
0.102394 0.537490 -0.016566
0.103946 0.541009 -0.015993
0.095759 0.537952 -0.021053
0.103210 0.514468 -0.017217
0.101041 0.508740 -0.020877
0.106551 0.507463 -0.018781
0.108056 0.513429 -0.015612
0.097711 0.474618 -0.044980
0.087684 0.480165 -0.048533
0.097172 0.470103 -0.074083
0.084591 0.470992 -0.078779
0.101928 0.547431 -0.010722
0.102029 0.546740 -0.013426
0.104794 0.546687 -0.013828
0.103356 0.547363 -0.009931
0.091446 0.524126 -0.026988
0.107059 0.530191 -0.013551
0.106639 0.526107 -0.014768
0.109633 0.525672 -0.013732
0.109655 0.529469 -0.012685
0.069156 0.491679 -0.070776
0.070894 0.487265 -0.080638
0.064127 0.492694 -0.121057
0.065732 0.499790 -0.118654
0.065282 0.523278 -0.132905
0.086297 0.530740 -0.170043
0.097635 0.532450 -0.176168
0.111983 0.533039 -0.179735
0.112462 0.547294 -0.177905
0.082872 0.477541 -0.062230
0.082394 0.476678 -0.070823
0.094381 0.470807 -0.065823
0.095167 0.471266 -0.056534
0.108646 0.543121 -0.010165
0.106767 0.542942 -0.013305
0.109333 0.540730 -0.011900
0.109461 0.541526 -0.008689
0.102238 0.545257 -0.014330
0.104544 0.542858 -0.015110
0.104424 0.544167 -0.014390
0.100769 0.546423 -0.012592
0.100527 0.546993 -0.009630
0.105782 0.545594 -0.003818
0.106336 0.544281 -0.000213
0.102987 0.545976 -0.006511
0.107069 0.545056 -0.011888
0.106371 0.544599 -0.013718
0.104603 0.545316 -0.014804
0.102887 0.546078 -0.014410
0.105100 0.547039 -0.005896
0.102914 0.547356 -0.007899
0.106525 0.566389 -0.002114
0.107086 0.473677 -0.074125
0.106175 0.471487 -0.065257
0.091081 0.522677 -0.028369
0.092703 0.595606 -0.014010
0.064020 0.567759 -0.027302
0.085363 0.566749 -0.020892
0.085698 0.572830 -0.021558
0.079049 0.570923 -0.022520
0.078176 0.563323 -0.021112
0.101451 0.593893 -0.015461
0.105379 0.589092 -0.016925
0.108470 0.589899 -0.011631
0.104940 0.583515 -0.017266
0.101646 0.578665 -0.019195
0.102628 0.575947 -0.015211
0.107253 0.580855 -0.010353
0.069354 0.591313 -0.026316
0.071280 0.589834 -0.024793
0.097719 0.572721 -0.018309
0.097055 0.576192 -0.020541
0.091872 0.574480 -0.021089
0.091878 0.569853 -0.020200
0.072008 0.568614 -0.024314
0.063658 0.591953 -0.034480
0.064698 0.582142 -0.033890
0.052178 0.560092 -0.133868
0.049832 0.573178 -0.140343
0.047229 0.545644 -0.114291
0.049377 0.549044 -0.117513
0.053574 0.545781 -0.113763
0.048860 0.542235 -0.110025
0.041510 0.604607 -0.126031
0.042425 0.603369 -0.120850
0.041272 0.610664 -0.119646
0.041136 0.610234 -0.128230
0.043656 0.602971 -0.114900
0.044259 0.599651 -0.114980
0.044077 0.598061 -0.112374
0.043929 0.606402 -0.112457
0.043384 0.602746 -0.104940
0.042678 0.614303 -0.099166
0.040481 0.617747 -0.108810
0.044215 0.595406 -0.079513
0.045101 0.607704 -0.089337
0.038115 0.596376 -0.097406
0.040714 0.588709 -0.093163
0.051197 0.553688 -0.097332
0.047856 0.544739 -0.104851
0.054426 0.551544 -0.121564
0.070877 0.609289 -0.184494
0.058756 0.604058 -0.174125
0.050305 0.599312 -0.160879
0.046303 0.595088 -0.150079
0.085602 0.614205 -0.191720
0.103541 0.615549 -0.198114
0.044037 0.581235 -0.081041
0.044423 0.578491 -0.093380
0.059694 0.587942 -0.175712
0.070864 0.590629 -0.191114
0.054052 0.585888 -0.160758
0.051292 0.583520 -0.149617
0.087841 0.594081 -0.197017
0.106756 0.590335 -0.200250
0.109660 0.568115 -0.202245
0.046110 0.557014 -0.112423
0.044225 0.549697 -0.112882
0.045087 0.548789 -0.110701
0.048082 0.555697 -0.106508
0.048570 0.565227 -0.095919
0.048006 0.565811 -0.082729
0.106880 0.573211 -0.005349
0.106511 0.485747 -0.022142
0.109034 0.500079 -0.020331
0.107380 0.536563 -0.014021
0.107224 0.533087 -0.013685
0.110006 0.532117 -0.012888
0.110269 0.535129 -0.013213
0.097175 0.590083 -0.018793
0.111428 0.559462 -0.182889
0.110028 0.517090 -0.181692
0.109310 0.502115 -0.185101
0.087256 0.493413 -0.189807
0.097681 0.492192 -0.194137
0.110064 0.538377 -0.012951
0.107601 0.539718 -0.013824
0.106830 0.546203 -0.008019
0.102478 0.526481 -0.016565
0.105650 0.543512 -0.014064
0.107100 0.541411 -0.013624
0.111519 0.539916 -0.011486
0.111886 0.537168 -0.012886
0.085751 0.577942 -0.020771
0.085564 0.582510 -0.020629
0.107974 0.544194 -0.005972
0.108875 0.542362 -0.004230
0.070296 0.471662 -0.095156
0.064112 0.480122 -0.110091
0.111927 0.525409 -0.013196
0.111711 0.529048 -0.012271
0.043304 0.583418 -0.101594
0.039629 0.590090 -0.104249
0.041857 0.587165 -0.110293
0.046307 0.580371 -0.107401
0.104513 0.468538 -0.077348
0.063910 0.488949 -0.128587
0.109186 0.491171 -0.194363
0.069924 0.586599 -0.029529
0.068557 0.588025 -0.030507
0.093298 0.588194 -0.020176
0.100473 0.519440 -0.018530
0.101545 0.522892 -0.018619
0.105571 0.470703 -0.054289
0.111059 0.540938 -0.008396
0.042736 0.594011 -0.116936
0.043424 0.591154 -0.116848
0.041651 0.590351 -0.116340
0.041402 0.592821 -0.115624
0.041621 0.594953 -0.112030
0.040741 0.598769 -0.113888
0.039316 0.596362 -0.114926
0.040096 0.593459 -0.113969
0.041317 0.594200 -0.107806
0.040889 0.591627 -0.110995
0.038135 0.600374 -0.115378
0.037701 0.598276 -0.116507
0.043104 0.601073 -0.116878
0.040703 0.601363 -0.115840
0.038721 0.603597 -0.119736
0.035847 0.602183 -0.118604
0.035478 0.604806 -0.126351
0.033273 0.601955 -0.124379
0.033844 0.601747 -0.132247
0.031270 0.599137 -0.129991
0.049330 0.564584 -0.104350
0.048564 0.565860 -0.112573
0.031577 0.597440 -0.135349
0.029994 0.595005 -0.132775
0.029280 0.590207 -0.140447
0.028767 0.588466 -0.136022
0.032170 0.581422 -0.141565
0.030276 0.580590 -0.136633
0.036286 0.574835 -0.139135
0.032750 0.574801 -0.136181
0.039065 0.564127 -0.134523
0.036845 0.566185 -0.131799
0.033235 0.597634 -0.127867
0.034497 0.600331 -0.123825
0.041177 0.601444 -0.131003
0.036624 0.600537 -0.118962
0.045365 0.587144 -0.122468
0.045929 0.585081 -0.121562
0.043976 0.585440 -0.118449
0.045518 0.586657 -0.119705
0.046396 0.579579 -0.111789
0.047566 0.574171 -0.113028
0.047602 0.573484 -0.108041
0.048398 0.570307 -0.113681
0.048730 0.575851 -0.113850
0.049517 0.572979 -0.115041
0.048048 0.579927 -0.113612
0.048358 0.571074 -0.116072
0.046703 0.568315 -0.116569
0.048935 0.572872 -0.116412
0.049298 0.574181 -0.115388
0.049228 0.575742 -0.116028
0.048699 0.579123 -0.118556
0.046128 0.573897 -0.101100
0.048539 0.565127 -0.130552
0.046572 0.574933 -0.133840
0.038501 0.560172 -0.127085
0.040901 0.554380 -0.128025
0.041613 0.545477 -0.115897
0.041026 0.548352 -0.121391
0.041300 0.597025 -0.135323
0.041807 0.590287 -0.137596
0.050085 0.557048 -0.122123
0.044976 0.582403 -0.136621
0.038147 0.569702 -0.128567
0.039755 0.565602 -0.125368
0.035312 0.575483 -0.131747
0.044837 0.563200 -0.117262
0.041603 0.562994 -0.121702
0.040246 0.556592 -0.121853
0.042414 0.554724 -0.116953
0.042077 0.569932 -0.123080
0.039355 0.572768 -0.125002
0.045121 0.573329 -0.122076
0.042529 0.576708 -0.124152
0.046635 0.571355 -0.118827
0.044554 0.568396 -0.119838
0.048664 0.576058 -0.122434
0.046840 0.580140 -0.124077
0.048474 0.573598 -0.118900
0.039841 0.579162 -0.125213
0.043326 0.583000 -0.124391
0.039964 0.585552 -0.123445
0.037528 0.582572 -0.125542
0.037118 0.576600 -0.127566
0.034952 0.580837 -0.127912
0.033930 0.580234 -0.132411
0.034073 0.585969 -0.127530
0.033513 0.587205 -0.130659
0.036423 0.586385 -0.125768
0.037922 0.587620 -0.123656
0.032644 0.594036 -0.130112
0.034754 0.590886 -0.125773
0.034612 0.594960 -0.125042
0.035966 0.589763 -0.124923
0.036040 0.593190 -0.123331
0.037091 0.589464 -0.123811
0.037621 0.591485 -0.122755
0.039429 0.598044 -0.116395
0.040618 0.595897 -0.115453
0.037727 0.598711 -0.118939
0.038816 0.596351 -0.118844
0.039980 0.596729 -0.117258
0.041182 0.595122 -0.117007
0.040030 0.593971 -0.118487
0.042159 0.591986 -0.119116
0.088629 0.456374 -0.081395
0.101038 0.455632 -0.078195
0.102030 0.459621 -0.079168
0.089391 0.460013 -0.080211
0.037072 0.595395 -0.121002
0.038416 0.592959 -0.120471
0.035678 0.597887 -0.122041
0.041395 0.589114 -0.121705
0.040235 0.591030 -0.120946
0.038801 0.589752 -0.122518
0.040140 0.588252 -0.122472
0.044783 0.584662 -0.112896
0.046787 0.583849 -0.115467
0.047469 0.581701 -0.120125
0.061725 0.453183 -0.108208
0.065714 0.459739 -0.108913
0.053773 0.467312 -0.125547
0.048592 0.461897 -0.123398
0.052222 0.434572 -0.089225
0.033134 0.446039 -0.105094
0.031545 0.427785 -0.079347
0.047071 0.419331 -0.073336
0.030025 0.410346 -0.060213
0.043944 0.404510 -0.055837
0.028729 0.354837 -0.023191
0.042510 0.352591 -0.019585
0.042905 0.371378 -0.028436
0.029733 0.374126 -0.032448
-0.001572 0.260843 -0.002110
0.002608 0.239972 -0.002883
0.018122 0.243987 0.005511
0.014073 0.261538 0.004095
-0.025602 0.399055 -0.075513
-0.020445 0.425689 -0.084569
-0.028767 0.424891 -0.083236
-0.029839 0.395050 -0.075251
0.025446 0.473582 -0.173232
0.027703 0.462827 -0.140764
0.037342 0.466523 -0.144171
0.033638 0.476196 -0.172576
-0.044770 0.283671 -0.059630
-0.042804 0.266071 -0.051423
-0.035861 0.277524 -0.039894
-0.037909 0.294703 -0.046661
-0.015793 0.188772 -0.064092
-0.016995 0.172713 -0.067965
-0.002137 0.170636 -0.048486
-0.001068 0.187291 -0.045722
-0.053349 0.212607 -0.132800
-0.052752 0.216433 -0.159269
-0.047775 0.203033 -0.162788
-0.046479 0.198864 -0.139554
-0.000080 0.356370 -0.035397
0.014793 0.355514 -0.028468
0.015051 0.374899 -0.038375
0.000994 0.375635 -0.044754
-0.157419 0.514126 -0.077451
-0.154678 0.499168 -0.063632
-0.134814 0.495585 -0.071205
-0.137105 0.511914 -0.086082
-0.084285 0.116433 -0.168443
-0.079418 0.126786 -0.192850
-0.092035 0.112048 -0.197816
-0.099008 0.099257 -0.179101
-0.049377 0.494586 -0.147104
-0.037180 0.491242 -0.150462
-0.042623 0.489475 -0.179022
-0.056136 0.493609 -0.174482
-0.039590 0.343936 -0.071343
-0.031514 0.348888 -0.059077
-0.029216 0.368779 -0.068363
-0.034674 0.365554 -0.073299
-0.053237 0.248706 -0.159624
-0.057617 0.248087 -0.137362
-0.058936 0.265285 -0.139427
-0.055764 0.263992 -0.160107
-0.055715 0.229006 -0.135193
-0.051095 0.230350 -0.159350
-0.022050 0.351643 -0.051014
-0.010838 0.354768 -0.042350
-0.010452 0.373927 -0.052565
-0.019777 0.373860 -0.062293
0.006448 0.221646 -0.010623
0.024139 0.231039 0.002645
-0.085387 0.094768 -0.139685
-0.063435 0.089136 -0.109293
-0.058397 0.104187 -0.108226
-0.076289 0.108349 -0.138771
0.014150 0.203170 -0.032335
0.012778 0.214680 -0.025513
-0.003411 0.210718 -0.036426
-0.001342 0.200210 -0.047406
-0.040157 0.086279 -0.083598
-0.022589 0.083271 -0.057218
-0.019945 0.102529 -0.053956
-0.037047 0.104224 -0.080647
0.029584 0.393418 -0.044029
0.042617 0.388607 -0.040206
-0.023211 0.260531 -0.018468
-0.022297 0.238410 -0.022844
-0.010689 0.238168 -0.011581
-0.014117 0.259881 -0.009242
-0.046932 0.362769 -0.096548
-0.034033 0.382644 -0.080616
-0.035668 0.420344 -0.084741
-0.049125 0.390085 -0.098268
-0.099938 0.098896 -0.199681
-0.100883 0.090927 -0.170428
-0.046250 0.069425 -0.085841
-0.028337 0.065918 -0.058269
-0.078017 0.364053 -0.132167
-0.077609 0.359702 -0.136740
-0.078398 0.371782 -0.133038
-0.074108 0.372095 -0.132447
0.049375 0.264822 0.011990
0.037760 0.274938 0.009575
0.030957 0.255718 0.009750
0.039649 0.242756 0.011977
-0.022144 0.221051 -0.033467
-0.019427 0.210155 -0.047770
-0.008778 0.220466 -0.022398
0.063997 0.252087 0.017300
0.051486 0.229499 0.009793
0.057127 0.381686 -0.038653
0.056853 0.365760 -0.026211
0.059106 0.397851 -0.051849
0.073980 0.391033 -0.047762
0.077975 0.408295 -0.059287
0.062902 0.413692 -0.065499
0.083141 0.424735 -0.071156
0.068949 0.429092 -0.078090
0.075551 0.446496 -0.095032
0.077041 0.453694 -0.094450
-0.040975 0.354646 -0.083399
-0.046773 0.334106 -0.082475
-0.069472 0.075133 -0.110228
0.004519 0.378403 -0.248774
0.004007 0.358688 -0.249629
-0.017758 0.363191 -0.236324
-0.015645 0.384995 -0.237469
0.018274 0.472133 -0.176226
0.017760 0.464982 -0.143768
-0.075167 0.345293 -0.189777
-0.067324 0.334061 -0.201092
-0.070906 0.332902 -0.195173
-0.077451 0.342176 -0.184030
-0.090669 0.360955 -0.144541
-0.100030 0.366423 -0.142313
-0.105997 0.369020 -0.148562
-0.096246 0.364159 -0.152128
-0.080742 0.118709 -0.223888
-0.067069 0.134010 -0.216252
-0.028596 0.231471 -0.230243
-0.041772 0.224188 -0.210780
-0.042337 0.241338 -0.205126
-0.033936 0.250941 -0.221933
0.095642 0.363183 -0.249904
0.094717 0.348185 -0.251526
0.077936 0.349451 -0.252961
0.078559 0.365304 -0.250771
0.040179 0.388920 -0.254602
0.039683 0.404809 -0.250542
0.060809 0.400521 -0.249046
0.059683 0.384971 -0.250282
0.023434 0.372917 -0.257229
0.024522 0.356629 -0.262503
-0.052224 0.268455 -0.179754
-0.049404 0.251821 -0.182026
-0.069429 0.299160 -0.167375
-0.065018 0.301326 -0.153777
-0.074362 0.317204 -0.145746
-0.076378 0.315119 -0.159183
0.040055 0.479435 -0.172359
0.040450 0.480590 -0.196685
0.029204 0.478515 -0.199120
0.073702 0.455256 -0.233204
0.073042 0.449838 -0.237840
0.059380 0.455222 -0.234067
0.064413 0.459624 -0.228438
0.069053 0.279603 -0.256924
0.089816 0.276405 -0.254213
0.087205 0.254316 -0.253222
0.064301 0.256893 -0.255398
-0.078448 0.327497 -0.163669
-0.081291 0.340596 -0.156563
-0.080853 0.340589 -0.167061
-0.078053 0.328181 -0.173477
-0.073891 0.314665 -0.180715
-0.067989 0.301438 -0.188962
-0.069125 0.299299 -0.178035
-0.075801 0.314121 -0.169477
-0.037014 0.266230 -0.213867
-0.045101 0.258054 -0.199998
-0.048711 0.273976 -0.194778
-0.041622 0.277984 -0.206571
0.084145 0.191607 -0.249647
0.063999 0.195030 -0.254192
0.063885 0.213734 -0.258620
0.083586 0.212554 -0.254484
-0.069424 0.397762 -0.121808
-0.066932 0.412509 -0.116500
-0.076337 0.421141 -0.106514
-0.080448 0.404688 -0.109458
-0.122826 0.384194 -0.159820
-0.132128 0.391568 -0.155784
-0.132397 0.396896 -0.159590
-0.123080 0.389246 -0.165096
-0.109528 0.400806 -0.098322
-0.098384 0.415444 -0.097295
-0.118170 0.423943 -0.081764
-0.129691 0.409323 -0.082817
0.004549 0.465163 -0.211428
0.009768 0.473605 -0.181206
0.011517 0.469415 -0.206679
-0.101894 0.375244 -0.121094
-0.123099 0.382979 -0.107604
-0.130922 0.380315 -0.114700
-0.109727 0.372422 -0.126527
-0.162949 0.521300 -0.096397
-0.143284 0.519029 -0.106449
-0.155827 0.410951 -0.075255
-0.165497 0.405027 -0.081757
-0.144726 0.392678 -0.094285
-0.135994 0.399265 -0.086727
-0.026030 0.214406 -0.235318
-0.039853 0.210598 -0.214040
-0.037241 0.123253 -0.257116
-0.060806 0.122492 -0.242880
-0.047806 0.139003 -0.233758
-0.026451 0.140737 -0.245072
-0.088701 0.105245 -0.226073
-0.047693 0.109132 -0.267794
-0.070449 0.108541 -0.249482
0.059240 0.487470 -0.185286
0.070077 0.485357 -0.199057
0.063084 0.482608 -0.207347
0.050647 0.484086 -0.193524
-0.117522 0.005948 -0.247685
-0.124064 -0.020932 -0.248618
-0.135750 -0.017173 -0.218348
-0.127347 0.004612 -0.215828
0.090455 0.468313 -0.223850
0.075501 0.475084 -0.215904
0.081744 0.481321 -0.208686
0.094061 0.476611 -0.214969
-0.118430 0.026477 -0.213258
-0.109235 0.032145 -0.243375
0.054807 0.484360 -0.160449
0.046546 0.480486 -0.167318
0.048866 0.475435 -0.144087
0.054614 0.478948 -0.139471
0.059816 0.472209 -0.121443
-0.135414 -0.014956 -0.187358
-0.128557 -0.000780 -0.188109
0.075136 0.490517 -0.190047
0.086702 0.487312 -0.200603
0.096717 0.483362 -0.204936
0.108748 0.482752 -0.206332
-0.093463 0.093371 -0.227195
-0.105183 0.087616 -0.200053
-0.080271 -0.137225 -0.249168
-0.050027 -0.150694 -0.256194
-0.056225 -0.163182 -0.238665
-0.095114 -0.147523 -0.228255
0.027442 -0.163319 -0.271404
0.029985 -0.169219 -0.253106
-0.015219 -0.171403 -0.248531
-0.015550 -0.161400 -0.265073
0.062183 -0.037469 -0.319878
0.034181 -0.029191 -0.320439
0.036055 -0.004927 -0.317221
0.065249 -0.013437 -0.315619
-0.052739 0.096243 -0.271040
-0.075990 0.096637 -0.251811
-0.103481 0.079173 -0.168178
-0.189525 -0.073676 -0.109722
-0.185071 -0.097443 -0.149537
-0.192921 -0.113282 -0.127013
-0.198827 -0.092136 -0.094096
-0.144832 -0.164695 -0.169601
-0.137653 -0.147497 -0.196500
-0.100839 -0.167480 -0.202845
-0.106617 -0.183288 -0.174838
-0.014085 0.061295 -0.029202
-0.035835 0.048385 -0.057719
-0.022177 0.042903 -0.026962
0.042868 0.038805 0.015002
0.021449 0.049188 0.007135
0.016315 0.027328 0.011119
0.040293 0.018254 0.018365
0.017029 -0.078373 -0.049516
0.034102 -0.081937 -0.044744
0.033061 -0.063312 -0.029938
0.013317 -0.059202 -0.036801
-0.119186 -0.006155 -0.160661
-0.101973 -0.010358 -0.134353
-0.094079 0.001228 -0.133221
-0.110950 0.009185 -0.157898
0.026781 -0.171647 -0.226813
-0.015640 -0.183068 -0.219065
-0.183527 -0.068677 -0.056371
-0.171166 -0.047646 -0.076041
-0.151274 -0.054927 -0.025552
-0.106674 -0.061229 -0.010102
-0.095645 -0.050757 -0.033740
-0.138596 -0.041585 -0.047253
0.027197 -0.139617 -0.103839
0.012732 -0.123653 -0.086426
0.009718 -0.120954 -0.091364
0.027034 -0.140114 -0.107805
0.035333 -0.135731 -0.298884
0.028706 -0.151668 -0.287717
-0.007367 -0.150191 -0.284126
-0.001794 -0.133909 -0.299104
-0.019980 0.107173 -0.277475
-0.026877 0.093171 -0.283099
0.006787 0.104361 -0.280696
-0.012017 0.122141 -0.264128
0.012894 0.121045 -0.266026
0.017372 0.227124 -0.256744
-0.006437 0.220089 -0.248999
-0.009263 0.237120 -0.244979
0.012479 0.247811 -0.251120
0.056627 0.354138 -0.254269
0.059284 0.369195 -0.253258
-0.061139 -0.196919 -0.185715
-0.013238 -0.193112 -0.184655
-0.048846 -0.210455 -0.141294
-0.088278 -0.202956 -0.143959
-0.153024 -0.179214 -0.141987
-0.179741 -0.156446 -0.130505
-0.171978 -0.137715 -0.155777
-0.202379 -0.131181 -0.104696
-0.209365 -0.108668 -0.068028
-0.159256 -0.068603 0.000759
-0.117609 -0.073865 0.012248
-0.009193 -0.135327 -0.036482
-0.033212 -0.112107 -0.027149
-0.043833 -0.124369 -0.010426
-0.018601 -0.151755 -0.022462
-0.024413 -0.075740 -0.080212
-0.054641 -0.042947 -0.097101
-0.061279 -0.043036 -0.089910
-0.034163 -0.072856 -0.081611
0.045097 0.058034 0.011827
0.028381 0.067710 0.001677
0.002752 0.055343 -0.006899
0.009988 0.072704 -0.008921
-0.007327 0.078597 -0.029188
0.046394 0.148070 0.010517
0.025542 0.149757 -0.004006
0.022390 0.130166 -0.002351
0.042147 0.125914 0.014638
0.048237 0.172104 0.008973
0.027484 0.171137 -0.005315
0.053430 0.215382 -0.007239
0.031801 0.219652 -0.011442
0.031569 0.207576 -0.019275
0.072270 0.375086 -0.037318
0.072805 0.360341 -0.024821
-0.128432 -0.012388 -0.160465
0.010449 -0.191173 -0.144812
0.017920 -0.179775 -0.109427
0.000378 -0.199480 -0.087008
-0.015491 -0.213346 -0.119432
-0.119565 0.018411 -0.185308
-0.090570 0.082902 -0.138319
-0.093734 0.069493 -0.138044
-0.048606 0.213543 -0.100994
-0.040540 0.195275 -0.113364
0.025065 0.282249 0.006089
0.023501 0.267397 0.006945
-0.165390 -0.121916 -0.181353
-0.168651 -0.080419 0.017622
-0.181092 -0.103700 0.039702
-0.142621 -0.108939 0.057177
-0.131202 -0.088234 0.032277
-0.022737 -0.182626 -0.019754
-0.033124 -0.165415 -0.002562
-0.048294 -0.178163 0.020978
-0.041218 -0.197855 0.001959
-0.059882 -0.212604 0.028173
-0.068855 -0.191690 0.051559
-0.082894 -0.211985 0.073083
-0.075361 -0.229043 0.050595
-0.192304 -0.084698 -0.029813
-0.223657 -0.138276 -0.013948
-0.207632 -0.116000 0.015980
-0.198991 -0.099097 -0.005787
-0.217163 -0.123784 -0.039866
-0.124284 -0.194368 -0.141661
-0.003516 -0.169446 -0.039905
0.007284 -0.156119 -0.055243
-0.049451 -0.225996 -0.041079
-0.067487 -0.232389 -0.060232
-0.043572 -0.223824 -0.089044
-0.023949 -0.213661 -0.065791
-0.181747 -0.198146 -0.085394
-0.205162 -0.179057 -0.071254
-0.194822 -0.166132 -0.100019
-0.169586 -0.187839 -0.113337
-0.213924 -0.144810 -0.074366
-0.222907 -0.159864 -0.045932
-0.238381 -0.172690 0.035666
-0.228128 -0.156714 0.064638
-0.218685 -0.136689 0.038233
-0.230600 -0.154741 0.011410
-0.235422 -0.189812 0.007067
-0.228961 -0.174250 -0.019023
-0.213613 -0.193199 -0.044899
-0.221241 -0.207394 -0.017453
-0.201828 -0.222134 -0.031591
-0.192268 -0.210196 -0.057303
-0.166093 -0.225586 -0.061710
-0.178329 -0.233520 -0.035936
-0.139215 -0.234442 -0.057165
-0.112983 -0.238823 -0.046646
-0.129465 -0.248845 -0.021935
-0.153875 -0.243006 -0.032465
-0.089349 -0.247029 0.009928
-0.107025 -0.251006 -0.007834
-0.090030 -0.239961 -0.032054
-0.072993 -0.235622 -0.014064
-0.138238 -0.270220 0.066078
-0.155224 -0.263863 0.054652
-0.145904 -0.264962 0.042713
-0.127582 -0.270736 0.056152
-0.172935 -0.260385 0.043205
-0.191737 -0.257658 0.035056
-0.185888 -0.256318 0.025104
-0.165995 -0.258834 0.033439
-0.224954 -0.249864 0.026587
-0.204619 -0.253202 0.022458
-0.209808 -0.255731 0.032567
-0.230555 -0.252075 0.035571
-0.246108 -0.250417 0.049676
-0.243527 -0.240504 0.040360
-0.251535 -0.254271 0.074750
-0.252979 -0.237057 0.064050
-0.257572 -0.235424 0.097457
-0.251476 -0.261280 0.104280
-0.117757 -0.265280 0.109048
-0.128207 -0.274746 0.113161
-0.122133 -0.279013 0.097232
-0.111076 -0.272273 0.090809
-0.160624 -0.254567 0.145728
-0.186147 -0.248506 0.162130
-0.181908 -0.274369 0.153353
-0.162047 -0.276719 0.140452
-0.241253 -0.205311 0.032184
-0.246316 -0.191262 0.060057
-0.209364 -0.233051 -0.006460
-0.228219 -0.219084 0.008665
-0.101147 -0.256941 0.029500
-0.121249 -0.260361 0.011817
-0.095796 -0.233332 0.091749
-0.087948 -0.246056 0.069136
-0.224989 -0.199469 0.146463
-0.214646 -0.174502 0.118005
-0.238008 -0.177115 0.090926
-0.247373 -0.202393 0.118944
-0.248822 -0.220753 0.051981
-0.235425 -0.231118 0.028003
-0.218293 -0.242937 0.012739
-0.198433 -0.249445 0.007343
-0.177886 -0.255297 0.010099
-0.156386 -0.260077 0.018091
-0.134500 -0.265339 0.028337
-0.114745 -0.266214 0.043951
-0.098736 -0.260818 0.083741
-0.106875 -0.251207 0.103313
-0.210502 -0.271759 0.153168
-0.229930 -0.246884 0.155773
-0.249621 -0.232615 0.134662
-0.241642 -0.270386 0.130776
-0.200556 -0.293275 0.138417
-0.176294 -0.290450 0.140616
-0.173654 -0.259372 0.044060
-0.193627 -0.257040 0.033756
-0.214120 -0.255593 0.030392
-0.244858 -0.258201 0.048828
-0.247338 -0.270977 0.071476
-0.245471 -0.286281 0.097991
-0.228883 -0.288117 0.120791
-0.121094 -0.281563 0.097134
-0.127924 -0.277631 0.100006
-0.131989 -0.280920 0.112718
-0.127909 -0.291291 0.109059
-0.134475 -0.264268 0.066716
-0.151896 -0.258597 0.048953
-0.157556 -0.264340 0.058737
-0.141795 -0.268182 0.071778
-0.171301 -0.252656 0.032315
-0.194611 -0.251070 0.021238
-0.216272 -0.252471 0.016899
-0.237656 -0.271541 0.039057
-0.233741 -0.255442 0.033873
-0.231727 -0.260021 0.022383
-0.235281 -0.290884 0.063764
-0.204037 -0.323784 0.067363
-0.222882 -0.305163 0.090109
-0.217917 -0.313438 0.041435
-0.120423 -0.365528 0.005038
-0.146192 -0.376238 -0.006853
-0.122365 -0.387456 -0.025996
-0.101926 -0.378726 -0.019677
-0.112879 -0.301195 0.097119
-0.104615 -0.283638 0.082779
-0.120547 -0.258698 0.049430
-0.140733 -0.249994 0.029402
-0.205132 -0.304928 -0.008877
-0.222343 -0.289735 0.020772
-0.221660 -0.270049 0.000857
-0.203828 -0.284955 -0.026884
-0.061591 -0.332321 0.028276
-0.057397 -0.314193 0.012684
-0.070404 -0.298656 0.038344
-0.075827 -0.321409 0.053174
-0.118266 -0.252538 0.007268
-0.099882 -0.261585 0.029162
-0.085182 -0.272087 0.006266
-0.099547 -0.264313 -0.015610
-0.159709 -0.339525 -0.050213
-0.182561 -0.321987 -0.030532
-0.180867 -0.303514 -0.050965
-0.156190 -0.321133 -0.069758
-0.187678 -0.342375 0.040727
-0.202177 -0.329764 0.015370
-0.180969 -0.341412 -0.005811
-0.170012 -0.359781 0.013491
-0.159534 -0.337314 0.060536
-0.142471 -0.351646 0.030644
-0.030562 -0.347180 -0.042302
-0.044068 -0.329579 -0.014126
-0.046273 -0.348476 -0.002779
-0.033958 -0.361806 -0.033323
-0.083647 -0.282360 -0.038705
-0.070034 -0.288256 -0.018750
-0.054376 -0.308273 -0.041976
-0.066469 -0.304134 -0.060592
-0.108385 -0.376122 -0.088625
-0.135244 -0.358307 -0.069227
-0.129902 -0.339792 -0.085482
-0.102252 -0.357496 -0.101362
-0.099720 -0.401554 -0.053650
-0.136777 -0.378421 -0.045752
-0.111493 -0.391477 -0.070881
-0.072825 -0.419586 -0.076371
-0.053911 -0.414870 -0.065566
-0.079595 -0.395570 -0.042517
-0.018382 -0.379930 -0.056406
-0.015290 -0.364737 -0.066500
-0.019236 -0.350609 -0.085392
-0.031462 -0.341819 -0.098732
-0.049510 -0.324159 -0.080767
-0.036384 -0.329632 -0.065687
-0.079614 -0.334051 -0.108398
-0.064357 -0.325307 -0.096730
-0.046525 -0.343325 -0.114253
-0.061187 -0.353622 -0.122051
-0.077237 -0.373335 -0.115230
-0.094203 -0.343928 -0.107675
-0.070532 -0.361867 -0.120782
-0.086954 -0.390040 -0.103293
-0.086611 -0.408126 -0.091236
0.032750 -0.161298 -0.162180
0.028669 -0.156469 -0.129045
0.024366 -0.163807 -0.120548
0.026016 -0.167612 -0.160029
-0.074210 -0.153254 0.046637
-0.057014 -0.136023 0.014383
-0.105554 -0.192773 0.094629
-0.096257 -0.167978 0.074201
-0.115334 -0.217602 0.112521
-0.126991 -0.239386 0.123264
-0.138149 -0.259645 0.128195
-0.144460 -0.273406 0.127802
-0.146164 -0.285290 0.124115
-0.142050 -0.300502 0.116502
-0.109749 -0.328510 0.086523
-0.092082 -0.310472 0.077341
-0.127302 -0.315203 0.103275
-0.074978 -0.352863 0.033631
-0.093300 -0.339726 0.061474
-0.060206 -0.366886 -0.000107
-0.043900 -0.380675 -0.028496
-0.027593 -0.396477 -0.053788
-0.046465 -0.072396 -0.051243
-0.012322 -0.098339 -0.058962
-0.010369 -0.097405 -0.069043
-0.042323 -0.072161 -0.064435
0.035614 -0.150037 -0.123610
0.031846 -0.144988 -0.114610
0.031457 -0.145539 -0.117005
0.034336 -0.150456 -0.127462
-0.255791 -0.208952 0.080645
-0.189469 -0.242649 -0.012569
-0.167117 -0.250019 -0.009478
-0.143978 -0.255547 -0.000454
-0.154702 -0.228503 0.141570
-0.143644 -0.198465 0.128272
-0.179573 -0.183271 0.132155
-0.188669 -0.218580 0.152371
-0.167214 -0.331028 0.083831
-0.130636 -0.337902 0.078325
-0.145172 -0.325059 0.099094
-0.183154 -0.320847 0.104809
-0.189679 -0.246309 -0.002806
-0.209924 -0.254893 -0.005708
-0.144872 -0.247346 -0.013330
-0.170429 -0.250208 -0.028346
-0.163541 -0.245890 0.010200
-0.126368 -0.148820 0.085163
-0.157935 -0.131576 0.082609
-0.169498 -0.156268 0.107528
-0.134784 -0.171510 0.107761
-0.034693 0.157304 -0.224671
-0.016641 0.159504 -0.236021
-0.042262 0.237176 -0.055524
-0.046496 0.224403 -0.073861
-0.035058 0.213423 -0.059796
-0.033216 0.225209 -0.043283
-0.050883 0.240943 -0.084903
-0.047735 0.252610 -0.063921
-0.050678 0.270048 -0.073731
-0.055767 0.258221 -0.092570
-0.057399 0.359684 -0.109854
-0.058126 0.380517 -0.113022
0.051198 0.196613 -0.000148
0.076408 0.196755 0.010250
0.078543 0.217309 0.002400
-0.004750 0.035094 -0.002823
-0.031578 -0.047542 -0.067740
-0.001016 -0.077593 -0.060829
-0.007782 -0.056345 -0.050039
0.030995 -0.135115 -0.088038
0.043210 0.195526 -0.253051
0.043161 0.213613 -0.260785
0.078135 0.381087 -0.249861
0.096443 0.379611 -0.249419
0.081122 0.411338 -0.247476
0.083065 0.424967 -0.246694
0.101561 0.422420 -0.247698
0.099484 0.409624 -0.244999
0.108427 0.475016 -0.217646
0.106815 0.466111 -0.226308
0.037608 -0.156706 -0.143170
0.032036 -0.151145 -0.129171
0.035863 -0.157989 -0.149937
-0.001264 -0.126785 -0.051611
0.012513 -0.146396 -0.069246
0.018805 -0.141706 -0.082589
0.006736 -0.122716 -0.066485
-0.176827 -0.053929 -0.124182
-0.175613 -0.075513 -0.167182
-0.060439 -0.181113 -0.210707
-0.206316 0.435622 -0.058446
-0.215948 0.437469 -0.069189
-0.196537 0.420784 -0.081560
-0.186440 0.419353 -0.070639
0.046023 0.285499 -0.256721
0.035664 0.261102 -0.255188
0.043649 0.471165 -0.146083
-0.002517 0.481607 -0.186470
0.000234 0.477195 -0.156181
0.004389 0.474305 -0.154954
0.002058 0.478324 -0.184854
-0.028588 0.407958 -0.232894
-0.022709 0.421768 -0.232896
-0.010358 0.416217 -0.239723
-0.013763 0.401240 -0.239583
0.056217 -0.064498 -0.320925
0.026530 -0.055594 -0.321894
0.062570 0.140184 -0.248626
0.040190 0.140694 -0.254651
0.043653 0.161123 -0.250471
0.065349 0.161357 -0.244850
0.013718 0.278014 -0.249209
-0.002113 0.265713 -0.243348
0.068709 0.281891 0.008468
0.070436 0.305303 0.002790
0.053627 0.311079 0.000555
0.052341 0.288426 0.008120
-0.176946 0.421007 -0.122595
-0.157451 0.400415 -0.128912
-0.161345 0.394924 -0.115880
-0.185111 0.414203 -0.106017
-0.158207 -0.097343 -0.204523
-0.130761 -0.128977 -0.218787
-0.031580 0.179052 -0.192648
-0.022698 0.183491 -0.212349
-0.023728 0.171116 -0.217939
-0.037857 0.167731 -0.199762
-0.048473 0.219749 -0.185431
-0.045197 0.206686 -0.187676
-0.046294 0.236359 -0.183276
-0.082420 0.349527 -0.151193
-0.083672 0.354938 -0.138651
-0.085447 0.360739 -0.135682
-0.020928 -0.101647 -0.043746
-0.011204 -0.097310 -0.082509
-0.007671 -0.100131 -0.080246
0.038175 -0.154711 -0.137864
0.060864 0.484141 -0.134896
0.063406 0.477748 -0.116035
-0.096036 0.381597 -0.116412
-0.117580 0.389750 -0.101130
-0.079818 0.335011 -0.139532
-0.072915 0.339961 -0.129186
-0.077529 0.358725 -0.131846
-0.078949 0.351642 -0.138088
-0.080501 0.344508 -0.145940
-0.078969 0.330256 -0.151656
-0.018177 0.400016 -0.072564
-0.009988 0.396873 -0.063888
-0.005099 0.422712 -0.078911
-0.013805 0.425273 -0.083755
0.002328 0.394068 -0.055344
0.016063 0.394368 -0.050303
0.017384 0.413060 -0.064258
0.004233 0.415983 -0.069955
0.043716 0.456107 -0.119057
0.057661 0.446228 -0.102432
0.073799 0.438538 -0.088891
0.088097 0.438694 -0.078315
0.105980 0.457474 -0.234053
0.104982 0.446897 -0.245113
0.088515 0.448483 -0.240518
0.086058 0.457450 -0.232939
0.067817 0.464635 -0.104492
0.077563 0.459018 -0.091505
0.087805 0.452550 -0.081006
-0.174994 0.519313 -0.111890
-0.155928 0.516271 -0.122727
0.066521 0.491791 -0.174124
0.062310 0.488423 -0.154042
-0.168800 0.507388 -0.133525
-0.187664 0.510827 -0.123419
0.008310 0.456678 -0.117465
0.008734 0.469960 -0.149459
0.002739 0.461796 -0.126395
0.068700 0.469277 -0.100432
0.077250 0.463258 -0.088280
-0.166067 -0.054459 -0.174907
-0.159163 -0.037433 -0.134066
-0.066601 0.123836 -0.133607
-0.071169 0.132692 -0.159870
0.069220 0.144138 0.024446
0.065644 0.119450 0.026460
0.102929 0.463302 -0.078412
0.034873 0.083965 0.006593
0.057066 0.074543 0.013764
0.061272 0.094074 0.023616
0.037692 0.102811 0.014968
0.061191 0.052091 0.012056
0.059140 0.040386 0.011067
0.017287 -0.094925 -0.060844
0.031998 -0.098646 -0.057202
-0.085488 0.497071 -0.113414
-0.071347 0.491720 -0.116884
-0.074281 0.501140 -0.138664
-0.092039 0.505800 -0.132280
0.014393 0.089965 -0.003724
-0.004627 0.096813 -0.025757
-0.048077 0.340138 -0.096256
-0.053110 0.335556 -0.107367
0.076446 0.230998 0.015501
0.038912 0.295268 0.005097
0.040477 0.314983 -0.002877
0.026754 0.318732 -0.006440
0.025624 0.300795 0.000823
0.039628 -0.156911 -0.145836
-0.126359 0.427299 -0.182670
-0.116607 0.418930 -0.188794
-0.118847 0.411490 -0.184309
-0.128496 0.420700 -0.176714
0.021733 -0.158507 -0.092786
0.015310 -0.168731 -0.079940
0.026371 -0.167595 -0.200309
0.038622 -0.161607 -0.191013
-0.078539 -0.098163 0.007982
-0.066332 -0.083811 -0.015236
-0.093929 -0.113991 0.037089
-0.109767 -0.132364 0.062857
-0.160724 -0.291615 0.132348
-0.158839 -0.310914 0.119457
-0.115262 -0.349661 0.049801
-0.098130 -0.360025 0.021205
-0.080833 -0.373643 -0.009415
-0.058631 -0.391093 -0.035412
-0.038880 -0.408094 -0.059344
-0.202354 0.500253 -0.128490
-0.179856 0.491531 -0.140750
-0.194103 0.478240 -0.137825
-0.216019 0.488385 -0.127790
-0.146457 0.420513 -0.069437
-0.135532 0.433578 -0.066487
-0.154054 0.444049 -0.054805
-0.165846 0.431936 -0.058246
-0.184617 0.442296 -0.047413
-0.195514 0.437183 -0.051755
-0.174945 0.422873 -0.063760
-0.222263 0.445673 -0.081635
-0.223928 0.456987 -0.093638
-0.203712 0.439765 -0.107032
-0.204879 0.429962 -0.092376
-0.225651 0.476338 -0.119513
-0.203712 0.465470 -0.130785
-0.204814 0.455498 -0.119220
-0.227257 0.467031 -0.106066
-0.156027 0.481893 -0.052977
-0.161362 0.465929 -0.045087
-0.143846 0.458754 -0.055590
-0.137348 0.476149 -0.061960
-0.084858 0.499771 -0.162306
-0.103805 0.504552 -0.152921
-0.054821 0.402698 -0.107077
-0.046047 0.425735 -0.097235
-0.052107 0.431235 -0.105801
-0.061048 0.407009 -0.117569
-0.124414 0.514541 -0.115695
-0.107363 0.510092 -0.123069
-0.120931 0.509039 -0.140848
-0.138292 0.512390 -0.131368
-0.117842 0.469920 -0.072195
-0.125107 0.450132 -0.066792
-0.107635 0.442539 -0.078217
-0.098748 0.464650 -0.080189
-0.175152 0.404908 -0.092275
-0.152589 0.390411 -0.102986
-0.069258 0.474630 -0.104151
-0.081645 0.482140 -0.096623
-0.053351 0.322697 -0.095863
-0.059449 0.303738 -0.136625
-0.067743 0.322803 -0.133376
-0.031885 0.243730 -0.033185
-0.028152 0.262615 -0.027738
-0.057750 0.251687 -0.114186
-0.059605 0.269186 -0.119421
-0.037201 0.252285 -0.042918
-0.033371 0.264967 -0.035442
0.014230 0.186411 -0.027567
0.087895 0.446612 -0.079547
-0.100337 0.503633 -0.103880
-0.096265 0.486807 -0.088246
-0.140150 0.385883 -0.135731
-0.122922 0.376191 -0.141335
-0.117151 0.372902 -0.134863
-0.138246 0.381729 -0.125867
-0.024064 0.294053 -0.239090
-0.005721 0.286359 -0.243310
-0.012320 0.279134 -0.236137
-0.030840 0.287877 -0.228181
-0.121015 0.441751 -0.188052
-0.121467 0.454585 -0.185965
-0.106180 0.448786 -0.195823
-0.110324 0.435243 -0.195034
-0.102434 0.466257 -0.192620
-0.121427 0.469089 -0.181327
-0.115626 0.488167 -0.169837
-0.096347 0.485957 -0.181619
-0.131565 -0.043755 -0.242823
-0.145972 -0.040639 -0.213615
-0.075360 0.060544 -0.111122
-0.052844 0.053977 -0.085982
-0.054538 -0.026532 -0.089278
0.010615 -0.120745 -0.087590
0.025943 -0.140443 -0.104965
0.000881 -0.184081 -0.062001
-0.150574 -0.033048 -0.180921
-0.019673 -0.198097 -0.039636
-0.041232 -0.213264 -0.018809
-0.094004 -0.230714 -0.075898
-0.123221 -0.224416 -0.083655
-0.105706 -0.213435 -0.112607
-0.074635 -0.219527 -0.106029
-0.153868 -0.214290 -0.089049
-0.139248 -0.203705 -0.116506
-0.203703 -0.150033 0.091300
-0.120568 -0.262721 -0.037975
-0.122219 -0.290256 -0.075246
-0.147176 -0.266227 -0.053198
-0.100547 -0.284096 -0.060735
-0.167331 -0.280727 -0.058602
-0.189449 -0.263532 -0.032937
-0.159713 -0.357600 -0.025533
-0.083143 -0.305215 -0.079501
-0.102175 -0.313094 -0.092176
-0.144065 -0.301977 -0.077384
-0.118766 -0.323290 -0.092899
0.025275 -0.152455 -0.103836
-0.156691 -0.033034 -0.093231
-0.137729 -0.023896 -0.104432
-0.068713 -0.041459 -0.076048
-0.039115 -0.074235 -0.074528
-0.017238 0.120625 -0.052067
-0.035138 0.121393 -0.077595
-0.021992 0.153894 -0.073711
-0.034074 0.157485 -0.097820
-0.043576 0.138072 -0.102819
-0.028949 0.137857 -0.076287
-0.041150 0.168424 -0.145293
-0.035879 0.176823 -0.169980
-0.049488 0.160565 -0.176724
-0.056091 0.149834 -0.152483
-0.065684 0.143195 -0.184590
-0.052834 0.152041 -0.207129
0.025288 0.178229 -0.241603
0.007311 0.177098 -0.237637
0.006039 0.192027 -0.239186
0.023607 0.192793 -0.245455
0.004302 -0.097028 -0.069459
0.030500 -0.146342 -0.116030
-0.053457 -0.073918 -0.034984
-0.085178 -0.046698 -0.050041
-0.125386 -0.032138 -0.063193
-0.090219 0.392234 -0.114003
-0.060359 0.326372 -0.209118
-0.065252 0.322880 -0.204218
-0.138095 0.471200 -0.168429
-0.132130 0.494685 -0.157563
-0.083424 0.458102 -0.089900
-0.060356 0.497592 -0.142359
-0.058054 0.486841 -0.118162
-0.046343 0.483652 -0.121019
-0.080654 -0.022229 -0.111989
-0.113042 -0.013615 -0.128757
-0.089169 -0.021349 -0.103767
0.039888 -0.161519 -0.177387
-0.011473 -0.098263 -0.076788
-0.061955 -0.226167 0.005504
-0.078106 -0.240086 0.028678
-0.090092 -0.253824 0.049214
-0.102128 -0.263914 0.063470
-0.114673 -0.273336 0.073553
-0.126301 -0.276329 0.079286
-0.131137 -0.273140 0.086275
-0.124506 -0.271220 0.082551
-0.085579 -0.287176 0.063466
-0.090259 -0.271308 0.047524
-0.108719 -0.268399 0.067494
-0.075368 -0.283584 0.023449
-0.062132 -0.299067 -0.002395
-0.046518 -0.317476 -0.027514
-0.032457 -0.335422 -0.052319
-0.016627 -0.355905 -0.072801
0.040094 -0.159822 -0.155420
0.040352 -0.160793 -0.165935
0.017054 0.451558 -0.110344
-0.062660 0.350718 -0.118894
-0.065821 0.367144 -0.120685
-0.071209 0.449497 -0.099491
-0.182753 0.453998 -0.139746
-0.173556 0.466119 -0.150895
-0.088069 0.433034 -0.092443
-0.063041 0.392761 -0.117236
-0.064877 0.397370 -0.124159
-0.196712 0.593252 -0.111832
-0.208079 0.601013 -0.111054
-0.195371 0.615114 -0.111385
-0.185191 0.606919 -0.111435
-0.186046 0.584835 -0.106306
-0.175905 0.598729 -0.106353
-0.183723 0.578555 -0.039839
-0.179171 0.573971 -0.052623
-0.169703 0.590782 -0.056674
-0.173879 0.595165 -0.044482
-0.159271 0.606112 -0.098816
-0.156056 0.603729 -0.087093
-0.165806 0.588793 -0.085335
-0.168953 0.591758 -0.097491
-0.204384 0.598558 -0.032326
-0.215036 0.609402 -0.037132
-0.226240 0.591885 -0.031444
-0.214555 0.581034 -0.026835
-0.205612 0.523162 -0.034593
-0.215949 0.525031 -0.022466
-0.215375 0.516281 -0.023214
-0.205719 0.516402 -0.036598
-0.219920 0.565824 -0.111425
-0.232642 0.572266 -0.107706
-0.221056 0.586938 -0.110042
-0.208589 0.579664 -0.112110
-0.187329 0.548189 -0.083389
-0.185897 0.545812 -0.064954
-0.191131 0.534655 -0.067093
-0.193449 0.536843 -0.084283
-0.228585 0.552425 -0.110078
-0.242114 0.557078 -0.105681
-0.173981 0.574002 -0.082935
-0.175463 0.572516 -0.068142
-0.180861 0.557592 -0.065500
-0.180716 0.560260 -0.082342
-0.180380 0.630605 -0.043442
-0.189058 0.638619 -0.049281
-0.202260 0.624844 -0.043084
-0.192732 0.615485 -0.038033
-0.156799 0.604286 -0.074124
-0.159114 0.607087 -0.060562
-0.167315 0.589118 -0.071922
-0.197342 0.643722 -0.096464
-0.191399 0.637114 -0.106256
-0.204517 0.622293 -0.105142
-0.211465 0.629126 -0.095089
-0.198505 0.548101 -0.033897
-0.190124 0.545232 -0.047748
-0.186036 0.558099 -0.049220
-0.192190 0.562622 -0.036066
-0.205992 0.558635 -0.106882
-0.196265 0.571690 -0.106987
-0.225915 0.615003 -0.093186
-0.218111 0.608027 -0.104235
-0.231297 0.593782 -0.102880
-0.239930 0.600420 -0.090486
-0.255622 0.587093 -0.067690
-0.252237 0.585669 -0.050667
-0.240445 0.602210 -0.056149
-0.242754 0.603188 -0.073204
-0.202493 0.534424 -0.033532
-0.213877 0.539090 -0.023166
-0.222878 0.563586 -0.022681
-0.235453 0.573793 -0.026503
-0.242145 0.555369 -0.022332
-0.227649 0.546542 -0.019028
-0.210981 0.527215 -0.099517
-0.225985 0.529636 -0.108881
-0.221301 0.535982 -0.108776
-0.207237 0.533010 -0.101058
-0.237956 0.540067 -0.109348
-0.244279 0.530469 -0.108602
-0.260749 0.516259 -0.103353
-0.269543 0.510716 -0.092244
-0.273213 0.520612 -0.089463
-0.262310 0.523808 -0.100902
-0.278690 0.552776 -0.053789
-0.273897 0.548314 -0.036773
-0.262997 0.568963 -0.044248
-0.267048 0.571325 -0.061632
-0.264010 0.522759 -0.016059
-0.246112 0.520078 -0.012475
-0.247306 0.535406 -0.016536
-0.262140 0.542827 -0.023319
-0.227525 0.467797 -0.029879
-0.217066 0.470967 -0.025670
-0.225215 0.481482 -0.018455
-0.238227 0.482014 -0.023184
-0.200077 0.493310 -0.025597
-0.192571 0.487098 -0.029000
-0.186437 0.499910 -0.038694
-0.192894 0.503264 -0.036191
-0.209818 0.526465 -0.098830
-0.226294 0.520655 -0.111963
-0.229172 0.520795 -0.110079
-0.212628 0.523029 -0.099077
-0.289808 0.533779 -0.048195
-0.281473 0.527656 -0.027739
-0.205052 0.499719 -0.024361
-0.197502 0.506382 -0.036487
-0.202451 0.510633 -0.037006
-0.210547 0.507720 -0.024242
-0.198901 0.518507 -0.066382
-0.204203 0.521464 -0.082840
-0.205279 0.522302 -0.083060
-0.201229 0.521309 -0.066115
-0.213633 0.522505 -0.098916
-0.229794 0.522468 -0.108720
-0.229068 0.525054 -0.108069
-0.213762 0.523923 -0.098882
-0.292556 0.519212 -0.049437
-0.291229 0.522061 -0.064578
-0.288052 0.510355 -0.064602
-0.287515 0.508163 -0.049824
-0.257111 0.508129 -0.016274
-0.241035 0.506472 -0.012076
-0.199728 0.523268 -0.066825
-0.200666 0.519201 -0.051684
-0.199156 0.516667 -0.050872
-0.246965 0.525368 -0.108867
-0.237966 0.467857 -0.038714
-0.249063 0.469290 -0.050375
-0.234378 0.455377 -0.057390
-0.225866 0.453897 -0.046115
-0.216448 0.454649 -0.039155
-0.206683 0.457739 -0.035473
-0.179603 0.476057 -0.034522
-0.173325 0.490500 -0.044546
-0.172818 0.504292 -0.056316
-0.175231 0.516028 -0.069098
-0.189465 0.520539 -0.064713
-0.185827 0.512101 -0.050804
-0.193837 0.522170 -0.103497
-0.208489 0.515277 -0.116039
-0.240058 0.513353 -0.115487
-0.224465 0.506152 -0.121169
-0.217569 0.494958 -0.016430
-0.211697 0.485782 -0.019628
-0.229276 0.618603 -0.077737
-0.228052 0.618791 -0.061201
-0.214385 0.634075 -0.066234
-0.215117 0.633516 -0.081296
-0.195460 0.644850 -0.057961
-0.209544 0.630768 -0.052904
-0.177794 0.577705 -0.096708
-0.186396 0.564488 -0.097042
-0.165793 0.612548 -0.107422
-0.202916 0.525079 -0.083329
-0.199163 0.528533 -0.083197
-0.275425 0.505016 -0.079240
-0.264264 0.502476 -0.096496
-0.267557 0.496263 -0.083165
-0.287408 0.536914 -0.068523
-0.277233 0.554555 -0.074865
-0.265083 0.549608 -0.090852
-0.274397 0.534938 -0.086811
-0.279125 0.497785 -0.052056
-0.280820 0.500186 -0.065985
-0.270444 0.491245 -0.070261
-0.268858 0.486480 -0.056486
-0.197210 0.526091 -0.080824
-0.201819 0.522365 -0.082245
-0.246784 0.486102 -0.108751
-0.256159 0.495707 -0.104150
-0.250343 0.505338 -0.111363
-0.241291 0.496451 -0.116635
-0.257047 0.509657 -0.106893
-0.245359 0.478182 -0.097443
-0.258292 0.489111 -0.091414
-0.182339 0.523441 -0.086181
-0.254968 0.474718 -0.063102
-0.256886 0.482429 -0.076878
-0.242543 0.471279 -0.083071
-0.240635 0.462380 -0.069929
-0.222885 0.615492 -0.047269
-0.235189 0.598939 -0.042411
-0.229221 0.517273 -0.013686
-0.231599 0.529429 -0.015227
-0.224368 0.506392 -0.015041
-0.193063 0.586919 -0.033041
-0.182224 0.603874 -0.038257
-0.209869 0.554543 -0.024920
-0.202810 0.570666 -0.028116
-0.253689 0.585630 -0.085650
-0.261302 0.495131 -0.028520
-0.247572 0.494954 -0.020031
-0.272917 0.508834 -0.025623
-0.190736 0.464417 -0.031629
-0.204921 0.478637 -0.024148
-0.287589 0.516821 -0.036028
-0.172001 0.452860 -0.042966
-0.259821 0.532072 -0.099989
-0.246726 0.520593 -0.110286
-0.244345 0.516272 -0.112480
-0.183385 0.629356 -0.112505
-0.194028 0.552848 -0.097694
-0.196937 0.525480 -0.067337
-0.198513 0.523867 -0.050094
-0.272379 0.495302 -0.039548
-0.262526 0.483036 -0.044147
-0.250606 0.482191 -0.032980
-0.195248 0.518709 -0.065074
-0.191102 0.513190 -0.050005
-0.170890 0.621034 -0.043061
-0.195280 0.516004 -0.049280
-0.252352 0.543787 -0.102342
0.098441 0.393429 -0.246261
-0.054237 0.231868 -0.109260
-0.015793 0.198778 -0.063123
-0.033136 0.201903 -0.080336
-0.056134 0.307860 -0.120536
-0.061736 0.330850 -0.119901
-0.072236 0.382094 -0.126626
-0.071031 0.384485 -0.129369
-0.056648 0.274590 -0.100180
0.041812 0.606385 -0.135391
0.042959 0.600557 -0.140564
0.040849 0.618985 -0.129719
0.066159 0.061122 0.011491
0.044187 0.590176 -0.120390
0.046411 0.584104 -0.123548
0.042055 0.587164 -0.122696
0.044465 0.590728 -0.118528
0.043929 0.591965 -0.118508
0.039465 0.619626 -0.119173
0.046072 0.592871 -0.140708
0.048490 0.584430 -0.141090
0.042625 0.604379 -0.116518
0.052088 0.077059 -0.277956
0.076186 0.072476 -0.270495
0.074143 0.053699 -0.284555
0.047428 0.058088 -0.289762
0.071920 0.034402 -0.299371
-0.069510 0.022550 -0.293627
-0.093131 0.030283 -0.271796
-0.088606 0.051250 -0.265238
-0.065400 0.047035 -0.288259
-0.099157 0.065733 -0.232735
-0.083568 0.069817 -0.256402
-0.105384 0.050368 -0.237046
-0.112638 0.044190 -0.208693
-0.107643 0.060155 -0.203886
-0.111145 0.037549 -0.179981
-0.107380 0.051721 -0.174568
-0.101900 0.026476 -0.152936
-0.088853 0.016336 -0.126327
-0.074863 -0.010096 -0.109641
-0.052718 -0.009556 -0.077791
-0.071701 0.002083 -0.102471
-0.009529 -0.031913 -0.035550
-0.031814 -0.023245 -0.054324
0.032909 -0.043735 -0.014193
0.011696 -0.037844 -0.022747
0.017398 0.432999 -0.083626
0.036797 0.471954 -0.216985
0.026426 0.464987 -0.220423
0.019191 0.473892 -0.202246
0.003849 0.396757 -0.246326
0.005422 0.413816 -0.244680
0.021094 0.409400 -0.250173
0.020543 0.391908 -0.252119
0.046240 0.463690 -0.228585
0.054352 0.466631 -0.224802
0.037070 0.454940 -0.230697
0.068917 0.441010 -0.242070
0.052618 0.447485 -0.238209
-0.009092 0.467381 -0.212245
-0.015755 0.443148 -0.226943
-0.025292 0.445206 -0.220846
-0.020479 0.466933 -0.209607
-0.031062 0.394977 -0.229859
-0.034998 0.372799 -0.226289
-0.047001 0.384238 -0.220274
-0.042910 0.401429 -0.224186
-0.049667 0.475285 -0.200760
-0.057029 0.452796 -0.209742
-0.070655 0.456877 -0.207483
-0.064039 0.479597 -0.196296
-0.038520 0.412007 -0.226848
0.023767 0.291877 -0.252544
-0.000931 0.295551 -0.253680
-0.018722 0.301240 -0.247228
-0.056772 0.331894 -0.213426
-0.047935 0.323723 -0.220666
-0.054225 0.317647 -0.216418
-0.063746 0.339016 -0.207109
-0.074289 0.348308 -0.196846
-0.048158 0.463277 -0.104480
-0.037282 0.456713 -0.100724
-0.035520 0.480101 -0.122674
-0.098723 0.370346 -0.170843
-0.085851 0.358704 -0.180770
-0.085691 0.356081 -0.173536
-0.099204 0.367866 -0.163221
-0.002749 0.465544 -0.212545
-0.077094 0.437978 -0.208779
-0.063836 0.435504 -0.211821
-0.071108 0.423458 -0.211005
-0.085456 0.424324 -0.206270
-0.088143 0.416039 -0.204773
-0.073962 0.412384 -0.209551
-0.078212 0.401324 -0.207146
-0.089815 0.405804 -0.202257
-0.097167 0.373077 -0.178454
-0.084841 0.363520 -0.187550
-0.069349 0.496923 -0.168730
-0.016937 0.484022 -0.184176
-0.012861 0.482881 -0.155897
-0.005019 0.480492 -0.156476
-0.007830 0.483667 -0.184979
-0.079706 0.376311 -0.128831
-0.073996 0.383773 -0.126249
-0.083196 0.369176 -0.130148
-0.083604 0.352088 -0.159617
-0.094045 0.366987 -0.133712
-0.060899 0.440053 -0.109120
-0.058495 0.466802 -0.107424
-0.014812 0.471089 -0.126504
-0.008048 0.467201 -0.127991
-0.078631 0.483599 -0.189522
-0.085556 0.463934 -0.201266
-0.111158 0.377088 -0.164942
-0.111200 0.373833 -0.158565
-0.123210 0.381111 -0.154434
-0.079147 0.341992 -0.175502
-0.084773 0.354252 -0.166952
-0.025892 0.470738 -0.205116
-0.091264 0.442345 -0.203556
-0.098293 0.428981 -0.200908
-0.063509 0.409428 -0.214987
-0.059540 0.419269 -0.216048
-0.049010 0.415311 -0.221526
-0.053668 0.406517 -0.220297
-0.104324 0.412587 -0.195152
-0.108047 0.403055 -0.191133
-0.058626 0.392874 -0.215746
-0.066775 0.398077 -0.212441
-0.111054 0.381346 -0.171178
-0.002274 0.464008 -0.127607
-0.007165 0.448535 -0.101597
-0.000794 0.447091 -0.098566
-0.020812 0.452934 -0.100100
-0.013714 0.450370 -0.101777
-0.029350 0.454128 -0.098435
0.006160 0.437917 -0.090276
-0.281402 0.507022 -0.036955
-0.124159 0.379052 -0.148406
-0.137277 0.387595 -0.144255
-0.133994 0.389483 -0.150897
-0.180673 0.439848 -0.131080
0.109959 0.507132 -0.018104
0.110734 0.512943 -0.015282
0.111880 0.531657 -0.012665
0.112019 0.534504 -0.012977
-0.281211 0.514643 -0.077689
-0.283862 0.524581 -0.077388
-0.265486 0.570395 -0.081061
-0.243720 0.578698 -0.099650
-0.254705 0.563890 -0.096096
-0.213489 0.546380 -0.107528
-0.200172 0.541562 -0.099000
-0.194034 0.533461 -0.048308
-0.254828 0.563609 -0.031063
-0.151726 0.648374 -0.116857
-0.160498 0.657494 -0.115996
-0.147873 0.671174 -0.120028
-0.138642 0.660919 -0.120239
-0.127282 0.672846 -0.120197
-0.119097 0.666852 -0.114163
-0.129330 0.652497 -0.113515
-0.114733 0.662703 -0.104090
-0.124059 0.647050 -0.101876
-0.114399 0.661879 -0.092915
-0.114854 0.664939 -0.084164
-0.125175 0.650412 -0.081290
-0.123600 0.647191 -0.090336
-0.138440 0.638456 -0.069150
-0.127298 0.654191 -0.072400
-0.130055 0.658294 -0.063503
-0.141360 0.642910 -0.059159
-0.128523 0.689465 -0.061858
-0.134217 0.695629 -0.062602
-0.148524 0.682144 -0.057956
-0.143123 0.674868 -0.056845
-0.171572 0.675048 -0.074800
-0.167689 0.673374 -0.062630
-0.154298 0.687814 -0.065206
-0.158875 0.688621 -0.076243
-0.146105 0.700355 -0.077211
-0.148413 0.699430 -0.089478
-0.159918 0.686867 -0.087792
-0.174371 0.620595 -0.112212
-0.163849 0.634284 -0.113696
-0.155054 0.625809 -0.109506
-0.134316 0.633037 -0.090104
-0.144717 0.618014 -0.088343
-0.148449 0.620062 -0.100924
-0.136536 0.633956 -0.102303
-0.163346 0.612024 -0.049500
-0.149017 0.623022 -0.065171
-0.152634 0.628000 -0.054377
-0.135336 0.634653 -0.078986
-0.145835 0.619452 -0.076336
-0.147813 0.650737 -0.052979
-0.136848 0.666451 -0.058413
-0.166767 0.665047 -0.109061
-0.170656 0.670788 -0.099120
-0.157768 0.684073 -0.101094
-0.154108 0.678730 -0.111997
-0.159388 0.636185 -0.048152
-0.183867 0.657732 -0.097927
-0.179124 0.651376 -0.107744
-0.172880 0.674414 -0.087077
-0.186435 0.661214 -0.085749
-0.142891 0.691620 -0.113282
-0.135939 0.682884 -0.120044
-0.172482 0.643439 -0.113721
-0.155834 0.659685 -0.053036
-0.162361 0.667179 -0.056352
-0.175879 0.652768 -0.053779
-0.167907 0.645196 -0.048657
-0.199786 0.648338 -0.070035
-0.181589 0.659037 -0.061223
-0.185302 0.661804 -0.072626
-0.140754 0.700815 -0.069538
-0.200552 0.647729 -0.083950
-0.066554 0.738927 -0.116983
-0.067673 0.728930 -0.113559
-0.061827 0.728428 -0.122327
-0.061125 0.737889 -0.125743
-0.064549 0.705462 -0.114585
-0.069215 0.695157 -0.120307
-0.061590 0.699409 -0.134508
-0.058041 0.708156 -0.127756
-0.058125 0.736901 -0.135161
-0.058649 0.727669 -0.131229
-0.059710 0.734552 -0.142435
-0.059606 0.745184 -0.145902
-0.056261 0.745518 -0.139571
-0.058296 0.751902 -0.147754
-0.072506 0.742432 -0.148503
-0.066360 0.755096 -0.149829
-0.092255 0.752025 -0.132879
-0.097597 0.755255 -0.123595
-0.089259 0.767975 -0.127473
-0.083292 0.764682 -0.137334
-0.094897 0.768591 -0.107505
-0.091742 0.769443 -0.119094
-0.100167 0.756343 -0.115860
-0.102220 0.755675 -0.106113
-0.075791 0.740152 -0.104345
-0.078616 0.732781 -0.099761
-0.075409 0.731203 -0.104830
-0.073114 0.739371 -0.108884
-0.061565 0.724624 -0.151636
-0.069776 0.728068 -0.148721
-0.064743 0.733824 -0.147551
-0.058465 0.726509 -0.149243
-0.089808 0.713358 -0.079044
-0.097209 0.702019 -0.076713
-0.094194 0.698822 -0.081648
-0.088498 0.709623 -0.082703
-0.081181 0.689982 -0.104882
-0.088566 0.687018 -0.099609
-0.096010 0.680232 -0.111231
-0.090434 0.684071 -0.116409
-0.074398 0.692701 -0.111722
-0.083012 0.688595 -0.121575
-0.076866 0.692884 -0.129951
-0.067369 0.698584 -0.141447
-0.105032 0.708126 -0.069098
-0.099695 0.716981 -0.068838
-0.031685 0.789122 -0.151696
-0.031837 0.791737 -0.147058
-0.034439 0.787734 -0.146637
-0.033592 0.785571 -0.151101
-0.117082 0.724107 -0.072310
-0.122354 0.726001 -0.080569
-0.125334 0.720334 -0.076603
-0.119469 0.717366 -0.069753
-0.113656 0.732713 -0.075427
-0.118223 0.733670 -0.085282
-0.038149 0.794905 -0.159468
-0.034846 0.791355 -0.158420
-0.038011 0.788426 -0.158499
-0.041547 0.791713 -0.158993
-0.057885 0.745471 -0.129802
-0.063506 0.746374 -0.121217
-0.050133 0.761436 -0.133438
-0.056266 0.755212 -0.126713
-0.053493 0.751697 -0.133885
-0.049638 0.757082 -0.138536
-0.068874 0.759038 -0.108512
-0.073812 0.749488 -0.105712
-0.070300 0.749212 -0.110955
-0.063306 0.758541 -0.114725
-0.077882 0.752020 -0.095211
-0.073157 0.762135 -0.098562
-0.074788 0.762336 -0.091113
-0.078100 0.755100 -0.089043
-0.064354 0.777082 -0.108544
-0.062284 0.784593 -0.112324
-0.064565 0.786252 -0.108951
-0.065956 0.778293 -0.104814
-0.129045 0.714581 -0.073494
-0.122388 0.711268 -0.067263
-0.098620 0.766383 -0.088779
-0.098489 0.761785 -0.079135
-0.092004 0.772453 -0.078755
-0.094315 0.774767 -0.088710
-0.124259 0.726460 -0.091360
-0.128465 0.721921 -0.087322
-0.040636 0.798924 -0.157457
-0.044008 0.795784 -0.156991
-0.085012 0.697160 -0.134298
-0.072883 0.702841 -0.145301
-0.093293 0.692063 -0.128000
-0.099335 0.687814 -0.123558
-0.105416 0.683417 -0.121637
-0.056115 0.761032 -0.123352
-0.069048 0.745550 -0.114082
-0.077856 0.740557 -0.100799
-0.084722 0.749159 -0.074090
-0.089053 0.740382 -0.071365
-0.083115 0.740326 -0.080187
-0.081383 0.748212 -0.081278
-0.091487 0.760061 -0.072892
-0.084880 0.758846 -0.073190
-0.080720 0.767518 -0.075772
-0.086327 0.769267 -0.074217
-0.063561 0.720417 -0.155107
-0.072808 0.720506 -0.149679
-0.109399 0.720450 -0.067601
-0.111422 0.712912 -0.066882
-0.115594 0.706392 -0.065956
-0.083359 0.720941 -0.090558
-0.087814 0.707297 -0.085754
-0.084266 0.705133 -0.090353
-0.081142 0.720833 -0.094261
-0.068444 0.718333 -0.108486
-0.071810 0.703887 -0.104032
-0.061967 0.719069 -0.117964
-0.091914 0.693051 -0.088739
-0.100938 0.689702 -0.081638
-0.097578 0.684303 -0.089682
-0.105962 0.694876 -0.073965
-0.110887 0.701009 -0.067899
-0.105862 0.681129 -0.081632
-0.105477 0.676397 -0.087777
-0.111235 0.688112 -0.074773
-0.115686 0.694230 -0.066981
-0.139512 0.708810 -0.080623
-0.133340 0.708042 -0.070594
-0.134602 0.716044 -0.084169
-0.104369 0.674341 -0.109388
-0.096853 0.680232 -0.098868
-0.104803 0.673059 -0.096506
-0.111970 0.678320 -0.119750
-0.054599 0.708768 -0.138046
-0.051016 0.709709 -0.145594
-0.051292 0.716878 -0.143840
-0.054761 0.717779 -0.136641
-0.056331 0.759724 -0.150007
-0.051061 0.757123 -0.145041
-0.054497 0.750079 -0.142045
-0.087443 0.724174 -0.077153
-0.095028 0.726019 -0.068450
-0.051234 0.766951 -0.130577
-0.044496 0.788178 -0.158461
-0.040467 0.784555 -0.158054
-0.048874 0.771132 -0.153712
-0.052886 0.776340 -0.154963
-0.051319 0.777222 -0.133357
-0.049030 0.771034 -0.134269
-0.047042 0.773834 -0.135525
-0.049184 0.780320 -0.135351
-0.066883 0.785626 -0.101021
-0.068316 0.779192 -0.097601
-0.070775 0.775782 -0.137410
-0.069653 0.767881 -0.147064
-0.077410 0.758604 -0.146205
-0.071966 0.760074 -0.103164
-0.067767 0.768610 -0.105077
-0.069218 0.770289 -0.101282
-0.056807 0.765046 -0.122918
-0.053587 0.770962 -0.128027
-0.056790 0.770460 -0.122453
-0.059347 0.765123 -0.117810
-0.104570 0.751467 -0.078626
-0.097267 0.749782 -0.071106
-0.032671 0.789238 -0.155520
-0.035050 0.785776 -0.155348
-0.126430 0.705308 -0.065293
-0.119837 0.700540 -0.064150
-0.076395 0.750570 -0.100649
-0.085466 0.747722 -0.141964
-0.079664 0.741176 -0.096584
-0.083174 0.785215 -0.101406
-0.079809 0.785039 -0.095278
-0.076983 0.790139 -0.098681
-0.080083 0.791419 -0.103433
-0.042371 0.792181 -0.141729
-0.038903 0.788413 -0.142289
-0.036782 0.791779 -0.143333
-0.040013 0.795708 -0.143148
-0.047638 0.766230 -0.137156
-0.047243 0.762352 -0.141884
-0.044341 0.767307 -0.144475
-0.044767 0.770181 -0.138936
-0.049142 0.763203 -0.147997
-0.046341 0.768073 -0.150260
-0.046288 0.795244 -0.144517
-0.048359 0.795082 -0.150740
-0.055762 0.784500 -0.145550
-0.052409 0.785838 -0.139980
-0.109986 0.742827 -0.104494
-0.111250 0.743665 -0.094658
-0.103093 0.755722 -0.095510
-0.096647 0.767924 -0.096397
-0.088745 0.778737 -0.097565
-0.088322 0.779122 -0.109631
-0.105284 0.754608 -0.088990
-0.059377 0.780558 -0.134053
-0.061656 0.778523 -0.141092
-0.064471 0.781099 -0.135664
-0.080825 0.742548 -0.089579
-0.037678 0.782200 -0.155188
-0.114356 0.703496 -0.125555
-0.121260 0.711440 -0.119249
-0.115888 0.717576 -0.120964
-0.108363 0.709377 -0.128744
-0.036609 0.784015 -0.145326
-0.035684 0.781799 -0.150042
-0.070728 0.781782 -0.092718
-0.069340 0.787016 -0.096773
-0.071632 0.789553 -0.095495
-0.073125 0.784350 -0.090992
-0.112737 0.743245 -0.088992
-0.087517 0.778946 -0.078896
-0.091040 0.780580 -0.087747
-0.118940 0.733219 -0.094028
-0.117561 0.732210 -0.103485
-0.123531 0.724636 -0.102363
-0.080014 0.782499 -0.121686
-0.107517 0.743574 -0.112686
-0.115095 0.732270 -0.110152
-0.121582 0.723352 -0.110137
-0.127030 0.716989 -0.108911
-0.128592 0.719524 -0.100703
-0.047546 0.792418 -0.155960
-0.044722 0.799040 -0.151696
-0.135165 0.713923 -0.097714
-0.141142 0.707528 -0.094857
-0.139277 0.704841 -0.105443
-0.132756 0.711582 -0.107278
-0.111845 0.730556 -0.117632
-0.106620 0.728294 -0.126105
-0.104962 0.742214 -0.120218
-0.099855 0.741246 -0.128308
-0.080584 0.777187 -0.130619
-0.034536 0.810328 -0.150662
-0.040108 0.802839 -0.147945
-0.037463 0.800110 -0.144421
-0.032576 0.809274 -0.147967
-0.043216 0.798522 -0.146213
-0.041703 0.802466 -0.152520
-0.092829 0.735540 -0.137472
-0.055073 0.776860 -0.126991
-0.098571 0.718966 -0.134629
-0.081754 0.732856 -0.145901
-0.085512 0.720707 -0.144378
-0.101099 0.699265 -0.131038
-0.091290 0.705354 -0.138031
-0.112774 0.690283 -0.125175
-0.107088 0.695094 -0.127818
-0.118736 0.684580 -0.123273
-0.080359 0.708323 -0.145257
-0.026211 0.797455 -0.152083
-0.027364 0.800045 -0.147525
-0.119868 0.698123 -0.123694
-0.126789 0.692472 -0.122112
-0.057941 0.719595 -0.128410
-0.082620 0.733259 -0.085975
-0.081935 0.732767 -0.091865
-0.091369 0.734475 -0.069578
-0.084431 0.733106 -0.078674
-0.133986 0.699566 -0.115744
-0.115538 0.669636 -0.076322
-0.119003 0.676270 -0.070818
-0.146144 0.696046 -0.104060
-0.027144 0.797055 -0.156508
-0.064963 0.789819 -0.115926
-0.066777 0.790212 -0.113535
-0.057598 0.702060 -0.142937
-0.053911 0.704573 -0.149369
-0.060284 0.708829 -0.156588
-0.057015 0.705276 -0.153772
-0.062318 0.701762 -0.147985
-0.066124 0.705883 -0.151420
-0.084325 0.722178 -0.087249
-0.085255 0.724017 -0.083082
-0.109522 0.741740 -0.077468
-0.101496 0.739971 -0.069723
-0.053208 0.765776 -0.151764
-0.062045 0.764310 -0.150933
-0.057361 0.770336 -0.152259
-0.056226 0.780001 -0.151729
-0.055907 0.780069 -0.131649
-0.055241 0.780955 -0.136475
-0.077868 0.704362 -0.097368
-0.075950 0.719876 -0.100603
-0.056405 0.725241 -0.138277
-0.053952 0.723471 -0.144726
-0.064008 0.765297 -0.111541
-0.072994 0.789416 -0.124943
-0.072741 0.784993 -0.132608
-0.060566 0.772916 -0.115220
-0.031541 0.802640 -0.160649
-0.028528 0.798746 -0.159020
-0.061921 0.774472 -0.149289
-0.071051 0.771487 -0.094062
-0.076323 0.788483 -0.117577
-0.069522 0.791283 -0.120977
-0.083375 0.774844 -0.075623
-0.126960 0.706257 -0.117679
-0.033983 0.796163 -0.143876
-0.029424 0.803428 -0.145228
-0.035761 0.809231 -0.154227
-0.035040 0.805886 -0.158307
-0.105120 0.730345 -0.068067
-0.080676 0.732835 -0.095971
-0.124603 0.682929 -0.065298
-0.070941 0.711762 -0.151235
-0.063349 0.714322 -0.157439
-0.058547 0.778986 -0.117844
-0.085553 0.783385 -0.093499
-0.083578 0.787129 -0.111363
-0.080465 0.792862 -0.112041
-0.075902 0.793440 -0.116201
-0.070813 0.793747 -0.115454
-0.032702 0.813086 -0.154506
-0.031981 0.809807 -0.159128
-0.028419 0.806727 -0.161287
-0.025822 0.803322 -0.159515
-0.024894 0.800655 -0.156538
-0.031401 0.814349 -0.151438
-0.029561 0.813221 -0.148755
-0.027196 0.806884 -0.146236
-0.028674 0.817743 -0.151672
-0.028222 0.818686 -0.156197
-0.020166 0.815800 -0.162295
-0.024094 0.813539 -0.162104
-0.023773 0.816483 -0.161553
-0.020907 0.819169 -0.162163
-0.018320 0.823034 -0.162656
-0.016981 0.819778 -0.162147
-0.026299 0.816873 -0.160122
-0.023491 0.821634 -0.160650
-0.024158 0.823073 -0.157367
-0.021537 0.827185 -0.158235
-0.020531 0.826001 -0.161312
-0.026329 0.819475 -0.157409
-0.027753 0.815388 -0.160086
-0.015376 0.823727 -0.161725
-0.017053 0.825510 -0.162699
-0.018216 0.828538 -0.161692
-0.015831 0.828202 -0.159945
-0.023154 0.807254 -0.160068
-0.018781 0.813504 -0.160610
-0.015723 0.817827 -0.159915
-0.014201 0.821938 -0.159456
-0.017205 0.812770 -0.157728
-0.015181 0.817157 -0.157437
-0.014228 0.820821 -0.156531
-0.016795 0.813640 -0.154467
-0.015165 0.817960 -0.154870
-0.022417 0.803285 -0.153116
-0.022930 0.803361 -0.156705
-0.014680 0.820487 -0.155039
-0.014936 0.826824 -0.157705
-0.025265 0.822681 -0.154335
-0.021322 0.827200 -0.155335
-0.024720 0.822331 -0.152253
-0.020650 0.826239 -0.152990
-0.018588 0.829551 -0.156896
-0.019657 0.829318 -0.158815
-0.024722 0.799890 -0.152133
-0.026055 0.802967 -0.147759
-0.023806 0.806090 -0.148225
-0.017745 0.815618 -0.150449
-0.025198 0.810134 -0.146750
-0.026956 0.816648 -0.149269
-0.023018 0.821396 -0.150376
-0.020618 0.819026 -0.149035
-0.019507 0.824262 -0.151352
-0.018056 0.822181 -0.150634
-0.016079 0.819643 -0.152108
-0.016937 0.825565 -0.152924
-0.017660 0.828254 -0.154758
-0.014885 0.824429 -0.155201
-0.016630 0.823798 -0.152227
-0.015258 0.822135 -0.153774
-0.042841 0.810309 -0.132083
-0.044159 0.812755 -0.126299
-0.046317 0.807805 -0.126209
-0.045086 0.806168 -0.130958
-0.048920 0.814335 -0.139736
-0.044970 0.811284 -0.138361
-0.047307 0.807444 -0.138230
-0.051666 0.810191 -0.139528
-0.052863 0.816646 -0.137195
-0.056314 0.812609 -0.136934
-0.054284 0.805845 -0.139304
-0.049423 0.802700 -0.138143
-0.056992 0.786834 -0.135310
-0.062138 0.789954 -0.137063
-0.059351 0.789372 -0.116979
-0.062765 0.793341 -0.118474
-0.043242 0.809985 -0.135425
-0.045478 0.806145 -0.135333
-0.054852 0.808434 -0.123380
-0.051370 0.806131 -0.123174
-0.048957 0.810615 -0.123743
-0.052204 0.813141 -0.123707
-0.053833 0.782980 -0.127166
-0.055325 0.785087 -0.119567
-0.054645 0.784584 -0.132197
-0.058207 0.810807 -0.125865
-0.059977 0.811430 -0.130574
-0.068511 0.797061 -0.128154
-0.066870 0.796997 -0.123488
-0.047152 0.801551 -0.134877
-0.047653 0.802930 -0.124665
-0.046488 0.801361 -0.129831
-0.058990 0.808591 -0.136253
-0.056721 0.815698 -0.130728
-0.046672 0.829735 -0.128134
-0.052349 0.820104 -0.127022
-0.049744 0.818191 -0.123647
-0.043831 0.828634 -0.124385
-0.054931 0.815309 -0.126482
-0.053966 0.819966 -0.131451
-0.035963 0.823163 -0.131116
-0.037550 0.825248 -0.125638
-0.036031 0.822265 -0.134809
-0.067641 0.793979 -0.134298
-0.042389 0.824055 -0.139451
-0.038228 0.822057 -0.137771
-0.046338 0.815096 -0.123314
-0.039788 0.826879 -0.122771
-0.048000 0.829287 -0.132146
-0.046994 0.825853 -0.137261
-0.044477 0.833729 -0.131636
-0.043466 0.831294 -0.136654
-0.039080 0.829223 -0.138777
-0.035562 0.826964 -0.136986
-0.034231 0.826160 -0.134159
-0.043328 0.834182 -0.128242
-0.041252 0.833401 -0.125030
-0.038444 0.830187 -0.123495
-0.040157 0.840118 -0.127890
-0.040232 0.840879 -0.131708
-0.029416 0.845142 -0.136876
-0.032091 0.840558 -0.137594
-0.033323 0.842714 -0.137072
-0.030846 0.847148 -0.137252
-0.035636 0.837356 -0.138111
-0.035550 0.839866 -0.137162
-0.037898 0.840812 -0.135295
-0.035715 0.845256 -0.135666
-0.036852 0.845807 -0.131852
-0.034770 0.850800 -0.132389
-0.033340 0.850371 -0.135845
-0.038467 0.842381 -0.132867
-0.029664 0.850464 -0.136932
-0.027965 0.850180 -0.135518
-0.039383 0.838384 -0.135940
-0.034121 0.831296 -0.136688
-0.030396 0.838530 -0.136200
-0.027847 0.843961 -0.134810
-0.026892 0.849319 -0.133113
-0.028957 0.837824 -0.133131
-0.027024 0.843443 -0.132373
-0.026666 0.848051 -0.130927
-0.028768 0.838113 -0.129384
-0.027117 0.844009 -0.129344
-0.033293 0.828941 -0.129646
-0.032955 0.829096 -0.133294
-0.026921 0.846838 -0.129408
-0.029635 0.854091 -0.134325
-0.028287 0.852857 -0.131691
-0.031027 0.853999 -0.135823
-0.037036 0.845840 -0.130415
-0.034456 0.850889 -0.130428
-0.036996 0.845931 -0.127899
-0.033799 0.850969 -0.128385
-0.032229 0.854228 -0.131430
-0.032631 0.854134 -0.132884
-0.034485 0.826190 -0.130195
-0.036405 0.827876 -0.125677
-0.035109 0.830296 -0.125504
-0.030547 0.839834 -0.125630
-0.037160 0.833047 -0.123679
-0.039048 0.838096 -0.125386
-0.035999 0.844613 -0.125715
-0.033092 0.842229 -0.124349
-0.032768 0.850068 -0.126840
-0.031259 0.847226 -0.125155
-0.028580 0.845141 -0.126272
-0.030417 0.852089 -0.128303
-0.031301 0.853731 -0.129901
-0.027746 0.850970 -0.129894
-0.029832 0.849845 -0.126704
-0.027895 0.848499 -0.128085
-0.057651 0.814155 -0.108338
-0.058108 0.813889 -0.103265
-0.059537 0.810240 -0.103414
-0.059161 0.810693 -0.108435
-0.063463 0.818031 -0.113393
-0.060914 0.817142 -0.113422
-0.062744 0.813623 -0.114221
-0.065985 0.814033 -0.114765
-0.065429 0.820024 -0.110446
-0.069017 0.814929 -0.111621
-0.068262 0.809842 -0.115413
-0.064456 0.809954 -0.114827
-0.069311 0.797662 -0.114854
-0.073356 0.798807 -0.115881
-0.058790 0.815746 -0.111596
-0.060285 0.812223 -0.111865
-0.064778 0.808369 -0.098817
-0.062436 0.807185 -0.099569
-0.061234 0.811453 -0.099948
-0.063332 0.812570 -0.099108
-0.065275 0.791659 -0.108158
-0.065816 0.790902 -0.102570
-0.066415 0.794877 -0.112052
-0.068388 0.810346 -0.100447
-0.071739 0.811077 -0.105998
-0.077165 0.799018 -0.104688
-0.074901 0.797351 -0.100002
-0.061448 0.808638 -0.112439
-0.060432 0.806289 -0.103265
-0.059933 0.806979 -0.108526
-0.071379 0.810247 -0.112009
-0.068899 0.815918 -0.105807
-0.058675 0.831046 -0.101054
-0.064640 0.818048 -0.100790
-0.062021 0.816658 -0.098810
-0.055972 0.829186 -0.099159
-0.066307 0.814595 -0.100999
-0.066565 0.819958 -0.105956
-0.051165 0.826443 -0.106653
-0.052172 0.826098 -0.102128
-0.052893 0.826790 -0.109836
-0.076865 0.799368 -0.112092
-0.070619 0.793711 -0.096838
-0.056080 0.829127 -0.111895
-0.054238 0.827736 -0.111281
-0.059923 0.814945 -0.099866
-0.054202 0.827773 -0.099301
-0.060104 0.831548 -0.105182
-0.059489 0.830216 -0.109570
-0.057819 0.835075 -0.104456
-0.057260 0.834300 -0.108996
-0.053921 0.833531 -0.111677
-0.051800 0.831807 -0.110606
-0.050561 0.830382 -0.108856
-0.056146 0.834754 -0.101242
-0.054120 0.833351 -0.099553
-0.052664 0.829695 -0.099563
-0.054068 0.838042 -0.100957
-0.054737 0.840126 -0.105194
-0.044754 0.846983 -0.110267
-0.047291 0.843033 -0.110818
-0.047765 0.843528 -0.110165
-0.045720 0.847673 -0.110148
-0.051093 0.839225 -0.111166
-0.050475 0.840767 -0.110398
-0.052667 0.841025 -0.108794
-0.050378 0.845456 -0.108551
-0.051322 0.844574 -0.104388
-0.049367 0.848304 -0.104576
-0.048094 0.849326 -0.108433
-0.053545 0.841403 -0.105992
-0.044722 0.850339 -0.109767
-0.043957 0.849837 -0.109544
-0.054044 0.839328 -0.108740
-0.049446 0.835806 -0.110632
-0.045904 0.841053 -0.110076
-0.043405 0.845081 -0.109080
-0.042498 0.848044 -0.107852
-0.044631 0.839159 -0.107508
-0.042697 0.843437 -0.106992
-0.042100 0.846106 -0.105904
-0.044342 0.838106 -0.104805
-0.042584 0.842385 -0.104808
-0.048796 0.831010 -0.105588
-0.048688 0.832994 -0.108426
-0.042195 0.844839 -0.104593
-0.044963 0.852193 -0.107243
-0.043413 0.850448 -0.104924
-0.046077 0.852274 -0.108189
-0.051728 0.844048 -0.102884
-0.048922 0.848215 -0.102859
-0.050972 0.842504 -0.101019
-0.047944 0.846888 -0.101168
-0.047152 0.851094 -0.104229
-0.047532 0.851131 -0.104785
-0.050179 0.828645 -0.105953
-0.051047 0.828428 -0.102217
-0.049424 0.830719 -0.102109
-0.044994 0.838534 -0.101864
-0.051135 0.832017 -0.099672
-0.052128 0.836480 -0.099810
-0.049363 0.840824 -0.099853
-0.047142 0.839667 -0.099771
-0.046858 0.845474 -0.100411
-0.045720 0.843446 -0.100175
-0.043349 0.842669 -0.102247
-0.044976 0.847720 -0.101473
-0.046096 0.849823 -0.102495
-0.042816 0.847845 -0.103609
-0.044319 0.845898 -0.101228
-0.042814 0.845763 -0.103018
-0.067847 0.791553 -0.098453
-0.067488 0.803123 -0.083805
-0.067623 0.801937 -0.080709
-0.069286 0.799221 -0.081091
-0.069246 0.800095 -0.084290
-0.073994 0.807779 -0.087747
-0.070784 0.807021 -0.088356
-0.073101 0.803616 -0.089295
-0.076315 0.804399 -0.088639
-0.076297 0.807678 -0.083935
-0.078697 0.804393 -0.084785
-0.077904 0.801183 -0.089563
-0.074561 0.800390 -0.090094
-0.079077 0.788937 -0.092454
-0.083189 0.788786 -0.092131
-0.081476 0.779051 -0.076161
-0.077647 0.778136 -0.078345
-0.075473 0.783903 -0.078678
-0.078499 0.783894 -0.076132
-0.068656 0.805365 -0.086672
-0.070399 0.801861 -0.087353
-0.073906 0.796012 -0.075989
-0.071399 0.795980 -0.078212
-0.070486 0.798639 -0.078275
-0.072402 0.799227 -0.076100
-0.074678 0.779731 -0.081941
-0.073317 0.781332 -0.086148
-0.073774 0.785224 -0.085978
-0.073549 0.784671 -0.082180
-0.075111 0.787150 -0.089703
-0.076717 0.797104 -0.075891
-0.079810 0.798986 -0.079861
-0.086083 0.785276 -0.079097
-0.082822 0.783991 -0.076639
-0.071748 0.799277 -0.088184
-0.070237 0.796517 -0.081057
-0.070160 0.797479 -0.084540
-0.080778 0.800446 -0.085283
-0.077766 0.802481 -0.079456
-0.069015 0.810583 -0.074092
-0.073549 0.803439 -0.075337
-0.070756 0.802019 -0.075563
-0.066894 0.809100 -0.073881
-0.075093 0.800233 -0.075921
-0.075591 0.806043 -0.078869
-0.062977 0.811027 -0.082462
-0.063563 0.808933 -0.078530
-0.064177 0.812722 -0.084751
-0.087421 0.787725 -0.087545
-0.068196 0.815184 -0.086030
-0.065463 0.814634 -0.086130
-0.068728 0.801609 -0.077904
-0.065063 0.808827 -0.075662
-0.070675 0.812692 -0.077036
-0.071023 0.814511 -0.082060
-0.068266 0.816220 -0.076634
-0.068689 0.818007 -0.081817
-0.065634 0.818409 -0.085591
-0.063666 0.816954 -0.085612
-0.062392 0.815182 -0.084203
-0.066617 0.814004 -0.074071
-0.065032 0.812601 -0.073834
-0.063520 0.811503 -0.075650
-0.064568 0.817471 -0.074045
-0.065358 0.821415 -0.077279
-0.057265 0.828711 -0.083305
-0.059379 0.825646 -0.084050
-0.059841 0.826025 -0.083248
-0.057892 0.829266 -0.082967
-0.062961 0.822533 -0.084233
-0.062641 0.823560 -0.083374
-0.064657 0.822809 -0.081260
-0.062153 0.826691 -0.080942
-0.062313 0.825524 -0.076811
-0.060197 0.828659 -0.076775
-0.060304 0.829920 -0.080871
-0.064575 0.822896 -0.078179
-0.057222 0.831537 -0.082570
-0.056162 0.831603 -0.082173
-0.065702 0.821726 -0.081448
-0.061734 0.820016 -0.085114
-0.058116 0.824883 -0.084118
-0.055870 0.828740 -0.082779
-0.054908 0.830859 -0.080869
-0.057761 0.822802 -0.083110
-0.055196 0.827046 -0.081502
-0.054514 0.829067 -0.079681
-0.057510 0.820535 -0.080798
-0.055219 0.825184 -0.079964
-0.060494 0.815128 -0.081411
-0.060929 0.817745 -0.083886
-0.054545 0.827801 -0.079090
-0.056961 0.832826 -0.079376
-0.055354 0.831301 -0.078102
-0.058632 0.832698 -0.080171
-0.062281 0.824416 -0.075497
-0.059382 0.828332 -0.075415
-0.061491 0.822380 -0.074082
-0.058104 0.826831 -0.074361
-0.057762 0.830999 -0.076524
-0.059037 0.831093 -0.077487
-0.061539 0.813313 -0.081757
-0.062224 0.811370 -0.078405
-0.060967 0.813535 -0.078134
-0.057899 0.818920 -0.077778
-0.062397 0.813647 -0.075237
-0.063612 0.815117 -0.073768
-0.060426 0.820774 -0.073795
-0.059029 0.819508 -0.074897
-0.057363 0.826171 -0.074449
-0.056378 0.824597 -0.075556
-0.055519 0.824098 -0.077512
-0.055609 0.828868 -0.076159
-0.056336 0.830100 -0.076051
-0.054798 0.829568 -0.077750
-0.055304 0.827526 -0.076516
-0.054790 0.827606 -0.077584
-0.083870 0.781370 -0.076397
-0.055447 0.723941 -0.164334
-0.053904 0.727218 -0.160428
-0.044441 0.718527 -0.153719
-0.046440 0.724331 -0.154338
-0.044312 0.713258 -0.156369
-0.049556 0.709310 -0.162653
-0.046693 0.709965 -0.158873
-0.050259 0.727647 -0.156736
-0.055818 0.719101 -0.165834
-0.053057 0.712652 -0.164934
-0.052299 0.720416 -0.172088
-0.048808 0.714667 -0.171124
-0.044827 0.711534 -0.168588
-0.042319 0.712541 -0.163871
-0.041373 0.714967 -0.160392
-0.052172 0.725842 -0.168995
-0.051341 0.728218 -0.165075
-0.047861 0.727785 -0.160110
-0.048844 0.727865 -0.174304
-0.044350 0.725280 -0.183033
-0.032043 0.720333 -0.183751
-0.034657 0.718212 -0.180342
-0.035892 0.718810 -0.182976
-0.033442 0.720120 -0.186180
-0.037439 0.716832 -0.178466
-0.038073 0.717968 -0.181117
-0.041181 0.720249 -0.183211
-0.039584 0.721082 -0.187080
-0.043257 0.724157 -0.184881
-0.042207 0.725779 -0.187170
-0.037296 0.722432 -0.190378
-0.032207 0.721683 -0.189057
-0.034336 0.724504 -0.192244
-0.030128 0.722883 -0.187007
-0.041441 0.719945 -0.181907
-0.037981 0.715266 -0.170710
-0.033638 0.718556 -0.176081
-0.030467 0.721762 -0.180355
-0.029222 0.724859 -0.184431
-0.033200 0.721414 -0.172211
-0.030532 0.724896 -0.177295
-0.030206 0.727525 -0.181102
-0.034299 0.724950 -0.170399
-0.031851 0.727213 -0.175969
-0.040502 0.720838 -0.160252
-0.038817 0.716358 -0.164637
-0.031262 0.728773 -0.179303
-0.031424 0.726916 -0.190910
-0.031001 0.728874 -0.187552
-0.042976 0.728594 -0.185007
-0.039433 0.727352 -0.189861
-0.039667 0.730162 -0.187865
-0.043383 0.730983 -0.181113
-0.038923 0.732221 -0.185191
-0.035819 0.730106 -0.190439
-0.037287 0.727339 -0.191982
-0.042105 0.719189 -0.157438
-0.044893 0.723701 -0.157308
-0.043626 0.725260 -0.160029
-0.037192 0.728812 -0.169804
-0.046356 0.729259 -0.164168
-0.048615 0.729976 -0.170097
-0.042192 0.732697 -0.177286
-0.039971 0.732027 -0.172836
-0.037190 0.733465 -0.181547
-0.035840 0.732726 -0.178504
-0.033619 0.730319 -0.176644
-0.034116 0.732188 -0.183546
-0.034819 0.731753 -0.187422
-0.031517 0.730097 -0.183566
-0.033668 0.732049 -0.181214
-0.032305 0.730361 -0.180354
-0.078694 0.772517 -0.077232
-0.075187 0.772787 -0.081550
-0.078034 0.766672 -0.079466
-0.081216 0.757707 -0.076686
-0.087587 0.751640 -0.070816
-0.078703 0.756712 -0.083001
-0.075481 0.766145 -0.085073
-0.072406 0.774633 -0.087807
-0.079845 0.748229 -0.086872
0.075563 0.589057 -0.023116
0.077377 0.589506 -0.021176
0.075150 0.584397 -0.024808
0.072865 0.585432 -0.026598
0.081648 0.582870 -0.021903
0.077909 0.583367 -0.023164
0.082932 0.589657 -0.019105
0.088632 0.588983 -0.019241
0.095470 0.585872 -0.022011
0.096163 0.584624 -0.022209
0.095470 0.584057 -0.021991
0.093279 0.583499 -0.021678
0.090231 0.582914 -0.021314
0.069427 0.588399 -0.029229
0.070544 0.588847 -0.027570
0.072844 0.588965 -0.025258
0.085799 0.582516 -0.021491
0.071421 0.586277 -0.028060
0.069829 0.587607 -0.029369
0.092803 0.587564 -0.020684
0.081400 0.584581 -0.022344
0.077677 0.585736 -0.023073
0.081702 0.586904 -0.021440
0.087535 0.586258 -0.020693
0.091691 0.584471 -0.021299
0.089753 0.584063 -0.021366
0.075728 0.586239 -0.024356
0.085835 0.584096 -0.021892
0.077900 0.587476 -0.022400
0.090595 0.585755 -0.020854
0.092481 0.585344 -0.021357
0.070766 0.587905 -0.028094
0.071148 0.587359 -0.028096
0.092420 0.403220 -0.054379
0.089745 0.384609 -0.043489
0.075500 0.587787 -0.023923
0.072304 0.586856 -0.027107
0.073875 0.586452 -0.025784
0.074122 0.587542 -0.025436
0.072107 0.587678 -0.026886
-0.114652 0.491423 -0.079974
-0.116927 0.508159 -0.095200
-0.149863 0.500145 -0.145814
-0.158771 0.477973 -0.156638
0.017283 0.108690 0.000564
-0.009151 0.173608 -0.229661
-0.012444 0.188816 -0.228245
0.065542 0.178763 -0.244240
0.044276 0.177654 -0.242645
-0.053125 0.141662 -0.129380
-0.041493 0.162907 -0.124130
-0.010975 0.137378 -0.052313
-0.005141 0.155638 -0.052692
-0.053076 0.120795 -0.105602
0.017975 0.140803 -0.255528
-0.004197 0.140906 -0.251970
0.002822 0.160438 -0.244504
0.022703 0.162172 -0.249854
0.087263 0.174442 -0.244123
0.086457 0.159978 -0.236032
-0.038814 0.185680 -0.141025
-0.039154 0.190260 -0.166661
-0.034238 0.197763 -0.214032
-0.020824 0.201269 -0.232976
-0.000024 0.205137 -0.246229
0.020994 0.209560 -0.255134
0.011590 0.170542 -0.026357
0.031343 0.190624 -0.011498
-0.036576 0.179537 -0.117772
0.071747 0.170532 0.019290
0.043070 0.234806 -0.256037
0.065559 0.232927 -0.256319
-0.037292 0.193459 -0.190852
0.073750 0.344245 -0.015848
0.056904 0.348054 -0.017349
0.055416 0.329614 -0.009219
0.072353 0.324202 -0.007463
0.041517 0.333554 -0.011281
0.027677 0.336341 -0.014830
0.014397 0.337696 -0.019731
-0.020782 0.335744 -0.040515
-0.011137 0.337706 -0.032479
-0.038206 0.328492 -0.062519
-0.029388 0.333813 -0.049486
-0.046881 0.317086 -0.075051
-0.052778 0.306025 -0.088732
-0.054386 0.313238 -0.106919
-0.058132 0.291451 -0.104003
-0.051767 0.287037 -0.082453
-0.045924 0.301968 -0.066926
-0.037575 0.313529 -0.053559
0.082826 0.250192 0.018001
0.085880 0.276115 0.010474
0.095133 0.420453 -0.065857
-0.246389 0.581908 -0.036850
-0.143123 0.639130 -0.112618
0.102210 0.434476 -0.251525
0.085019 0.437264 -0.245884
0.027509 0.444986 -0.235802
0.017799 0.456117 -0.227370
0.045120 0.435364 -0.241248
0.064012 0.428547 -0.243900
-0.027406 0.187872 -0.087763
0.079711 0.396318 -0.248120
0.061555 0.414927 -0.246447
0.041167 0.419712 -0.246755
0.022392 0.428376 -0.243016
0.007047 0.441194 -0.235156
-0.006930 0.440752 -0.231344
-0.032624 0.425958 -0.226138
-0.042930 0.429395 -0.220759
-0.053317 0.431658 -0.215402
-0.045735 0.449402 -0.211845
-0.035743 0.447003 -0.215844
-0.137497 0.457721 -0.174333
-0.152459 0.458043 -0.163199
-0.161073 0.450383 -0.157964
-0.166877 0.440255 -0.148230
-0.166520 0.431194 -0.140317
-0.160673 0.418096 -0.136851
-0.150243 0.399821 -0.139317
-0.110138 0.371973 -0.152985
-0.098084 0.365926 -0.156332
-0.075147 0.330849 -0.185352
-0.070931 0.317981 -0.193457
-0.036643 0.282331 -0.216475
-0.024074 0.273659 -0.227825
-0.018133 0.257601 -0.236468
-0.011176 0.052070 -0.301302
-0.034600 0.059893 -0.291451
-0.034325 0.078553 -0.285138
-0.005304 0.070229 -0.291632
0.056948 0.097997 -0.269910
0.078527 0.091486 -0.256318
-0.096276 0.080756 -0.229005
-0.106200 0.074520 -0.200761
-0.058930 0.083068 -0.272493
-0.079486 0.084177 -0.253523
-0.105295 0.065693 -0.170040
-0.043970 0.030855 -0.058053
-0.029808 0.022864 -0.026829
0.011101 0.003881 0.009049
0.035374 -0.004163 0.016298
-0.096241 0.056178 -0.140842
-0.011355 0.012574 -0.004001
-0.080658 0.046674 -0.113425
-0.061611 0.038454 -0.086851
0.032612 0.101710 -0.277980
0.028426 0.082681 -0.284807
0.001222 0.087380 -0.287453
0.071579 0.298725 -0.256648
0.050041 0.301703 -0.256599
0.029996 0.303969 -0.259212
0.008865 0.321762 -0.257670
0.005895 0.309283 -0.262924
-0.013676 0.313040 -0.250885
-0.008621 0.325662 -0.248231
-0.040699 0.339568 -0.224925
-0.043934 0.330952 -0.223144
-0.054182 0.338219 -0.215674
-0.052849 0.345480 -0.217571
-0.062761 0.345803 -0.209419
-0.074156 0.356572 -0.200073
-0.084545 0.369947 -0.193161
-0.096221 0.378416 -0.185735
-0.093273 0.394360 -0.198055
-0.080846 0.389233 -0.203634
-0.038102 0.351631 -0.225321
-0.020280 0.344697 -0.236762
0.077028 0.332868 -0.254518
0.094651 0.331515 -0.252088
-0.058378 0.287436 -0.121884
-0.057972 0.280865 -0.140054
-0.056915 0.283665 -0.159134
-0.058082 0.284615 -0.175535
-0.058409 0.286660 -0.186543
-0.055917 0.288003 -0.198145
-0.064921 0.304239 -0.200477
-0.053354 0.293299 -0.208633
-0.060028 0.310471 -0.209659
-0.050872 0.299790 -0.216238
-0.044237 0.306053 -0.226993
-0.037058 0.312617 -0.232810
-0.031155 0.322324 -0.234686
-0.025658 0.332717 -0.235427
-0.000816 0.341380 -0.248555
0.013557 0.338878 -0.255606
0.040056 0.356314 -0.262542
0.042298 0.372145 -0.260362
0.031037 0.337104 -0.255588
0.029301 0.316344 -0.262638
0.051866 0.476297 -0.215280
0.069346 0.466833 -0.224003
-0.141147 0.405374 -0.153671
-0.138964 0.398094 -0.152574
-0.143533 0.399426 -0.147077
-0.149827 0.411484 -0.146100
-0.153678 0.422207 -0.149177
-0.141857 0.422701 -0.163561
-0.142934 0.414495 -0.156631
-0.153656 0.430291 -0.155360
-0.149892 0.438840 -0.163960
-0.138585 0.430168 -0.170874
-0.143512 0.445071 -0.170739
-0.133517 0.436674 -0.177191
-0.132798 0.447048 -0.179647
-0.129864 0.439508 -0.182391
-0.100111 0.421168 -0.199197
-0.112321 0.426634 -0.193766
-0.122728 0.433044 -0.187343
-0.111070 0.387334 -0.177530
-0.122275 0.396082 -0.170582
-0.132860 0.405509 -0.163471
-0.130613 0.413370 -0.170315
-0.121043 0.403639 -0.176664
-0.111227 0.396047 -0.184872
0.076249 0.315865 -0.255084
0.055171 0.317642 -0.257929
-0.063480 0.355335 -0.210681
-0.072214 0.366254 -0.204805
-0.082264 0.378086 -0.198935
-0.096288 0.385293 -0.191244
-0.072376 0.383167 -0.207390
-0.063672 0.373891 -0.212388
-0.051101 0.361576 -0.218917
0.054899 0.334121 -0.255534
0.094785 0.314491 -0.252811
-0.024570 0.475893 -0.124105
-0.024290 0.487080 -0.153406
-0.029402 0.485787 -0.181814
-0.036546 0.472086 -0.202683
-0.234189 0.494099 -0.014071
0.083118 0.138649 -0.235797
0.080724 0.114754 -0.243271
0.059735 0.118258 -0.257414
0.085071 0.232593 -0.253427
0.091401 0.296296 -0.254787
-0.002331 0.301912 -0.008052
0.012284 0.302324 -0.003074
0.013030 0.320373 -0.010809
-0.000687 0.320778 -0.016389
-0.020905 0.302355 -0.023941
-0.014211 0.303058 -0.014706
-0.012311 0.320792 -0.023028
-0.020933 0.319320 -0.031607
-0.028899 0.299257 -0.033287
-0.028871 0.317849 -0.041133
-0.015068 0.281749 -0.009787
-0.002468 0.281832 -0.003259
0.012687 0.281479 0.002304
-0.028011 0.280556 -0.027992
-0.021683 0.281800 -0.018906
0.106086 0.472389 -0.043326
0.106116 0.476618 -0.030641
0.111392 0.517578 -0.014698
0.111721 0.522021 -0.014873
0.098732 0.444669 -0.073273
0.100298 0.451910 -0.075062
0.088397 0.299279 0.005936
0.089594 0.338824 -0.012617
0.089295 0.352199 -0.023857
0.088695 0.366170 -0.035176
0.096186 0.433953 -0.072861
0.089582 0.319976 -0.002286
-0.129870 -0.094578 -0.237610
-0.108533 -0.118564 -0.242739
-0.105763 -0.090882 -0.259183
-0.090733 -0.108831 -0.261948
-0.102231 -0.023495 -0.273379
-0.108251 -0.042151 -0.267494
-0.097771 0.001852 -0.274008
-0.069070 -0.124291 -0.267701
-0.040907 -0.139029 -0.276378
-0.033997 -0.123270 -0.291111
-0.072898 -0.004776 -0.292989
-0.076854 -0.027795 -0.291297
-0.090814 -0.088771 -0.271702
-0.109773 -0.068152 -0.262202
-0.088033 -0.071383 -0.278666
-0.059118 -0.109707 -0.284325
-0.078949 -0.098562 -0.276447
0.041595 0.038100 -0.304703
0.065259 0.011811 -0.309364
0.036578 0.017037 -0.313090
-0.060886 0.067805 -0.277094
-0.039634 0.039907 -0.302618
-0.070127 -0.081572 -0.288357
-0.051640 -0.091074 -0.295762
-0.025872 -0.102703 -0.304648
0.005030 -0.020757 -0.317527
0.000926 -0.046067 -0.317860
-0.025703 -0.041114 -0.312270
-0.020533 -0.015994 -0.313085
-0.043495 0.015617 -0.306390
-0.046041 -0.010842 -0.305621
0.008961 0.003147 -0.316159
-0.017604 0.009621 -0.313402
-0.014125 0.032500 -0.310315
-0.050220 -0.034981 -0.304720
0.020600 -0.085018 -0.318603
-0.010710 -0.073855 -0.314945
0.049963 -0.092087 -0.316597
0.011864 0.025486 -0.313790
0.013429 0.046139 -0.304265
0.022292 0.063683 -0.293210
0.036443 0.120371 -0.263567
-0.192440 -0.126175 0.064759
0.030391 -0.153949 -0.130152
0.034996 -0.158767 -0.156071
-0.141170 -0.021735 -0.148591
-0.156125 -0.064501 -0.207307
-0.135508 -0.066909 -0.238270
0.010943 -0.120625 -0.079568
0.024581 -0.139802 -0.096105
-0.124548 -0.014838 -0.120302
-0.077431 -0.042848 -0.062725
0.029521 -0.149494 -0.112168
-0.081448 -0.048189 -0.287002
-0.061663 -0.059345 -0.298567
-0.041478 -0.066462 -0.305974
0.008345 -0.110825 -0.310691
0.043138 -0.115003 -0.308981
0.014396 -0.113326 -0.074455
0.019906 -0.107197 -0.067145
0.031058 -0.113242 -0.066673
0.028105 -0.124620 -0.075640
-0.049919 0.009900 -0.065728
-0.033249 -0.001572 -0.037205
0.009005 -0.019225 -0.003741
0.032618 -0.026592 0.005304
-0.097529 0.042137 -0.146544
-0.013293 -0.011567 -0.016780
-0.084262 0.031444 -0.119691
-0.067230 0.020639 -0.092787
-0.005138 -0.394937 -0.075254
0.006287 -0.407527 -0.091083
0.009551 -0.392408 -0.098907
-0.001501 -0.380405 -0.083826
-0.015181 -0.358047 -0.113662
-0.005393 -0.365699 -0.098946
-0.028085 -0.358369 -0.126959
-0.014084 -0.372124 -0.136405
-0.027387 -0.379717 -0.143286
-0.042483 -0.367815 -0.133918
-0.049448 -0.376465 -0.132447
-0.038916 -0.400749 -0.142087
-0.047953 -0.417909 -0.134011
-0.066023 -0.404318 -0.118630
-0.056557 -0.386463 -0.129578
-0.063246 -0.424836 -0.109702
-0.043396 -0.438363 -0.124090
-0.050108 -0.434705 -0.095276
-0.013224 -0.410943 -0.073159
-0.000733 -0.426054 -0.086974
-0.003218 -0.372480 -0.126240
0.006043 -0.379970 -0.113901
-0.002159 -0.373413 -0.091068
0.008309 -0.385796 -0.105950
0.022067 -0.408845 -0.117660
0.020887 -0.423911 -0.107369
0.011264 -0.382551 -0.141814
0.018048 -0.390108 -0.132174
-0.012323 -0.391096 -0.158201
0.000151 -0.382015 -0.151844
-0.023384 -0.414582 -0.157582
-0.033740 -0.390335 -0.143354
-0.019297 -0.401990 -0.158852
-0.028656 -0.429987 -0.150150
-0.023944 -0.452489 -0.139719
0.015287 -0.441933 -0.101981
0.020887 -0.398752 -0.124846
0.051173 -0.611941 -0.175307
0.055697 -0.613003 -0.172916
0.052414 -0.610886 -0.169361
0.049465 -0.610095 -0.171425
0.074759 -0.616630 -0.147089
0.082967 -0.615256 -0.142519
0.078332 -0.615552 -0.138759
0.071636 -0.616113 -0.142241
0.061967 -0.615636 -0.161514
0.057740 -0.615276 -0.164882
0.062657 -0.613845 -0.168066
0.065081 -0.614325 -0.165967
0.038517 -0.589549 -0.192631
0.034840 -0.587477 -0.195468
0.039164 -0.587853 -0.199298
0.041325 -0.588760 -0.197436
0.047123 -0.603071 -0.184311
0.044167 -0.601177 -0.188179
0.047635 -0.601071 -0.190512
0.049866 -0.602213 -0.188883
0.073136 -0.594463 -0.143700
0.070602 -0.608078 -0.142451
0.080805 -0.606076 -0.137253
0.083265 -0.591105 -0.135404
0.090380 -0.603917 -0.140167
0.089846 -0.603301 -0.149634
0.094483 -0.589209 -0.150780
0.093913 -0.587445 -0.139942
0.082062 -0.607015 -0.157086
0.084819 -0.594029 -0.159425
0.074954 -0.596445 -0.156329
0.069777 -0.609066 -0.152808
0.057304 -0.597768 -0.165312
0.054452 -0.608208 -0.166231
0.054600 -0.607978 -0.159142
0.056413 -0.596822 -0.157100
0.058624 -0.608572 -0.155323
0.063380 -0.596940 -0.151620
0.072373 -0.598737 -0.158396
0.067131 -0.610392 -0.156700
0.070083 -0.608538 -0.165952
0.074034 -0.597245 -0.165993
0.066648 -0.597449 -0.169877
0.064013 -0.607840 -0.170274
0.046620 -0.593232 -0.169226
0.048851 -0.604538 -0.170973
0.053614 -0.605143 -0.167614
0.054022 -0.594538 -0.163996
0.061657 -0.607381 -0.172330
0.061737 -0.607403 -0.178330
0.064243 -0.597508 -0.177115
0.063478 -0.597673 -0.170782
0.056588 -0.596915 -0.181444
0.055814 -0.607111 -0.181263
0.048278 -0.596545 -0.176957
0.049198 -0.605847 -0.178035
0.038326 -0.586477 -0.188152
0.041585 -0.595204 -0.189686
0.039612 -0.594391 -0.182567
0.036004 -0.584527 -0.180481
0.043035 -0.595570 -0.178773
0.042160 -0.587076 -0.175884
0.048836 -0.598021 -0.180279
0.051812 -0.597962 -0.188988
0.051569 -0.590221 -0.188101
0.048371 -0.591036 -0.179038
0.047626 -0.596654 -0.192744
0.046256 -0.587751 -0.192861
0.027439 -0.572379 -0.190427
0.031185 -0.572201 -0.197931
0.031964 -0.580953 -0.197046
0.029582 -0.580719 -0.190693
0.033183 -0.582666 -0.187079
0.031483 -0.575454 -0.185618
0.039413 -0.584511 -0.190002
0.043147 -0.584649 -0.197518
0.042632 -0.578267 -0.197218
0.037736 -0.578751 -0.189399
0.039029 -0.582738 -0.201203
0.038068 -0.575094 -0.200835
0.084080 -0.578360 -0.135214
0.070013 -0.581758 -0.145279
0.084084 -0.612484 -0.148151
0.095822 -0.575199 -0.140971
0.080393 -0.614245 -0.151366
0.084148 -0.583256 -0.163709
0.096707 -0.577122 -0.151621
0.075979 -0.591022 -0.157778
0.055655 -0.613739 -0.160790
0.063073 -0.591898 -0.168865
0.068953 -0.585382 -0.175365
0.058022 -0.613979 -0.158694
0.056217 -0.583110 -0.157080
0.044479 -0.577442 -0.169966
0.057554 -0.612177 -0.177290
0.054831 -0.611717 -0.178524
0.055135 -0.582353 -0.187263
0.047973 -0.588692 -0.178928
0.041760 -0.599406 -0.183957
0.036925 -0.578489 -0.188955
0.044839 -0.575207 -0.197034
0.043908 -0.600358 -0.181316
0.033070 -0.570116 -0.181298
0.033051 -0.585500 -0.191785
0.029743 -0.561461 -0.200643
0.038153 -0.566232 -0.204131
0.034606 -0.586857 -0.189653
0.026456 -0.563934 -0.191314
-0.023181 -0.423860 -0.075301
-0.008794 -0.439455 -0.088706
-0.033961 -0.434217 -0.083663
-0.030086 -0.446198 -0.109419
-0.016490 -0.446271 -0.097256
0.010824 -0.456659 -0.103335
-0.012674 -0.460968 -0.127154
0.001337 -0.463283 -0.114128
-0.013821 -0.418856 -0.172193
-0.017805 -0.440435 -0.167662
-0.008777 -0.405807 -0.171557
0.012642 -0.386434 -0.164558
-0.001258 -0.395815 -0.169081
0.029215 -0.471250 -0.115968
0.032100 -0.455234 -0.116441
0.018215 -0.481507 -0.126566
0.004524 -0.478480 -0.138920
0.083703 -0.560639 -0.133767
0.082936 -0.540871 -0.134623
0.066413 -0.543707 -0.136315
0.069108 -0.564136 -0.140025
0.049846 -0.542978 -0.148464
0.055581 -0.564735 -0.152285
0.040498 -0.541756 -0.162625
0.044251 -0.560253 -0.166361
0.030713 -0.538468 -0.176173
0.032628 -0.555640 -0.179185
0.025992 -0.533861 -0.191960
0.025800 -0.550892 -0.192023
0.026833 -0.531747 -0.204309
0.027033 -0.549674 -0.202926
0.097207 -0.558919 -0.141315
0.094746 -0.536272 -0.144700
0.099293 -0.558261 -0.155362
0.099185 -0.539415 -0.159919
0.087838 -0.561673 -0.168094
0.087855 -0.542711 -0.172149
0.036674 -0.536735 -0.210562
0.038111 -0.554266 -0.208034
0.071434 -0.559964 -0.181453
0.071933 -0.543115 -0.184147
0.058508 -0.558192 -0.193221
0.058287 -0.542038 -0.196165
0.047718 -0.556182 -0.203371
0.046813 -0.538673 -0.206353
0.058995 -0.520027 -0.133509
0.040280 -0.522376 -0.142919
0.029104 -0.518640 -0.155742
0.025157 -0.515209 -0.172192
0.023280 -0.511593 -0.191117
0.025842 -0.509617 -0.203808
0.011152 -0.488578 -0.169749
0.016337 -0.484484 -0.193257
0.024726 -0.487788 -0.206435
0.013328 -0.459753 -0.198063
0.022006 -0.463333 -0.208702
0.016863 -0.419201 -0.203388
0.026981 -0.420569 -0.216852
0.021580 -0.439849 -0.211771
0.013472 -0.437966 -0.201328
0.000737 -0.464790 -0.178866
-0.002476 -0.439967 -0.185491
-0.000341 -0.419784 -0.186348
0.035520 -0.398514 -0.213561
0.031441 -0.409213 -0.216665
0.021285 -0.407189 -0.205229
0.026385 -0.395149 -0.203012
0.039048 -0.384529 -0.196178
0.049237 -0.389979 -0.205089
0.053744 -0.389696 -0.183653
0.062338 -0.393496 -0.193243
0.010904 -0.397173 -0.183128
0.004781 -0.407487 -0.185129
0.023227 -0.386698 -0.178268
0.034855 -0.388571 -0.167227
0.040698 -0.404179 -0.154099
0.058320 -0.407294 -0.170951
0.068174 -0.407768 -0.181448
0.075389 -0.517944 -0.137982
0.086528 -0.513498 -0.151043
0.016216 -0.496992 -0.146760
0.030567 -0.501838 -0.134887
0.045780 -0.490035 -0.126761
0.069083 -0.490217 -0.140782
0.077302 -0.487519 -0.157797
0.071360 -0.466410 -0.160958
0.063748 -0.465517 -0.145227
0.088115 -0.514576 -0.163676
0.077483 -0.489004 -0.168798
0.071924 -0.467456 -0.172841
0.069058 -0.446060 -0.165364
0.062248 -0.445760 -0.152241
0.067921 -0.431534 -0.170498
0.059246 -0.431701 -0.158806
0.058074 -0.419574 -0.164619
0.068017 -0.419693 -0.175785
0.044537 -0.425412 -0.143762
0.042304 -0.414923 -0.148326
0.047778 -0.444078 -0.137013
0.050029 -0.465533 -0.131325
0.033818 -0.511904 -0.211037
0.031576 -0.489705 -0.212328
0.032223 -0.466297 -0.213467
0.032914 -0.442445 -0.217264
0.038374 -0.423415 -0.221092
0.042692 -0.414168 -0.220164
0.057965 -0.397515 -0.208013
0.046776 -0.404302 -0.217887
0.065002 -0.398256 -0.198233
0.070902 -0.412527 -0.193175
0.071538 -0.422317 -0.188602
0.071686 -0.446885 -0.177287
0.070880 -0.433558 -0.183905
0.034202 -0.435223 -0.120736
0.032821 -0.417590 -0.129351
0.031820 -0.408149 -0.135514
0.024152 -0.388303 -0.152112
0.029563 -0.399217 -0.141068
0.081177 -0.516964 -0.176538
0.067199 -0.517503 -0.188811
0.054802 -0.516287 -0.200197
0.043534 -0.514843 -0.209204
0.039898 -0.490002 -0.211091
0.050499 -0.490187 -0.203897
0.062235 -0.490291 -0.193118
0.072107 -0.490234 -0.179962
0.040232 -0.467362 -0.212237
0.048458 -0.468363 -0.206807
0.060052 -0.465305 -0.196453
0.067835 -0.468378 -0.185543
0.068025 -0.447276 -0.188613
0.061691 -0.443783 -0.197833
0.049262 -0.447297 -0.207633
0.041250 -0.444227 -0.214022
0.044500 -0.426741 -0.215204
0.051578 -0.429786 -0.207784
0.063464 -0.427765 -0.198590
0.068925 -0.432611 -0.191994
0.048351 -0.418636 -0.214486
0.058453 -0.405300 -0.208212
0.051601 -0.410873 -0.213424
0.063547 -0.405354 -0.203081
0.067154 -0.414652 -0.197910
0.068318 -0.423201 -0.194945
0.063092 -0.421913 -0.200013
0.062670 -0.416234 -0.201426
0.053893 -0.422262 -0.208183
0.055247 -0.415285 -0.208413
0.062376 -0.410197 -0.203026
0.057976 -0.410165 -0.207172
-0.009814 -0.464297 -0.154374
-0.194062 -0.308008 0.122711
-0.179764 -0.304577 0.131156
-0.211655 -0.302523 0.116942
-0.099019 -0.022193 -0.093267
-0.001410 0.115843 -0.024546
0.007191 0.153521 -0.026335
0.004298 0.134467 -0.026366
-0.111813 -0.025879 -0.080415
-0.028803 0.175043 -0.091561
0.000458 0.338024 -0.026076
0.041257 0.590660 -0.114064
0.042369 0.588600 -0.114137
0.043805 0.586716 -0.114911
0.044912 0.584743 -0.117030
0.045606 0.582950 -0.120260
0.047193 0.582791 -0.122866
0.043083 0.587372 -0.116951
0.044962 0.588031 -0.118181
0.044143 0.589855 -0.117144
0.042186 0.589095 -0.116264
3 3 0 2 
3 2 0 1 
3 5 4 1 
3 1 4 2 
3 7 3 6 
3 6 3 2 
3 11 8 10 
3 10 8 9 
3 15 12 14 
3 14 12 13 
3 19 16 18 
3 18 16 17 
3 21 22 20 
3 20 22 23 
3 16 24 17 
3 17 24 25 
3 24 16 27 
3 27 16 26 
3 31 28 30 
3 30 28 29 
3 35 32 34 
3 34 32 33 
3 37 36 23 
3 23 36 20 
3 37 38 30 
3 30 38 39 
3 24 27 32 
3 32 27 33 
3 40 41 43 
3 43 41 42 
3 24 32 44 
3 44 32 35 
3 46 47 45 
3 45 47 48 
3 52 49 51 
3 51 49 50 
3 51 53 52 
3 52 53 54 
3 58 55 57 
3 57 55 56 
3 62 59 61 
3 61 59 60 
3 66 63 65 
3 65 63 64 
3 70 67 69 
3 69 67 68 
3 73 71 72 
3 72 71 64 
3 72 64 74 
3 74 64 63 
3 78 75 77 
3 77 75 76 
3 79 80 82 
3 82 80 81 
3 85 83 84 
3 84 83 80 
3 68 86 88 
3 88 86 87 
3 90 89 86 
3 86 89 87 
3 94 91 93 
3 93 91 92 
3 95 83 42 
3 42 83 43 
3 85 96 97 
3 97 96 50 
3 51 50 98 
3 98 50 96 
3 98 99 51 
3 51 99 53 
3 101 58 100 
3 100 58 57 
3 103 62 102 
3 102 62 61 
3 4 5 105 
3 105 5 104 
3 107 108 106 
3 106 108 109 
3 113 110 112 
3 112 110 111 
3 117 114 116 
3 116 114 115 
3 121 118 120 
3 120 118 119 
3 125 122 124 
3 124 122 123 
3 129 126 128 
3 128 126 127 
3 129 130 126 
3 126 130 131 
3 134 132 0 
3 0 132 133 
3 135 134 3 
3 3 134 0 
3 136 135 7 
3 7 135 3 
3 139 14 138 
3 138 14 137 
3 141 140 138 
3 138 140 139 
3 55 142 56 
3 56 142 143 
3 146 140 145 
3 145 140 144 
3 147 145 149 
3 149 145 148 
3 153 150 152 
3 152 150 151 
3 154 139 146 
3 146 139 140 
3 157 155 10 
3 10 155 156 
3 161 158 160 
3 160 158 159 
3 165 162 164 
3 164 162 163 
3 158 165 159 
3 159 165 164 
3 167 168 166 
3 166 168 169 
3 170 171 168 
3 168 171 169 
3 173 149 172 
3 172 149 148 
3 172 148 175 
3 175 148 174 
3 170 176 171 
3 171 176 177 
3 181 178 180 
3 180 178 179 
3 178 182 179 
3 179 182 183 
3 187 184 186 
3 186 184 185 
3 191 188 190 
3 190 188 189 
3 193 7 192 
3 192 7 6 
3 160 194 161 
3 161 194 195 
3 196 167 197 
3 197 167 166 
3 199 181 198 
3 198 181 180 
3 203 200 202 
3 202 200 201 
3 205 204 185 
3 185 204 186 
3 206 207 209 
3 209 207 208 
3 213 210 212 
3 212 210 211 
3 214 215 217 
3 217 215 216 
3 207 218 208 
3 208 218 219 
3 184 220 185 
3 185 220 203 
3 220 221 203 
3 203 221 200 
3 208 219 210 
3 210 219 222 
3 209 213 224 
3 224 213 223 
3 185 203 205 
3 205 203 202 
3 204 225 186 
3 186 225 226 
3 26 227 20 
3 20 227 21 
3 231 228 230 
3 230 228 229 
3 235 232 234 
3 234 232 233 
3 239 236 238 
3 238 236 237 
3 114 117 121 
3 121 117 118 
3 242 240 241 
3 241 240 111 
3 49 243 50 
3 50 243 97 
3 14 13 137 
3 137 13 244 
3 245 157 9 
3 9 157 10 
3 69 68 84 
3 84 68 88 
3 246 11 156 
3 156 11 10 
3 162 247 163 
3 163 247 248 
3 250 177 249 
3 249 177 176 
3 254 251 253 
3 253 251 252 
3 255 187 226 
3 226 187 186 
3 211 256 212 
3 212 256 257 
3 132 258 133 
3 133 258 259 
3 132 134 163 
3 163 134 164 
3 134 135 164 
3 164 135 159 
3 160 159 136 
3 136 159 135 
3 194 160 260 
3 260 160 136 
3 264 261 263 
3 263 261 262 
3 266 265 15 
3 15 265 12 
3 15 154 266 
3 266 154 267 
3 267 154 268 
3 268 154 146 
3 161 195 166 
3 166 195 197 
3 166 169 161 
3 161 169 158 
3 165 158 171 
3 171 158 169 
3 162 165 177 
3 177 165 171 
3 247 162 250 
3 250 162 177 
3 167 269 168 
3 168 269 270 
3 176 170 272 
3 272 170 271 
3 271 170 270 
3 270 170 168 
3 273 269 196 
3 196 269 167 
3 272 274 176 
3 176 274 249 
3 277 275 44 
3 44 275 276 
3 281 278 280 
3 280 278 279 
3 102 282 103 
3 103 282 283 
3 284 214 285 
3 285 214 217 
3 289 286 288 
3 288 286 287 
3 82 65 79 
3 79 65 290 
3 291 292 294 
3 294 292 293 
3 86 73 90 
3 90 73 72 
3 74 91 72 
3 72 91 90 
3 75 279 76 
3 76 279 278 
3 69 79 70 
3 70 79 290 
3 81 95 46 
3 46 95 276 
3 148 295 174 
3 174 295 296 
3 152 297 153 
3 153 297 298 
3 206 209 299 
3 299 209 224 
3 223 300 205 
3 205 300 204 
3 210 213 208 
3 208 213 209 
3 300 301 204 
3 204 301 225 
3 305 302 304 
3 304 302 303 
3 309 306 308 
3 308 306 307 
3 65 64 290 
3 290 64 71 
3 45 66 82 
3 82 66 65 
3 313 310 312 
3 312 310 311 
3 35 314 316 
3 316 314 315 
3 318 34 317 
3 317 34 28 
3 321 319 31 
3 31 319 320 
3 323 322 313 
3 313 322 310 
3 325 315 324 
3 324 315 314 
3 289 318 286 
3 286 318 317 
3 319 326 320 
3 320 326 327 
3 330 38 329 
3 329 38 328 
3 321 39 332 
3 332 39 331 
3 308 333 284 
3 284 333 334 
3 0 133 1 
3 1 133 235 
3 336 232 335 
3 335 232 259 
3 12 264 13 
3 13 264 236 
3 97 43 85 
3 85 43 83 
3 192 6 191 
3 191 6 188 
3 243 40 97 
3 97 40 43 
3 244 13 239 
3 239 13 236 
3 4 188 2 
3 2 188 6 
3 337 70 71 
3 71 70 290 
3 12 265 264 
3 264 265 261 
3 123 122 338 
3 338 122 104 
3 105 104 108 
3 108 104 122 
3 105 189 4 
3 4 189 188 
3 8 11 113 
3 113 11 110 
3 236 264 339 
3 339 264 263 
3 343 340 342 
3 342 340 341 
3 338 104 234 
3 234 104 5 
3 346 344 345 
3 345 344 233 
3 350 347 349 
3 349 347 348 
3 352 107 351 
3 351 107 106 
3 356 353 355 
3 355 353 354 
3 357 237 339 
3 339 237 236 
3 358 110 246 
3 246 110 11 
3 359 115 262 
3 262 115 263 
3 200 221 361 
3 361 221 360 
3 365 362 364 
3 364 362 363 
3 369 366 368 
3 368 366 367 
3 373 370 372 
3 372 370 371 
3 376 371 375 
3 375 371 374 
3 377 378 380 
3 380 378 379 
3 267 268 382 
3 382 268 381 
3 383 364 173 
3 173 364 149 
3 375 380 376 
3 376 380 379 
3 180 179 269 
3 269 179 270 
3 183 251 271 
3 271 251 272 
3 179 183 270 
3 270 183 271 
3 180 269 273 
3 274 272 254 
3 254 272 251 
3 253 384 254 
3 254 384 385 
3 182 178 387 
3 387 178 386 
3 178 181 386 
3 386 181 388 
3 389 388 199 
3 199 388 181 
3 252 182 390 
3 390 182 387 
3 253 252 391 
3 391 252 390 
3 377 392 378 
3 378 392 393 
3 395 394 187 
3 187 394 184 
3 394 396 184 
3 184 396 220 
3 396 397 220 
3 220 397 221 
3 398 395 255 
3 255 395 187 
3 398 255 400 
3 400 255 399 
3 401 402 404 
3 404 402 403 
3 364 363 149 
3 149 363 147 
3 406 393 405 
3 405 393 392 
3 405 392 245 
3 245 392 157 
3 238 237 18 
3 18 237 341 
3 353 349 21 
3 21 349 22 
3 137 244 49 
3 49 244 243 
3 138 52 141 
3 141 52 54 
3 142 295 143 
3 143 295 144 
3 19 340 227 
3 227 340 354 
3 238 41 239 
3 239 41 40 
3 306 283 307 
3 307 283 282 
3 409 407 408 
3 408 407 348 
3 239 40 244 
3 244 40 243 
3 406 405 382 
3 382 405 267 
3 408 348 410 
3 410 348 345 
3 412 247 411 
3 411 247 250 
3 274 413 249 
3 249 413 414 
3 276 25 44 
3 44 25 24 
3 42 25 95 
3 95 25 276 
3 61 60 416 
3 416 60 415 
3 22 407 23 
3 23 407 328 
3 321 31 39 
3 39 31 30 
3 38 37 328 
3 328 37 23 
3 30 29 37 
3 37 29 36 
3 417 418 420 
3 420 418 419 
3 293 78 294 
3 294 78 77 
3 344 421 338 
3 338 421 123 
3 350 356 130 
3 130 356 231 
3 234 5 235 
3 235 5 1 
3 182 252 183 
3 183 252 251 
3 422 399 226 
3 226 399 255 
3 225 304 226 
3 226 304 422 
3 423 257 424 
3 424 257 256 
3 425 426 211 
3 211 426 256 
3 163 248 132 
3 132 248 258 
3 428 427 417 
3 417 427 418 
3 287 327 429 
3 429 327 326 
3 66 45 430 
3 430 45 48 
3 305 301 423 
3 423 301 257 
3 432 313 431 
3 431 313 312 
3 317 28 320 
3 320 28 31 
3 323 313 432 
3 320 327 317 
3 317 327 286 
3 232 235 259 
3 259 235 133 
3 338 234 344 
3 344 234 233 
3 349 353 350 
3 350 353 356 
3 349 348 22 
3 22 348 407 
3 44 35 277 
3 277 35 316 
3 427 428 312 
3 312 428 431 
3 312 433 427 
3 427 433 434 
3 18 17 238 
3 238 17 41 
3 17 25 41 
3 41 25 42 
3 436 435 119 
3 119 435 120 
3 301 300 257 
3 257 300 212 
3 109 108 125 
3 125 108 122 
3 342 341 357 
3 357 341 237 
3 18 341 19 
3 19 341 340 
3 438 319 437 
3 437 319 321 
3 319 438 326 
3 326 438 429 
3 437 321 439 
3 439 321 332 
3 429 322 287 
3 287 322 288 
3 263 115 339 
3 339 115 114 
3 295 148 144 
3 144 148 145 
3 154 15 139 
3 139 15 14 
3 440 441 151 
3 151 441 152 
3 224 223 202 
3 202 223 205 
3 150 153 296 
3 296 153 174 
3 292 442 293 
3 293 442 443 
3 247 412 248 
3 248 412 444 
3 400 399 446 
3 446 399 445 
3 394 395 386 
3 386 395 387 
3 396 394 388 
3 388 394 386 
3 395 398 387 
3 387 398 390 
3 390 398 391 
3 391 398 400 
3 254 385 274 
3 274 385 413 
3 450 447 449 
3 449 447 448 
3 334 451 284 
3 284 451 214 
3 152 441 297 
3 297 441 452 
3 425 211 222 
3 222 211 210 
3 424 256 453 
3 453 256 426 
3 8 261 9 
3 9 261 265 
3 359 112 455 
3 455 112 454 
3 260 136 193 
3 193 136 7 
3 266 245 265 
3 265 245 9 
3 202 201 224 
3 224 201 299 
3 113 262 8 
3 8 262 261 
3 190 189 352 
3 352 189 107 
3 397 396 389 
3 389 396 388 
3 128 127 421 
3 421 127 456 
3 392 377 157 
3 157 377 155 
3 348 347 345 
3 345 347 346 
3 391 400 457 
3 457 400 446 
3 268 147 381 
3 381 147 363 
3 57 56 53 
3 53 56 54 
3 459 458 63 
3 63 458 74 
3 94 100 89 
3 89 100 99 
3 100 57 99 
3 99 57 53 
3 56 143 54 
3 54 143 141 
3 147 268 145 
3 145 268 146 
3 91 74 92 
3 92 74 458 
3 140 141 144 
3 144 141 143 
3 16 19 26 
3 26 19 227 
3 175 174 298 
3 298 174 153 
3 300 223 212 
3 212 223 213 
3 423 460 305 
3 305 460 302 
3 309 308 285 
3 285 308 284 
3 307 461 308 
3 308 461 333 
3 304 225 305 
3 305 225 301 
3 26 20 27 
3 27 20 36 
3 33 29 34 
3 34 29 28 
3 27 36 33 
3 33 36 29 
3 228 355 435 
3 435 355 343 
3 288 325 289 
3 289 325 324 
3 437 311 438 
3 438 311 310 
3 314 35 318 
3 318 35 34 
3 322 429 310 
3 310 429 438 
3 289 324 318 
3 318 324 314 
3 311 437 462 
3 462 437 439 
3 355 354 343 
3 343 354 340 
3 116 115 455 
3 455 115 359 
3 227 354 21 
3 21 354 353 
3 322 323 288 
3 288 323 325 
3 68 67 86 
3 86 67 73 
3 138 137 52 
3 52 137 49 
3 245 266 405 
3 405 266 267 
3 108 107 105 
3 105 107 189 
3 112 111 454 
3 454 111 240 
3 120 342 121 
3 121 342 357 
3 128 346 129 
3 129 346 347 
3 130 129 350 
3 350 129 347 
3 356 355 231 
3 231 355 228 
3 121 357 114 
3 114 357 339 
3 241 111 358 
3 358 111 110 
3 421 456 123 
3 123 456 124 
3 130 231 131 
3 131 231 230 
3 435 343 120 
3 120 343 342 
3 112 359 113 
3 113 359 262 
3 421 344 128 
3 128 344 346 
3 436 229 435 
3 435 229 228 
3 399 422 445 
3 445 422 463 
3 464 465 467 
3 467 465 466 
3 471 468 470 
3 470 468 469 
3 373 372 471 
3 471 372 468 
3 372 472 468 
3 468 472 473 
3 475 471 474 
3 474 471 470 
3 476 477 471 
3 471 477 373 
3 476 471 475 
3 476 475 479 
3 479 475 478 
3 371 376 372 
3 372 376 472 
3 479 478 481 
3 481 478 480 
3 481 480 483 
3 483 480 482 
3 485 484 401 
3 401 484 402 
3 483 482 487 
3 487 482 486 
3 486 488 487 
3 487 488 489 
3 491 489 490 
3 490 489 488 
3 493 491 492 
3 492 491 490 
3 495 493 494 
3 494 493 492 
3 482 480 497 
3 497 480 496 
3 366 481 498 
3 498 481 483 
3 369 479 366 
3 366 479 481 
3 477 476 369 
3 369 476 479 
3 480 478 496 
3 496 478 499 
3 376 379 472 
3 472 379 450 
3 379 378 450 
3 450 378 447 
3 500 501 503 
3 503 501 502 
3 505 506 504 
3 504 506 448 
3 505 504 507 
3 507 504 485 
3 509 505 508 
3 508 505 507 
3 510 506 509 
3 509 506 505 
3 512 511 507 
3 507 511 508 
3 511 513 508 
3 508 513 514 
3 515 509 514 
3 514 509 508 
3 509 515 510 
3 510 515 516 
3 517 484 504 
3 504 484 485 
3 447 517 448 
3 448 517 504 
3 403 402 381 
3 381 402 382 
3 381 363 403 
3 403 363 362 
3 406 382 484 
3 484 382 402 
3 361 360 519 
3 519 360 518 
3 494 520 495 
3 495 520 521 
3 472 450 473 
3 473 450 449 
3 523 522 365 
3 365 522 362 
3 524 498 487 
3 487 498 483 
3 525 524 489 
3 489 524 487 
3 526 519 521 
3 521 519 495 
3 519 518 495 
3 495 518 493 
3 518 527 493 
3 493 527 491 
3 528 529 494 
3 494 529 520 
3 489 491 525 
3 525 491 527 
3 492 530 494 
3 494 530 528 
3 534 531 533 
3 533 531 532 
3 533 532 523 
3 523 532 522 
3 532 531 401 
3 401 531 485 
3 536 529 535 
3 535 529 528 
3 538 536 537 
3 537 536 535 
3 539 540 538 
3 538 540 536 
3 529 536 534 
3 534 536 540 
3 541 538 542 
3 542 538 537 
3 541 543 538 
3 538 543 539 
3 540 539 512 
3 512 539 511 
3 511 539 513 
3 513 539 543 
3 547 544 546 
3 546 544 545 
3 550 530 549 
3 549 530 548 
3 552 551 548 
3 548 551 549 
3 551 553 549 
3 549 553 545 
3 553 554 545 
3 545 554 546 
3 497 555 557 
3 557 555 556 
3 556 555 558 
3 558 555 559 
3 558 559 561 
3 561 559 560 
3 553 551 558 
3 558 551 556 
3 554 553 561 
3 561 553 558 
3 551 552 556 
3 556 552 557 
3 563 562 470 
3 470 562 474 
3 564 562 566 
3 566 562 565 
3 465 563 469 
3 469 563 470 
3 464 567 465 
3 465 567 563 
3 569 568 464 
3 464 568 567 
3 573 570 572 
3 572 570 571 
3 575 566 574 
3 574 566 568 
3 566 575 564 
3 564 575 576 
3 577 578 580 
3 580 578 579 
3 559 575 560 
3 560 575 574 
3 575 559 576 
3 576 559 555 
3 497 496 555 
3 555 496 576 
3 496 499 576 
3 576 499 564 
3 499 474 564 
3 564 474 562 
3 486 557 488 
3 488 557 552 
3 490 548 492 
3 492 548 530 
3 548 490 552 
3 552 490 488 
3 484 517 406 
3 406 517 393 
3 378 393 447 
3 447 393 517 
3 542 537 547 
3 547 537 544 
3 537 535 544 
3 544 535 550 
3 530 550 528 
3 528 550 535 
3 506 581 448 
3 448 581 449 
3 510 582 506 
3 506 582 581 
3 510 516 582 
3 582 516 583 
3 584 585 587 
3 587 585 586 
3 591 588 590 
3 590 588 589 
3 593 592 589 
3 589 592 590 
3 597 594 596 
3 596 594 595 
3 598 599 601 
3 601 599 600 
3 605 602 604 
3 604 602 603 
3 607 608 606 
3 606 608 609 
3 613 610 612 
3 612 610 611 
3 616 617 615 
3 615 617 614 
3 621 618 620 
3 620 618 619 
3 625 622 624 
3 624 622 623 
3 627 628 626 
3 626 628 629 
3 633 630 632 
3 632 630 631 
3 634 635 637 
3 637 635 636 
3 638 639 641 
3 641 639 640 
3 645 642 644 
3 644 642 643 
3 647 646 621 
3 621 646 618 
3 651 648 650 
3 650 648 649 
3 601 600 653 
3 653 600 652 
3 657 654 656 
3 656 654 655 
3 661 658 660 
3 660 658 659 
3 665 662 664 
3 664 662 663 
3 667 666 593 
3 593 666 592 
3 670 671 669 
3 669 671 668 
3 672 673 675 
3 675 673 674 
3 677 676 631 
3 631 676 632 
3 679 678 665 
3 665 678 662 
3 682 683 681 
3 681 683 680 
3 685 686 684 
3 684 686 687 
3 690 688 660 
3 660 688 689 
3 684 691 685 
3 685 691 692 
3 694 596 693 
3 693 596 667 
3 693 667 695 
3 695 667 593 
3 696 697 695 
3 695 697 698 
3 699 700 696 
3 696 700 697 
3 701 584 702 
3 702 584 587 
3 688 671 689 
3 689 671 670 
3 704 703 638 
3 638 703 639 
3 657 662 705 
3 705 662 678 
3 709 706 708 
3 708 706 707 
3 606 609 711 
3 711 609 710 
3 712 713 715 
3 715 713 714 
3 716 717 719 
3 719 717 718 
3 721 633 720 
3 720 633 632 
3 725 722 724 
3 724 722 723 
3 727 728 726 
3 726 728 729 
3 733 730 732 
3 732 730 731 
3 735 734 709 
3 709 734 706 
3 737 643 736 
3 736 643 642 
3 741 738 740 
3 740 738 739 
3 744 742 743 
3 743 742 607 
3 748 745 747 
3 747 745 746 
3 750 751 749 
3 749 751 752 
3 753 754 756 
3 756 754 755 
3 757 758 760 
3 760 758 759 
3 764 761 763 
3 763 761 762 
3 766 767 765 
3 765 767 768 
3 772 769 771 
3 771 769 770 
3 776 773 775 
3 775 773 774 
3 780 777 779 
3 779 777 778 
3 783 781 711 
3 711 781 782 
3 784 785 787 
3 787 785 786 
3 789 627 788 
3 788 627 626 
3 793 790 792 
3 792 790 791 
3 722 725 795 
3 795 725 794 
3 799 796 798 
3 798 796 797 
3 676 800 632 
3 632 800 720 
3 802 801 799 
3 799 801 796 
3 806 803 805 
3 805 803 804 
3 810 807 809 
3 809 807 808 
3 814 811 813 
3 813 811 812 
3 816 808 815 
3 815 808 807 
3 817 818 803 
3 803 818 804 
3 818 817 820 
3 820 817 819 
3 821 586 819 
3 819 586 820 
3 808 822 809 
3 809 822 823 
3 813 806 814 
3 814 806 805 
3 222 824 425 
3 425 824 825 
3 426 425 826 
3 826 425 825 
3 829 453 828 
3 828 453 827 
3 830 831 676 
3 676 831 800 
3 833 834 832 
3 832 834 835 
3 837 838 836 
3 836 838 839 
3 840 841 843 
3 843 841 842 
3 801 802 845 
3 845 802 844 
3 676 677 830 
3 830 677 846 
3 847 848 850 
3 850 848 849 
3 854 851 853 
3 853 851 852 
3 679 855 857 
3 857 855 856 
3 861 858 860 
3 860 858 859 
3 863 864 862 
3 862 864 865 
3 869 866 868 
3 868 866 867 
3 838 870 839 
3 839 870 871 
3 848 847 873 
3 873 847 872 
3 877 874 876 
3 876 874 875 
3 881 878 880 
3 880 878 879 
3 882 883 885 
3 885 883 884 
3 845 886 801 
3 801 886 887 
3 887 888 890 
3 890 888 889 
3 894 891 893 
3 893 891 892 
3 895 896 727 
3 727 896 728 
3 900 897 899 
3 899 897 898 
3 901 851 903 
3 903 851 902 
3 848 904 849 
3 849 904 905 
3 907 906 877 
3 877 906 874 
3 909 910 908 
3 908 910 911 
3 913 914 912 
3 912 914 915 
3 858 861 917 
3 917 861 916 
3 920 855 919 
3 919 855 918 
3 924 921 923 
3 923 921 922 
3 921 924 926 
3 926 924 925 
3 692 927 929 
3 929 927 928 
3 693 930 694 
3 694 930 931 
3 932 823 866 
3 866 823 822 
3 936 933 935 
3 935 933 934 
3 866 822 867 
3 867 822 937 
3 677 938 846 
3 846 938 939 
3 938 677 654 
3 654 677 631 
3 618 940 619 
3 619 940 941 
3 686 942 687 
3 687 942 943 
3 850 849 944 
3 944 849 902 
3 849 905 902 
3 902 905 903 
3 945 946 948 
3 948 946 947 
3 952 949 951 
3 951 949 950 
3 956 953 955 
3 955 953 954 
3 873 874 957 
3 957 874 906 
3 961 958 960 
3 960 958 959 
3 851 901 852 
3 852 901 962 
3 964 909 963 
3 963 909 908 
3 968 965 967 
3 967 965 966 
3 972 969 971 
3 971 969 970 
3 973 959 974 
3 974 959 958 
3 978 975 977 
3 977 975 976 
3 975 979 976 
3 976 979 980 
3 982 980 981 
3 981 980 979 
3 981 983 982 
3 982 983 984 
3 986 984 985 
3 985 984 983 
3 990 987 989 
3 989 987 988 
3 994 991 993 
3 993 991 992 
3 998 995 997 
3 997 995 996 
3 1002 999 1001 
3 1001 999 1000 
3 1006 1003 1005 
3 1005 1003 1004 
3 1008 1004 1007 
3 1007 1004 1003 
3 1010 1008 1009 
3 1009 1008 1007 
3 1009 1011 1010 
3 1010 1011 1012 
3 1015 1016 1014 
3 1014 1016 1013 
3 1020 1017 1019 
3 1019 1017 1018 
3 979 975 1022 
3 1022 975 1021 
3 983 981 1024 
3 1024 981 1023 
3 1026 1025 994 
3 994 1025 991 
3 1028 1027 954 
3 954 1027 955 
3 1029 1030 1032 
3 1032 1030 1031 
3 1034 1033 1007 
3 1007 1033 1009 
3 1035 1034 1003 
3 1003 1034 1007 
3 1006 1001 1037 
3 1037 1001 1036 
3 1038 1036 1000 
3 1000 1036 1001 
3 997 996 1040 
3 1040 996 1039 
3 1014 1013 1042 
3 1042 1013 1041 
3 1045 1046 1044 
3 1044 1046 1043 
3 1048 1047 1019 
3 1019 1047 1043 
3 999 1002 1050 
3 1050 1002 1049 
3 1002 1005 1049 
3 1049 1005 1051 
3 1008 1010 1053 
3 1053 1010 1052 
3 1055 1054 1044 
3 1044 1054 1012 
3 1059 1056 1058 
3 1058 1056 1057 
3 1061 1062 1060 
3 1060 1062 1063 
3 1050 1049 1065 
3 1065 1049 1064 
3 1049 1051 1064 
3 1064 1051 1066 
3 1067 1068 1053 
3 1053 1068 1069 
3 1070 1067 1052 
3 1052 1067 1053 
3 1073 1071 1070 
3 1070 1071 1072 
3 1052 1054 1070 
3 1070 1054 1073 
3 1077 1074 1076 
3 1076 1074 1075 
3 1078 1079 1056 
3 1056 1079 1057 
3 1080 1081 1063 
3 1063 1081 1060 
3 1083 1084 1082 
3 1082 1084 1085 
3 1089 1086 1088 
3 1088 1086 1087 
3 1090 1091 1093 
3 1093 1091 1092 
3 1097 1094 1096 
3 1096 1094 1095 
3 1100 1101 1099 
3 1099 1101 1098 
3 1102 1103 1098 
3 1098 1103 1099 
3 1107 1104 1106 
3 1106 1104 1105 
3 1109 1110 1108 
3 1108 1110 1111 
3 1115 1112 1114 
3 1114 1112 1113 
3 1117 1118 1116 
3 1116 1118 1076 
3 1116 1119 1121 
3 1121 1119 1120 
3 1123 1105 1122 
3 1122 1105 1104 
3 1124 1125 1127 
3 1127 1125 1126 
3 1131 1128 1130 
3 1130 1128 1129 
3 1113 1132 1134 
3 1134 1132 1133 
3 1112 1135 1113 
3 1113 1135 1132 
3 1117 1136 1112 
3 1112 1136 1135 
3 1117 1116 1136 
3 1136 1116 1121 
3 1138 1139 1137 
3 1137 1139 1140 
3 1141 1142 951 
3 951 1142 952 
3 955 1143 956 
3 956 1143 1144 
3 1143 955 1145 
3 1145 955 1027 
3 1147 1041 1146 
3 1146 1041 1013 
3 1013 1016 1146 
3 1146 1016 1148 
3 1150 1149 1057 
3 1057 1149 1058 
3 1152 1079 1151 
3 1151 1079 1153 
3 1086 1154 1087 
3 1087 1154 1155 
3 1156 1157 1105 
3 1105 1157 1106 
3 1158 1156 1123 
3 1123 1156 1105 
3 1162 1159 1161 
3 1161 1159 1160 
3 1166 1163 1165 
3 1165 1163 1164 
3 1030 1045 1167 
3 1167 1045 1011 
3 1033 1034 1022 
3 1022 1034 1023 
3 1035 1037 1024 
3 1024 1037 1168 
3 1036 1038 1170 
3 1170 1038 1169 
3 1027 1028 1041 
3 1041 1028 1042 
3 1171 1172 1174 
3 1174 1172 1173 
3 1010 1012 1052 
3 1052 1012 1054 
3 1004 1008 1069 
3 1069 1008 1053 
3 995 998 1061 
3 1061 998 1062 
3 1058 1016 1059 
3 1059 1016 1015 
3 1149 1148 1058 
3 1058 1148 1016 
3 1102 1175 1177 
3 1177 1175 1176 
3 1073 1178 1071 
3 1071 1178 1175 
3 1082 1085 1101 
3 1101 1085 1072 
3 1064 1066 1180 
3 1180 1066 1179 
3 1180 1183 1182 
3 1182 1183 1181 
3 1187 1184 1186 
3 1186 1184 1185 
3 798 797 1189 
3 1189 797 1188 
3 1193 1190 1192 
3 1192 1190 1191 
3 1194 1195 1193 
3 1193 1195 1190 
3 1195 1194 1197 
3 1197 1194 1196 
3 672 1198 673 
3 673 1198 1199 
3 927 1200 1202 
3 1202 1200 1201 
3 920 861 1203 
3 1203 861 860 
3 1206 912 1205 
3 1205 912 1204 
3 878 881 1208 
3 1208 881 1207 
3 1163 1166 1210 
3 1210 1166 1209 
3 767 1212 768 
3 768 1212 1211 
3 726 1213 727 
3 727 1213 1214 
3 1216 1217 1215 
3 1215 1217 1218 
3 811 1220 812 
3 812 1220 1219 
3 826 827 426 
3 426 827 453 
3 1164 1221 1223 
3 1223 1221 1222 
3 1227 1224 1226 
3 1226 1224 1225 
3 850 1228 847 
3 847 1228 1229 
3 833 853 834 
3 834 853 1230 
3 1234 1231 1233 
3 1233 1231 1232 
3 749 1235 750 
3 750 1235 1236 
3 742 818 1237 
3 1237 818 820 
3 1241 1238 1240 
3 1240 1238 1239 
3 1245 1242 1244 
3 1244 1242 1243 
3 1247 840 1246 
3 1246 840 843 
3 1251 1248 1250 
3 1250 1248 1249 
3 1236 1252 892 
3 892 1252 1253 
3 1256 1257 1255 
3 1255 1257 1254 
3 1261 1258 1260 
3 1260 1258 1259 
3 851 854 902 
3 902 854 944 
3 1263 944 1262 
3 1262 944 854 
3 802 800 844 
3 844 800 831 
3 800 802 720 
3 720 802 799 
3 798 721 799 
3 799 721 720 
3 1265 1266 1264 
3 1264 1266 1267 
3 1269 794 1268 
3 1268 794 725 
3 1268 725 1270 
3 1270 725 724 
3 763 737 764 
3 764 737 736 
3 738 759 739 
3 739 759 758 
3 1272 1273 1271 
3 1271 1273 716 
3 1224 1274 1225 
3 1225 1274 1162 
3 880 1275 881 
3 881 1275 1276 
3 1040 1039 1026 
3 1026 1039 1025 
3 933 900 934 
3 934 900 899 
3 1221 1164 1277 
3 1277 1164 1163 
3 1277 1163 1278 
3 1278 1163 1210 
3 1280 452 1279 
3 1279 452 441 
3 787 1281 784 
3 784 1281 1282 
3 1286 1283 1285 
3 1285 1283 1284 
3 1288 1284 1287 
3 1287 1284 1283 
3 1287 753 1288 
3 1288 753 756 
3 604 603 674 
3 674 603 675 
3 1289 1290 1292 
3 1292 1290 1291 
3 1294 1295 1293 
3 1293 1295 1296 
3 695 698 693 
3 693 698 930 
3 1297 1298 591 
3 591 1298 588 
3 1298 1299 588 
3 588 1299 699 
3 700 699 1300 
3 1300 699 1299 
3 804 818 744 
3 744 818 742 
3 1302 1303 1301 
3 1301 1303 1304 
3 1305 1306 1304 
3 1304 1306 1301 
3 591 609 1297 
3 1297 609 608 
3 586 821 587 
3 587 821 1307 
3 1307 1308 587 
3 587 1308 702 
3 1308 570 702 
3 702 570 1309 
3 1310 1311 788 
3 788 1311 789 
3 219 1312 222 
3 222 1312 824 
3 1312 219 1313 
3 1313 219 218 
3 1311 1310 1315 
3 1315 1310 1314 
3 1316 1317 1318 
3 1318 1317 1240 
3 1279 441 1319 
3 1319 441 440 
3 1320 216 571 
3 571 216 215 
3 1228 1321 1229 
3 1229 1321 1322 
3 655 630 1324 
3 1324 630 1323 
3 1011 1009 1167 
3 1167 1009 1033 
3 1328 1325 1327 
3 1327 1325 1326 
3 1200 1329 1201 
3 1201 1329 1330 
3 1320 571 1308 
3 1308 571 570 
3 215 1331 571 
3 571 1331 572 
3 1333 1334 1332 
3 1332 1334 1335 
3 917 1336 858 
3 858 1336 1337 
3 862 865 1338 
3 1338 865 1339 
3 1340 1341 1343 
3 1343 1341 1342 
3 919 918 1345 
3 1345 918 1344 
3 1198 672 1347 
3 1347 672 1346 
3 692 1348 927 
3 927 1348 1200 
3 1350 1256 1349 
3 1349 1256 1255 
3 1349 1351 1350 
3 1350 1351 1352 
3 652 929 653 
3 653 929 661 
3 1354 1277 1353 
3 1353 1277 1278 
3 1358 1355 1357 
3 1357 1355 1356 
3 936 1359 1139 
3 1139 1359 1360 
3 963 908 1227 
3 1227 908 1224 
3 900 933 1361 
3 1361 933 1138 
3 1361 1362 1364 
3 1364 1362 1363 
3 1366 911 1365 
3 1365 911 910 
3 1368 1367 1141 
3 1141 1367 1142 
3 1184 1144 1185 
3 1185 1144 1143 
3 1185 1143 1174 
3 1174 1143 1145 
3 1147 1171 1145 
3 1145 1171 1174 
3 1171 1147 1017 
3 1017 1147 1146 
3 1148 1018 1146 
3 1146 1018 1017 
3 1369 1018 1149 
3 1149 1018 1148 
3 1370 1369 1150 
3 1150 1369 1149 
3 1150 1152 1370 
3 1370 1152 1176 
3 1151 1155 1177 
3 1177 1155 1371 
3 1373 1372 1157 
3 1157 1372 1154 
3 1156 1158 1375 
3 1375 1158 1374 
3 1379 1376 1378 
3 1378 1376 1377 
3 1383 1380 1382 
3 1382 1380 1381 
3 1386 1384 1385 
3 1385 1384 1381 
3 1231 1386 1232 
3 1232 1386 1385 
3 1389 1390 1388 
3 1388 1390 1387 
3 1394 1391 1393 
3 1393 1391 1392 
3 1398 1395 1397 
3 1397 1395 1396 
3 1395 629 1396 
3 1396 629 628 
3 1341 1399 1342 
3 1342 1399 1400 
3 1402 1403 1401 
3 1401 1403 1404 
3 1408 1405 1407 
3 1407 1405 1406 
3 1412 1409 1411 
3 1411 1409 1410 
3 1414 793 1413 
3 1413 793 792 
3 1343 1415 1340 
3 1340 1415 1416 
3 1417 1346 704 
3 704 1346 703 
3 1419 741 1418 
3 1418 741 740 
3 671 1420 668 
3 668 1420 1421 
3 1423 645 1422 
3 1422 645 644 
3 610 613 1197 
3 1197 613 1195 
3 612 1424 613 
3 613 1424 1425 
3 659 658 615 
3 615 658 1426 
3 1425 1190 613 
3 613 1190 1195 
3 589 696 593 
3 593 696 695 
3 588 699 589 
3 589 699 696 
3 702 1309 701 
3 701 1309 1427 
3 1191 1420 688 
3 688 1420 671 
3 621 1268 647 
3 647 1268 1270 
3 620 1269 621 
3 621 1269 1268 
3 1340 1416 1429 
3 1429 1416 1428 
3 1430 1431 1433 
3 1433 1431 1432 
3 1435 1436 1434 
3 1434 1436 1437 
3 1441 1438 1440 
3 1440 1438 1439 
3 1442 1443 1445 
3 1445 1443 1444 
3 822 808 937 
3 937 808 816 
3 1447 810 1446 
3 1446 810 809 
3 705 678 1449 
3 1449 678 1448 
3 1450 1204 915 
3 915 1204 912 
3 1274 1224 911 
3 911 1224 908 
3 880 879 1452 
3 1452 879 1451 
3 1443 1400 1444 
3 1444 1400 1399 
3 1359 936 1453 
3 1453 936 935 
3 1446 809 1454 
3 1454 809 823 
3 654 631 655 
3 655 631 630 
3 965 1455 966 
3 966 1455 1456 
3 1460 1457 1459 
3 1459 1457 1458 
3 1462 1460 1461 
3 1461 1460 1459 
3 974 972 973 
3 973 972 971 
3 993 990 994 
3 994 990 989 
3 1173 1032 1186 
3 1186 1032 1463 
3 1172 1171 1020 
3 1020 1171 1017 
3 997 1000 998 
3 998 1000 999 
3 975 978 1021 
3 1021 978 1031 
3 981 979 1023 
3 1023 979 1022 
3 1168 1170 985 
3 985 1170 988 
3 989 988 1169 
3 1169 988 1170 
3 994 989 1026 
3 1026 989 1169 
3 1000 997 1038 
3 1038 997 1040 
3 998 999 1062 
3 1062 999 1050 
3 1062 1050 1063 
3 1063 1050 1065 
3 1063 1065 1080 
3 1080 1065 1182 
3 1177 1371 1102 
3 1102 1371 1103 
3 1181 1464 1090 
3 1090 1464 1091 
3 1467 1465 1464 
3 1464 1465 1466 
3 1468 1469 1183 
3 1183 1469 1467 
3 1100 1470 1097 
3 1097 1470 1094 
3 1375 1119 1373 
3 1373 1119 1075 
3 1131 1126 1471 
3 1471 1126 1109 
3 1128 1131 1472 
3 1472 1131 1471 
3 1473 1474 1465 
3 1465 1474 1472 
3 1112 1115 1117 
3 1117 1115 1118 
3 1119 1375 1120 
3 1120 1375 1374 
3 1126 1131 1127 
3 1127 1131 1130 
3 1360 1227 1475 
3 1475 1227 1226 
3 1364 1476 1361 
3 1361 1476 871 
3 1229 1322 1478 
3 1478 1322 1477 
3 914 913 1480 
3 1480 913 1479 
3 1275 913 1276 
3 1276 913 912 
3 1022 1021 1033 
3 1033 1021 1167 
3 1024 1023 1035 
3 1035 1023 1034 
3 1026 1169 1040 
3 1040 1169 1038 
3 1145 1027 1147 
3 1147 1027 1041 
3 1457 968 1458 
3 1458 968 967 
3 664 663 1482 
3 1482 663 1481 
3 1486 1483 1485 
3 1485 1483 1484 
3 1490 1487 1489 
3 1489 1487 1488 
3 633 721 1492 
3 1492 721 1491 
3 1496 1493 1495 
3 1495 1493 1494 
3 862 1338 1206 
3 1206 1338 1497 
3 1165 1164 1498 
3 1498 1164 1223 
3 1159 1162 1499 
3 1499 1162 1274 
3 1499 876 1159 
3 1159 876 1500 
3 1478 1501 872 
3 872 1501 875 
3 944 1263 850 
3 850 1263 1228 
3 834 1230 838 
3 838 1230 870 
3 1281 777 1282 
3 1282 777 1502 
3 715 714 1504 
3 1504 714 1503 
3 1445 1444 1506 
3 1506 1444 1505 
3 790 1380 791 
3 791 1380 778 
3 1341 1340 1408 
3 1408 1340 1429 
3 1416 1507 1428 
3 1428 1507 1410 
3 1510 1508 1509 
3 1509 1508 634 
3 1315 1314 1379 
3 1379 1314 1376 
3 1444 1399 1505 
3 1505 1399 1407 
3 1332 1335 916 
3 916 1335 917 
3 869 1511 1513 
3 1513 1511 1512 
3 1363 1362 1515 
3 1515 1362 1514 
3 1275 880 1516 
3 1516 880 1452 
3 1518 992 1517 
3 1517 992 991 
3 954 1517 1028 
3 1028 1517 1519 
3 1039 1520 1025 
3 1025 1520 1519 
3 1042 1520 1014 
3 1014 1520 1521 
3 995 1522 996 
3 996 1522 1521 
3 1059 1015 1523 
3 1523 1015 1522 
3 1060 1524 1061 
3 1061 1524 1523 
3 1078 1526 1525 
3 1525 1526 1527 
3 1092 1528 1093 
3 1093 1528 1527 
3 1530 1111 1529 
3 1529 1111 1110 
3 1532 1122 1531 
3 1531 1122 1104 
3 1139 1138 936 
3 936 1138 933 
3 1361 1138 1362 
3 1362 1138 1137 
3 1277 1354 1221 
3 1221 1354 1533 
3 1221 1533 1222 
3 1222 1533 1534 
3 820 586 1237 
3 1237 586 585 
3 1318 710 1316 
3 1316 710 1535 
3 1198 1536 1199 
3 1199 1536 1537 
3 1415 1538 1416 
3 1416 1538 1507 
3 1539 1540 839 
3 839 1540 836 
3 1230 897 870 
3 870 897 900 
3 1499 1274 1366 
3 1366 1274 911 
3 1542 1378 1541 
3 1541 1378 1394 
3 1543 1507 771 
3 771 1507 1538 
3 1401 1544 1402 
3 1402 1544 1545 
3 1549 1546 1548 
3 1548 1546 1547 
3 1546 1550 1547 
3 1547 1550 1551 
3 1555 1552 1554 
3 1554 1552 1553 
3 1559 1556 1558 
3 1558 1556 1557 
3 1563 1560 1562 
3 1562 1560 1561 
3 1567 1564 1566 
3 1566 1564 1565 
3 1571 1568 1570 
3 1570 1568 1569 
3 1575 1572 1574 
3 1574 1572 1573 
3 1568 1571 1577 
3 1577 1571 1576 
3 1581 1578 1580 
3 1580 1578 1579 
3 1585 1582 1584 
3 1584 1582 1583 
3 1588 1586 1554 
3 1554 1586 1587 
3 1592 1589 1591 
3 1591 1589 1590 
3 1596 1593 1595 
3 1595 1593 1594 
3 1575 1596 1580 
3 1580 1596 1595 
3 1568 1597 1569 
3 1569 1597 1598 
3 1602 1599 1601 
3 1601 1599 1600 
3 1606 1603 1605 
3 1605 1603 1604 
3 1564 1567 1608 
3 1608 1567 1607 
3 1612 1609 1611 
3 1611 1609 1610 
3 1616 1613 1615 
3 1615 1613 1614 
3 1615 1617 1616 
3 1616 1617 1618 
3 1622 1619 1621 
3 1621 1619 1620 
3 1626 1623 1625 
3 1625 1623 1624 
3 1630 1627 1629 
3 1629 1627 1628 
3 1634 1631 1633 
3 1633 1631 1632 
3 1635 1636 1638 
3 1638 1636 1637 
3 1642 1639 1641 
3 1641 1639 1640 
3 1644 1643 1626 
3 1626 1643 1623 
3 1648 1645 1647 
3 1647 1645 1646 
3 1652 1649 1651 
3 1651 1649 1650 
3 1654 1655 1653 
3 1653 1655 1656 
3 1660 1657 1659 
3 1659 1657 1658 
3 1627 1630 1662 
3 1662 1630 1661 
3 1665 1663 1664 
3 1664 1663 1650 
3 1616 1618 1655 
3 1655 1618 1666 
3 1670 1667 1669 
3 1669 1667 1668 
3 1672 1671 1634 
3 1634 1671 1631 
3 1638 1637 1674 
3 1674 1637 1673 
3 1678 1675 1677 
3 1677 1675 1676 
3 1679 1639 1680 
3 1680 1639 1642 
3 1681 1682 1642 
3 1642 1682 1680 
3 1231 1234 1668 
3 1668 1234 1669 
3 1674 1673 1398 
3 1398 1673 1395 
3 626 629 1678 
3 1678 629 1675 
3 1310 1679 1314 
3 1314 1679 1680 
3 1314 1680 1376 
3 1376 1680 1682 
3 1384 1386 1672 
3 1672 1386 1671 
3 1684 1645 1683 
3 1683 1645 1635 
3 1688 1685 1687 
3 1687 1685 1686 
3 1584 1689 1585 
3 1585 1689 1690 
3 1692 1550 1691 
3 1691 1550 1598 
3 1556 1693 1557 
3 1557 1693 1551 
3 1613 1694 1614 
3 1614 1694 1695 
3 1622 1696 1698 
3 1698 1696 1697 
3 1699 1700 1702 
3 1702 1700 1701 
3 1706 1703 1705 
3 1705 1703 1704 
3 1707 1708 1639 
3 1639 1708 1640 
3 1709 1710 1712 
3 1712 1710 1711 
3 1651 1654 1652 
3 1652 1654 1653 
3 1712 1711 1698 
3 1698 1711 1713 
3 1714 1709 1715 
3 1715 1709 1712 
3 1716 1707 1679 
3 1679 1707 1639 
3 1392 1391 1714 
3 1714 1391 1709 
3 1720 1717 1719 
3 1719 1717 1718 
3 788 1716 1310 
3 1310 1716 1679 
3 1709 1391 1710 
3 1710 1391 1377 
3 1719 1718 1390 
3 1390 1718 1387 
3 1722 1605 1721 
3 1721 1605 1688 
3 1566 1723 1567 
3 1567 1723 1724 
3 1645 1684 1646 
3 1646 1684 1725 
3 1552 1726 1553 
3 1553 1726 1727 
3 1685 1599 1686 
3 1686 1599 1590 
3 1593 1728 1594 
3 1594 1728 1729 
3 1603 1730 1604 
3 1604 1730 1600 
3 1733 1731 1662 
3 1662 1731 1732 
3 1735 1638 1734 
3 1734 1638 1674 
3 1644 1736 1643 
3 1643 1736 1657 
3 1630 1723 1661 
3 1661 1723 1725 
3 1734 1674 1737 
3 1737 1674 1398 
3 1618 1738 1666 
3 1666 1738 1620 
3 1740 1619 1739 
3 1739 1619 1713 
3 1591 1548 1592 
3 1592 1548 1741 
3 1549 1602 1570 
3 1570 1602 1601 
3 1721 1688 1689 
3 1689 1688 1687 
3 1578 1581 1558 
3 1558 1581 1587 
3 1737 1384 1734 
3 1734 1384 1672 
3 1386 1231 1671 
3 1671 1231 1668 
3 1742 1572 1691 
3 1691 1572 1579 
3 1710 1377 1682 
3 1682 1377 1376 
3 1744 1743 1665 
3 1665 1743 1663 
3 1694 1663 1695 
3 1695 1663 1743 
3 1747 1731 1746 
3 1746 1731 1745 
3 1676 1748 1677 
3 1677 1748 1749 
3 1677 1749 1707 
3 1707 1749 1708 
3 1671 1668 1631 
3 1631 1668 1667 
3 1731 1733 1745 
3 1745 1733 1632 
3 1678 1677 1716 
3 1716 1677 1707 
3 788 626 1716 
3 1716 626 1678 
3 1721 1563 1722 
3 1722 1563 1562 
3 1582 1750 1583 
3 1583 1750 1727 
3 629 1395 1675 
3 1675 1395 1673 
3 1564 1744 1565 
3 1565 1744 1665 
3 1627 1644 1628 
3 1628 1644 1626 
3 1636 1748 1637 
3 1637 1748 1676 
3 1751 1648 1664 
3 1664 1648 1647 
3 1656 1740 1641 
3 1641 1740 1739 
3 1637 1676 1673 
3 1673 1676 1675 
3 1682 1681 1710 
3 1710 1681 1711 
3 1738 1618 1752 
3 1752 1618 1617 
3 1752 1701 1738 
3 1738 1701 1700 
3 1754 1755 1213 
3 1213 1755 1753 
3 940 618 1756 
3 1756 618 646 
3 690 1757 1192 
3 1192 1757 1758 
3 1760 1419 1759 
3 1759 1419 1418 
3 1762 682 1761 
3 1761 682 681 
3 1383 1412 779 
3 779 1412 1411 
3 1412 1383 1397 
3 1397 1383 1382 
3 1196 1423 1763 
3 1763 1423 1422 
3 1285 1537 1286 
3 1286 1537 1536 
3 1735 1634 1683 
3 1683 1634 1633 
3 1629 1724 1630 
3 1630 1724 1723 
3 1728 1609 1729 
3 1729 1609 1561 
3 1634 1735 1672 
3 1672 1735 1734 
3 1756 1194 940 
3 940 1194 1193 
3 198 1764 199 
3 199 1764 1765 
3 478 475 499 
3 499 475 474 
3 497 557 482 
3 482 557 486 
3 549 545 550 
3 550 545 544 
3 1313 218 1280 
3 1280 218 452 
3 218 207 452 
3 452 207 297 
3 1766 367 198 
3 198 367 1764 
3 403 362 404 
3 404 362 522 
3 401 404 532 
3 532 404 522 
3 206 298 207 
3 207 298 297 
3 299 175 206 
3 206 175 298 
3 201 172 299 
3 299 172 175 
3 200 173 201 
3 201 173 172 
3 1335 1767 917 
3 917 1767 1336 
3 858 1337 1769 
3 1769 1337 1768 
3 580 569 577 
3 577 569 1770 
3 554 561 579 
3 579 561 560 
3 547 500 1771 
3 1771 500 503 
3 542 583 541 
3 541 583 516 
3 543 515 513 
3 513 515 514 
3 515 543 516 
3 516 543 541 
3 580 579 574 
3 574 579 560 
3 569 580 568 
3 568 580 574 
3 546 1772 547 
3 547 1772 500 
3 1770 569 1774 
3 1774 569 1773 
3 1766 1775 367 
3 367 1775 368 
3 1775 374 368 
3 368 374 371 
3 1319 1307 1279 
3 1279 1307 821 
3 1279 821 1280 
3 1280 821 819 
3 1280 819 1313 
3 1313 819 817 
3 1313 817 1312 
3 1312 817 803 
3 806 813 824 
3 824 813 825 
3 813 812 825 
3 825 812 826 
3 812 1219 826 
3 826 1219 827 
3 546 554 578 
3 578 554 579 
3 1476 1539 871 
3 871 1539 839 
3 1764 367 498 
3 498 367 366 
3 498 524 1764 
3 1764 524 1765 
3 524 525 1765 
3 1765 525 1776 
3 383 361 526 
3 526 361 519 
3 360 1777 518 
3 518 1777 527 
3 368 371 1778 
3 1778 371 370 
3 477 369 1778 
3 1778 369 368 
3 373 477 370 
3 370 477 1778 
3 1777 1776 527 
3 527 1776 525 
3 1780 1781 1779 
3 1779 1781 1782 
3 63 66 459 
3 459 66 430 
3 71 73 337 
3 337 73 67 
3 1784 1781 1783 
3 1783 1781 1785 
3 1786 1787 1789 
3 1789 1787 1788 
3 1792 1790 1788 
3 1788 1790 1791 
3 1790 1793 1791 
3 1791 1793 1794 
3 1793 1795 1794 
3 1794 1795 1796 
3 867 937 1797 
3 1797 937 1796 
3 868 867 1798 
3 1798 867 1797 
3 1450 1799 1801 
3 1801 1799 1800 
3 1802 1803 1204 
3 1204 1803 1205 
3 1804 1805 863 
3 863 1805 864 
3 1807 864 1806 
3 1806 864 1805 
3 67 70 337 
3 286 327 287 
3 1319 1320 1307 
3 1307 1320 1308 
3 1320 1319 216 
3 216 1319 440 
3 217 216 151 
3 151 216 440 
3 151 150 217 
3 217 150 285 
3 285 150 309 
3 309 150 296 
3 309 296 306 
3 306 296 295 
3 283 306 142 
3 142 306 295 
3 103 283 55 
3 55 283 142 
3 62 103 58 
3 58 103 55 
3 59 62 101 
3 101 62 58 
3 281 59 93 
3 93 59 101 
3 92 458 278 
3 278 458 76 
3 77 76 459 
3 459 76 458 
3 294 77 430 
3 430 77 459 
3 291 294 48 
3 48 294 430 
3 47 420 48 
3 48 420 291 
3 428 417 277 
3 277 417 275 
3 277 316 428 
3 428 316 431 
3 431 316 432 
3 432 316 315 
3 315 325 432 
3 432 325 323 
3 1535 591 1808 
3 1808 591 590 
3 1809 743 1811 
3 1811 743 1810 
3 1815 1812 1814 
3 1814 1812 1813 
3 1816 747 1817 
3 1817 747 746 
3 1816 1809 1818 
3 1818 1809 1811 
3 748 747 1820 
3 1820 747 1819 
3 1824 1821 1823 
3 1823 1821 1822 
3 1828 1825 1827 
3 1827 1825 1826 
3 1832 1829 1831 
3 1831 1829 1830 
3 1825 1242 1826 
3 1826 1242 1833 
3 824 1312 806 
3 806 1312 803 
3 1834 1252 1235 
3 1235 1252 1236 
3 1434 1437 1836 
3 1836 1437 1835 
3 1838 1839 1504 
3 1504 1839 1837 
3 1840 1841 715 
3 715 1841 712 
3 1844 1509 1843 
3 1843 1509 1842 
3 1848 1845 1847 
3 1847 1845 1846 
3 1238 1821 1239 
3 1239 1821 1849 
3 1829 636 1830 
3 1830 636 635 
3 1851 1852 1850 
3 1850 1852 1853 
3 1854 1855 1857 
3 1857 1855 1856 
3 1859 1858 1848 
3 1848 1858 1845 
3 1342 1400 1508 
3 1508 1400 1860 
3 1508 1860 634 
3 634 1860 635 
3 1864 1861 1863 
3 1863 1861 1862 
3 1282 1502 1866 
3 1866 1502 1865 
3 681 680 1866 
3 1866 680 1867 
3 1285 1284 682 
3 682 1284 683 
3 756 755 1273 
3 1273 755 1868 
3 1868 717 1273 
3 1273 717 716 
3 719 718 1432 
3 1432 718 1433 
3 1199 1537 1544 
3 1544 1537 1762 
3 1272 683 1288 
3 1288 683 1284 
3 683 1272 680 
3 680 1272 1271 
3 784 1282 1867 
3 1867 1282 1866 
3 785 784 1869 
3 1869 784 1867 
3 1288 756 1272 
3 1272 756 1273 
3 1871 1870 1415 
3 1415 1870 1538 
3 1403 1402 1870 
3 1870 1402 772 
3 674 673 1404 
3 1404 673 1401 
3 1873 1864 1872 
3 1872 1864 1863 
3 1509 634 1842 
3 1842 634 637 
3 1343 1342 1510 
3 1510 1342 1508 
3 1870 772 1538 
3 1538 772 771 
3 1544 1401 1199 
3 1199 1401 673 
3 1537 1285 1762 
3 1762 1285 682 
3 1875 1874 1442 
3 1442 1874 1443 
3 1831 1830 1875 
3 1875 1830 1874 
3 1510 1871 1343 
3 1343 1871 1415 
3 1878 773 1877 
3 1877 773 1876 
3 1845 1878 1846 
3 1846 1878 1877 
3 1880 1879 1847 
3 1847 1879 713 
3 1874 1860 1443 
3 1443 1860 1400 
3 1830 635 1874 
3 1874 635 1860 
3 1861 1881 1862 
3 1862 1881 1822 
3 1439 1882 1440 
3 1440 1882 1883 
3 1850 1883 1851 
3 1851 1883 1882 
3 1887 1884 1886 
3 1886 1884 1885 
3 1889 1358 1888 
3 1888 1358 1357 
3 1890 1885 1891 
3 1891 1885 1884 
3 1892 774 1878 
3 1878 774 773 
3 1858 1892 1845 
3 1845 1892 1878 
3 1848 712 1859 
3 1859 712 1841 
3 1895 1893 1894 
3 1894 1893 1317 
3 1897 1873 1896 
3 1896 1873 1872 
3 1897 604 1898 
3 1898 604 674 
3 1898 674 1843 
3 1843 674 1404 
3 1843 1404 1844 
3 1844 1404 1403 
3 1808 590 1295 
3 1295 590 592 
3 1294 1291 1899 
3 1899 1291 1894 
3 1895 1290 1896 
3 1896 1290 605 
3 1871 1510 1844 
3 1844 1510 1509 
3 1870 1871 1403 
3 1403 1871 1844 
3 1545 1761 769 
3 769 1761 1865 
3 1866 1865 681 
3 681 1865 1761 
3 680 1271 1867 
3 1867 1271 1869 
3 1271 716 1869 
3 1869 716 719 
3 1869 719 785 
3 785 719 1432 
3 785 1432 786 
3 786 1432 1431 
3 786 1431 1413 
3 1413 1431 1260 
3 1414 1259 1233 
3 1233 1259 1388 
3 1718 1669 1387 
3 1387 1669 1234 
3 1717 1670 1718 
3 1718 1670 1669 
3 1670 1717 1746 
3 1746 1717 1704 
3 1747 1703 1900 
3 1900 1703 1658 
3 1903 1901 1902 
3 1902 1901 1876 
3 1258 1904 1389 
3 1389 1904 1393 
3 1390 1392 1719 
3 1719 1392 1714 
3 1719 1714 1720 
3 1720 1714 1715 
3 1720 1715 1705 
3 1705 1715 1697 
3 47 46 275 
3 275 46 276 
3 83 95 80 
3 80 95 81 
3 84 80 69 
3 69 80 79 
3 88 87 96 
3 96 87 98 
3 89 99 87 
3 87 99 98 
3 93 101 94 
3 94 101 100 
3 280 279 1906 
3 1906 279 1905 
3 84 88 85 
3 85 88 96 
3 280 60 281 
3 281 60 59 
3 46 45 81 
3 81 45 82 
3 292 291 419 
3 419 291 420 
3 419 418 1908 
3 1908 418 1907 
3 89 90 94 
3 94 90 91 
3 93 92 281 
3 281 92 278 
3 420 47 417 
3 417 47 275 
3 1706 1696 1659 
3 1659 1696 1909 
3 1643 1699 1623 
3 1623 1699 1702 
3 1696 1622 1909 
3 1909 1622 1621 
3 1660 1910 1699 
3 1699 1910 1700 
3 1657 1660 1643 
3 1643 1660 1699 
3 1644 1732 1736 
3 1736 1732 1900 
3 1730 1603 1911 
3 1911 1603 1624 
3 1913 1730 1912 
3 1912 1730 1911 
3 1571 1913 1576 
3 1576 1913 1912 
3 1914 1577 1615 
3 1615 1577 1617 
3 1742 1597 1915 
3 1915 1597 1914 
3 1572 1742 1573 
3 1573 1742 1915 
3 1596 1575 1916 
3 1916 1575 1574 
3 1593 1596 1608 
3 1608 1596 1916 
3 1609 1728 1610 
3 1610 1728 1607 
3 1629 1628 1611 
3 1611 1628 1917 
3 1628 1626 1917 
3 1917 1626 1625 
3 1921 1918 1920 
3 1920 1918 1919 
3 1919 1923 1922 
3 1922 1923 1924 
3 1924 1923 1926 
3 1926 1923 1925 
3 1930 1927 1929 
3 1929 1927 1928 
3 1931 1932 1934 
3 1934 1932 1933 
3 1938 1935 1937 
3 1937 1935 1936 
3 1940 1941 1939 
3 1939 1941 1942 
3 1945 1943 1944 
3 1944 1943 1940 
3 1948 1693 1947 
3 1947 1693 1946 
3 1949 1950 1952 
3 1952 1950 1951 
3 1588 1953 1955 
3 1955 1953 1954 
3 1931 1956 1955 
3 1955 1956 1957 
3 1932 1958 1933 
3 1933 1958 1959 
3 1963 1960 1962 
3 1962 1960 1961 
3 1953 1750 1954 
3 1954 1750 1964 
3 1956 1931 1929 
3 1929 1931 1934 
3 1950 1949 1925 
3 1925 1949 1928 
3 1965 1966 1592 
3 1592 1966 1589 
3 1963 1967 1966 
3 1966 1967 1968 
3 1970 1969 1920 
3 1920 1969 1961 
3 1967 1963 1944 
3 1944 1963 1962 
3 1918 1921 1947 
3 1947 1921 1971 
3 1921 1960 1971 
3 1971 1960 1965 
3 1559 1586 1952 
3 1952 1586 1957 
3 1973 1974 1972 
3 1972 1974 1975 
3 1690 1976 1978 
3 1978 1976 1977 
3 1585 1690 1974 
3 1974 1690 1978 
3 1979 1938 1941 
3 1941 1938 1937 
3 1693 1556 1946 
3 1946 1556 1951 
3 1976 1980 1977 
3 1977 1980 1968 
3 1984 1981 1983 
3 1983 1981 1982 
3 1985 1986 1988 
3 1988 1986 1987 
3 1989 1990 1982 
3 1982 1990 1983 
3 1989 1992 1991 
3 1991 1992 1993 
3 1994 1995 1993 
3 1993 1995 1996 
3 2000 1997 1999 
3 1999 1997 1998 
3 2004 2001 2003 
3 2003 2001 2002 
3 2008 2005 2007 
3 2007 2005 2006 
3 2012 2009 2011 
3 2011 2009 2010 
3 2013 2014 2016 
3 2016 2014 2015 
3 2019 2020 2018 
3 2018 2020 2017 
3 2021 1988 2023 
3 2023 1988 2022 
3 1988 1987 2022 
3 2022 1987 2024 
3 2026 2013 2025 
3 2025 2013 2016 
3 2030 2027 2029 
3 2029 2027 2028 
3 2034 2031 2033 
3 2033 2031 2032 
3 2036 2035 2034 
3 2034 2035 2031 
3 2040 2037 2039 
3 2039 2037 2038 
3 1981 2041 1982 
3 1982 2041 2042 
3 2046 2043 2045 
3 2045 2043 2044 
3 2050 2047 2049 
3 2049 2047 2048 
3 2054 2051 2053 
3 2053 2051 2052 
3 2058 2055 2057 
3 2057 2055 2056 
3 2033 2032 2060 
3 2060 2032 2059 
3 2064 2061 2063 
3 2063 2061 2062 
3 2065 2034 2066 
3 2066 2034 2033 
3 2068 2038 2067 
3 2067 2038 2037 
3 2070 2022 2069 
3 2069 2022 2024 
3 2022 2070 2023 
3 2023 2070 2071 
3 2018 2072 2019 
3 2019 2072 2073 
3 2074 2046 2048 
3 2048 2046 2049 
3 1992 1989 2042 
3 2042 1989 1982 
3 2005 2049 2006 
3 2006 2049 2075 
3 2076 2050 2005 
3 2005 2050 2049 
3 2080 2077 2079 
3 2079 2077 2078 
3 2081 2082 2084 
3 2084 2082 2083 
3 2086 2085 2012 
3 2012 2085 2009 
3 2031 2087 2032 
3 2032 2087 2088 
3 2032 2088 2059 
3 2059 2088 2089 
3 2093 2090 2092 
3 2092 2090 2091 
3 2096 2094 1985 
3 1985 2094 2095 
3 2096 1985 2021 
3 2021 1985 1988 
3 2014 2093 2015 
3 2015 2093 2097 
3 2015 2097 2099 
3 2099 2097 2098 
3 2100 2016 2099 
3 2099 2016 2015 
3 2016 2100 2025 
3 2025 2100 2101 
3 2099 2098 2103 
3 2103 2098 2102 
3 2103 2104 2099 
3 2099 2104 2100 
3 2101 2100 2105 
3 2105 2100 2104 
3 2108 2106 2060 
3 2060 2106 2107 
3 2019 2109 2111 
3 2111 2109 2110 
3 2112 2109 2073 
3 2073 2109 2019 
3 2116 2113 2115 
3 2115 2113 2114 
3 2119 1994 2118 
3 2118 1994 2117 
3 2013 2026 2121 
3 2121 2026 2120 
3 2122 2043 2074 
3 2074 2043 2046 
3 2125 2126 2124 
3 2124 2126 2123 
3 2130 2127 2129 
3 2129 2127 2128 
3 2057 2056 2132 
3 2132 2056 2131 
3 2133 1998 2135 
3 2135 1998 2134 
3 2138 2136 2137 
3 2137 2136 2054 
3 2142 2139 2141 
3 2141 2139 2140 
3 2064 2063 2081 
3 2081 2063 2082 
3 2081 2143 2064 
3 2064 2143 2144 
3 2146 2040 2145 
3 2145 2040 2039 
3 2148 2147 2089 
3 2089 2147 2059 
3 2149 2136 2050 
3 2050 2136 2047 
3 2150 1996 2134 
3 2134 1996 1995 
3 2050 2076 2149 
3 2149 2076 2151 
3 2118 2117 2044 
3 2044 2117 2045 
3 2155 2152 2154 
3 2154 2152 2153 
3 2159 2156 2158 
3 2158 2156 2157 
3 2163 2160 2162 
3 2162 2160 2161 
3 2165 2164 2162 
3 2162 2164 2163 
3 2169 2166 2168 
3 2168 2166 2167 
3 2172 2170 2171 
3 2171 2170 2002 
3 2175 2001 2174 
3 2174 2001 2173 
3 2061 2064 2176 
3 2176 2064 2144 
3 2177 2178 2179 
3 2179 2178 2133 
3 2149 2151 2051 
3 2051 2151 2180 
3 2145 2039 2181 
3 2181 2039 2126 
3 2160 2130 2161 
3 2161 2130 2129 
3 2136 2149 2054 
3 2054 2149 2051 
3 2185 2182 2184 
3 2184 2182 2183 
3 2158 2029 2159 
3 2159 2029 2186 
3 2181 2187 2145 
3 2145 2187 2028 
3 2191 2188 2190 
3 2190 2188 2189 
3 2001 2175 2002 
3 2002 2175 2171 
3 2134 1998 2150 
3 2150 1998 1997 
3 2175 2061 2171 
3 2171 2061 2176 
3 2192 2172 2176 
3 2176 2172 2171 
3 2194 2063 2193 
3 2193 2063 2062 
3 2197 2195 2196 
3 2196 2195 2065 
3 2198 2173 2004 
3 2004 2173 2001 
3 2170 2199 2002 
3 2002 2199 2003 
3 2199 2170 2200 
3 2200 2170 2197 
3 2200 2197 2201 
3 2201 2197 2196 
3 2203 2202 2196 
3 2196 2202 2201 
3 2170 2172 2197 
3 2197 2172 2195 
3 2204 2068 2169 
3 2169 2068 2205 
3 2066 2203 2065 
3 2065 2203 2196 
3 2207 2107 2206 
3 2206 2107 2106 
3 2206 2208 2207 
3 2207 2208 2209 
3 2184 2210 2211 
3 2211 2210 2213 
3 2213 2210 2212 
3 2213 2212 2000 
3 2000 2212 1997 
3 1999 1998 2214 
3 2214 1998 2133 
3 2217 2218 2216 
3 2216 2218 2215 
3 2169 2205 2166 
3 2166 2205 2219 
3 2220 2205 2067 
3 2067 2205 2068 
3 2212 2221 1997 
3 1997 2221 2150 
3 2038 2068 2123 
3 2123 2068 2204 
3 2127 2142 2222 
3 2222 2142 2141 
3 2184 2201 2185 
3 2185 2201 2202 
3 2223 2210 2183 
3 2183 2210 2184 
3 2225 2221 2224 
3 2224 2221 2223 
3 2227 2071 2226 
3 2226 2071 2070 
3 2228 2073 2229 
3 2229 2073 2072 
3 2073 2228 2112 
3 2112 2228 2230 
3 2223 2226 2224 
3 2224 2226 2231 
3 2027 2030 2233 
3 2233 2030 2232 
3 2228 2234 2230 
3 2230 2234 2235 
3 2234 2228 2182 
3 2182 2228 2229 
3 1985 2095 1986 
3 1986 2095 2236 
3 2238 2180 2237 
3 2237 2180 2151 
3 2240 2080 2239 
3 2239 2080 2079 
3 1969 1970 2241 
3 2241 1970 2235 
3 1924 2112 1922 
3 1922 2112 2230 
3 1927 2110 1926 
3 1926 2110 2109 
3 2102 2110 1930 
3 1930 2110 1927 
3 1930 2242 2102 
3 2102 2242 2103 
3 2104 2103 2243 
3 2243 2103 2242 
3 2108 2147 1979 
3 1979 2147 1938 
3 2106 2108 1943 
3 1943 2108 1979 
3 2208 2206 2244 
3 2244 2206 1945 
3 2241 2208 1969 
3 1969 2208 2244 
3 1970 1922 2235 
3 2235 1922 2230 
3 2112 1924 2109 
3 2109 1924 1926 
3 2146 2027 2245 
3 2245 2027 2233 
3 2057 2246 2058 
3 2058 2246 2247 
3 2249 2248 2116 
3 2116 2248 2113 
3 2253 2250 2252 
3 2252 2250 2251 
3 2090 2093 2254 
3 2254 2093 2014 
3 2255 2254 2013 
3 2013 2254 2014 
3 2143 2257 2144 
3 2144 2257 2256 
3 2043 2122 2160 
3 2160 2122 2130 
3 2044 2043 2163 
3 2163 2043 2160 
3 2164 2118 2163 
3 2163 2118 2044 
3 2118 2164 2119 
3 2119 2164 2258 
3 2119 2258 2260 
3 2260 2258 2259 
3 2261 2124 2204 
3 2204 2124 2123 
3 2263 2177 2262 
3 2262 2177 2179 
3 2092 2091 2265 
3 2265 2091 2264 
3 1991 2266 2267 
3 2183 2227 2223 
3 2223 2227 2226 
3 2140 2048 2268 
3 2268 2048 2047 
3 2166 2156 2167 
3 2167 2156 2128 
3 2139 2074 2140 
3 2140 2074 2048 
3 2269 2198 2270 
3 2270 2198 2214 
3 2268 2271 2140 
3 2140 2271 2141 
3 2101 2089 2025 
3 2025 2089 2088 
3 2027 2146 2028 
3 2028 2146 2145 
3 2111 2110 2098 
3 2098 2110 2102 
3 2147 2108 2059 
3 2059 2108 2060 
3 2037 2040 2273 
3 2273 2040 2272 
3 2135 2260 2274 
3 2274 2260 2259 
3 2275 2131 2137 
3 2137 2131 2056 
3 2138 2055 2268 
3 2268 2055 2271 
3 2198 2269 2277 
3 2277 2269 2276 
3 2186 2029 2187 
3 2187 2029 2028 
3 2039 2038 2126 
3 2126 2038 2123 
3 2082 2063 2278 
3 2278 2063 2194 
3 2137 2056 2138 
3 2138 2056 2055 
3 2247 2246 2276 
3 2276 2246 2277 
3 2174 2062 2175 
3 2175 2062 2061 
3 2208 2241 2209 
3 2209 2241 2279 
3 2030 2280 2232 
3 2232 2280 2281 
3 2220 2282 2218 
3 2218 2282 2215 
3 2218 2217 2219 
3 2219 2217 2157 
3 2280 2217 2281 
3 2281 2217 2216 
3 2156 2166 2157 
3 2157 2166 2219 
3 2262 2127 2263 
3 2263 2127 2222 
3 1994 2119 1995 
3 1995 2119 2260 
3 2212 2210 2221 
3 2221 2210 2223 
3 2067 2283 2220 
3 2220 2283 2282 
3 2260 2135 1995 
3 1995 2135 2134 
3 2240 2257 2080 
3 2080 2257 2143 
3 2241 2235 2279 
3 2279 2235 2234 
3 2040 2146 2272 
3 2272 2146 2245 
3 2087 2031 2284 
3 2284 2031 2035 
3 2237 2151 2285 
3 2285 2151 2076 
3 1958 1972 1959 
3 1959 1972 1936 
3 2226 2070 2231 
3 2231 2070 2069 
3 2243 2286 2104 
3 2104 2286 2105 
3 2147 2148 1938 
3 1938 2148 1935 
3 2206 2106 1945 
3 1945 2106 1943 
3 2120 2026 2284 
3 2284 2026 2087 
3 2253 2252 2249 
3 2249 2252 2248 
3 2285 2076 2008 
3 2008 2076 2005 
3 2086 2287 2085 
3 2085 2287 2288 
3 2271 2289 2141 
3 2141 2289 2222 
3 2127 2130 2142 
3 2142 2130 2122 
3 2174 2152 2290 
3 2290 2152 2155 
3 2293 2277 2292 
3 2292 2277 2291 
3 2142 2122 2139 
3 2139 2122 2074 
3 2168 2179 2261 
3 2261 2179 2274 
3 2133 2135 2179 
3 2179 2135 2274 
3 2273 2283 2037 
3 2037 2283 2067 
3 2165 2181 2125 
3 2125 2181 2126 
3 2093 2092 2097 
3 2097 2092 2020 
3 2097 2020 2098 
3 2098 2020 2111 
3 2092 2265 2020 
3 2020 2265 2017 
3 2287 2251 2288 
3 2288 2251 2250 
3 2221 2225 2150 
3 2150 2225 1996 
3 2218 2219 2220 
3 2220 2219 2205 
3 2136 2138 2047 
3 2047 2138 2268 
3 2217 2280 2157 
3 2157 2280 2158 
3 2190 2189 2154 
3 2154 2189 2155 
3 1750 1582 1964 
3 1964 1582 1973 
3 2025 2088 2026 
3 2026 2088 2087 
3 2280 2030 2158 
3 2158 2030 2029 
3 2089 2101 2148 
3 2148 2101 2105 
3 2148 2105 1935 
3 1935 2105 2286 
3 2292 2153 2293 
3 2293 2153 2152 
3 2020 2019 2111 
3 2291 2277 2294 
3 2294 2277 2246 
3 2283 2295 2282 
3 2282 2295 2296 
3 2283 2273 2295 
3 2295 2273 2297 
3 2298 2297 2272 
3 2272 2297 2273 
3 2298 2272 2299 
3 2299 2272 2245 
3 2282 2296 2215 
3 2215 2296 2300 
3 2215 2300 2216 
3 2216 2300 2301 
3 2301 2302 2216 
3 2216 2302 2281 
3 2304 2303 2296 
3 2296 2303 2300 
3 2306 2307 2305 
3 2305 2307 2308 
3 2310 2306 2309 
3 2309 2306 2305 
3 2306 2311 2307 
3 2307 2311 2312 
3 2315 2311 2314 
3 2314 2311 2313 
3 2312 2311 2316 
3 2316 2311 2315 
3 2317 2312 2304 
3 2304 2312 2316 
3 2306 2310 2311 
3 2311 2310 2313 
3 2318 2319 2321 
3 2321 2319 2320 
3 2321 2310 2318 
3 2318 2310 2309 
3 2307 2312 2308 
3 2308 2312 2317 
3 2308 2317 2297 
3 2297 2317 2295 
3 2308 2297 2322 
3 2322 2297 2298 
3 2305 2308 2323 
3 2323 2308 2322 
3 2324 2309 2323 
3 2323 2309 2305 
3 2304 2296 2317 
3 2317 2296 2295 
3 2318 2309 2325 
3 2325 2309 2324 
3 2323 2326 2324 
3 2324 2326 2327 
3 2324 2327 2325 
3 2325 2327 2328 
3 2326 2329 2327 
3 2327 2329 2330 
3 2329 2326 2332 
3 2332 2326 2331 
3 2333 2328 2330 
3 2330 2328 2327 
3 2323 2322 2326 
3 2326 2322 2331 
3 2322 2298 2331 
3 2331 2298 2299 
3 2325 2334 2318 
3 2318 2334 2319 
3 2304 2316 2335 
3 2335 2316 2315 
3 2314 2336 2315 
3 2315 2336 2335 
3 2304 2335 2303 
3 2303 2335 2337 
3 2336 2338 2335 
3 2335 2338 2337 
3 2336 2314 2340 
3 2340 2314 2339 
3 2245 2233 2299 
3 2299 2233 2341 
3 2232 2281 2342 
3 2342 2281 2302 
3 2342 2341 2232 
3 2232 2341 2233 
3 2341 2342 2332 
3 2332 2342 2343 
3 2332 2343 2329 
3 2329 2343 2344 
3 2342 2302 2343 
3 2343 2302 2345 
3 2341 2332 2299 
3 2299 2332 2331 
3 2346 2345 2301 
3 2301 2345 2302 
3 2346 2301 2303 
3 2303 2301 2300 
3 2347 2346 2337 
3 2337 2346 2303 
3 2347 2348 2346 
3 2346 2348 2345 
3 2347 2349 2348 
3 2348 2349 2350 
3 2343 2345 2344 
3 2344 2345 2348 
3 2351 2344 2350 
3 2350 2344 2348 
3 2337 2338 2347 
3 2347 2338 2349 
3 2349 2338 2352 
3 2352 2338 2353 
3 2355 2356 2354 
3 2354 2356 2352 
3 2350 2349 2356 
3 2356 2349 2352 
3 2334 2354 2353 
3 2353 2354 2352 
3 2353 2340 2334 
3 2334 2340 2319 
3 2338 2336 2353 
3 2353 2336 2340 
3 2329 2344 2330 
3 2330 2344 2351 
3 2355 2333 2351 
3 2351 2333 2330 
3 2350 2356 2351 
3 2351 2356 2355 
3 2354 2328 2355 
3 2355 2328 2333 
3 2328 2354 2325 
3 2325 2354 2334 
3 2310 2321 2313 
3 2313 2321 2320 
3 2320 2319 2339 
3 2339 2319 2340 
3 2320 2339 2313 
3 2313 2339 2314 
3 2124 2259 2125 
3 2125 2259 2258 
3 2129 2128 2159 
3 2159 2128 2156 
3 2187 2162 2186 
3 2186 2162 2161 
3 2162 2187 2165 
3 2165 2187 2181 
3 2167 2262 2168 
3 2168 2262 2179 
3 2186 2161 2159 
3 2159 2161 2129 
3 2274 2259 2261 
3 2261 2259 2124 
3 2167 2128 2262 
3 2262 2128 2127 
3 2261 2204 2168 
3 2168 2204 2169 
3 2125 2258 2165 
3 2165 2258 2164 
3 2359 2360 2358 
3 2358 2360 2357 
3 2364 2361 2363 
3 2363 2361 2362 
3 2361 2365 2362 
3 2362 2365 2366 
3 2369 2370 2368 
3 2368 2370 2367 
3 2058 2247 2372 
3 2372 2247 2371 
3 2374 2364 2373 
3 2373 2364 2363 
3 2378 2375 2377 
3 2377 2375 2376 
3 2379 2380 2289 
3 2289 2380 2222 
3 2381 2263 2380 
3 2380 2263 2222 
3 2382 2383 2385 
3 2385 2383 2384 
3 2373 2363 2386 
3 2386 2363 2370 
3 2372 2379 2058 
3 2058 2379 2289 
3 2377 2359 2378 
3 2378 2359 2387 
3 2388 2358 2386 
3 2386 2358 2373 
3 2389 2366 2385 
3 2385 2366 2390 
3 2394 2391 2393 
3 2393 2391 2392 
3 2385 2390 2382 
3 2382 2390 2395 
3 2396 2390 2365 
3 2365 2390 2366 
3 2389 2367 2366 
3 2366 2367 2362 
3 2357 2360 2398 
3 2398 2360 2397 
3 2374 2357 2399 
3 2399 2357 2398 
3 2367 2389 2368 
3 2368 2389 2400 
3 2382 2375 2383 
3 2383 2375 2371 
3 2358 2357 2373 
3 2373 2357 2374 
3 2361 2364 2402 
3 2402 2364 2401 
3 2387 2359 2388 
3 2388 2359 2358 
3 2363 2362 2370 
3 2370 2362 2367 
3 2360 2403 2397 
3 2397 2403 2404 
3 2396 2405 2394 
3 2394 2405 2391 
3 2394 2393 2395 
3 2395 2393 2376 
3 2404 2403 2392 
3 2392 2403 2393 
3 2395 2376 2382 
3 2382 2376 2375 
3 2365 2406 2396 
3 2396 2406 2405 
3 2364 2374 2401 
3 2401 2374 2399 
3 2270 2400 2269 
3 2269 2400 2384 
3 2365 2361 2406 
3 2406 2361 2402 
3 2381 2386 2369 
3 2369 2386 2370 
3 2394 2395 2396 
3 2396 2395 2390 
3 2393 2403 2376 
3 2376 2403 2377 
3 2403 2360 2377 
3 2377 2360 2359 
3 2406 2407 2405 
3 2405 2407 2408 
3 2409 2407 2402 
3 2402 2407 2406 
3 2402 2401 2409 
3 2409 2401 2410 
3 2401 2399 2410 
3 2410 2399 2411 
3 2405 2408 2391 
3 2391 2408 2412 
3 2391 2412 2392 
3 2392 2412 2413 
3 2414 2404 2413 
3 2413 2404 2392 
3 2415 2412 2416 
3 2416 2412 2408 
3 2420 2417 2419 
3 2419 2417 2418 
3 2419 2421 2420 
3 2420 2421 2422 
3 2419 2423 2421 
3 2421 2423 2424 
3 2427 2423 2426 
3 2426 2423 2425 
3 2424 2423 2428 
3 2428 2423 2427 
3 2425 2423 2418 
3 2418 2423 2419 
3 2429 2430 2417 
3 2417 2430 2418 
3 2424 2431 2421 
3 2421 2431 2422 
3 2407 2409 2431 
3 2431 2409 2422 
3 2422 2409 2432 
3 2432 2409 2410 
3 2420 2422 2433 
3 2433 2422 2432 
3 2434 2417 2433 
3 2433 2417 2420 
3 2416 2431 2428 
3 2428 2431 2424 
3 2416 2408 2431 
3 2431 2408 2407 
3 2435 2429 2434 
3 2434 2429 2417 
3 2433 2436 2434 
3 2434 2436 2437 
3 2434 2437 2435 
3 2435 2437 2438 
3 2436 2439 2437 
3 2437 2439 2440 
3 2439 2436 2442 
3 2442 2436 2441 
3 2437 2440 2438 
3 2438 2440 2443 
3 2436 2433 2441 
3 2441 2433 2432 
3 2432 2410 2441 
3 2441 2410 2411 
3 2435 2444 2429 
3 2429 2444 2445 
3 2429 2445 2430 
3 2430 2445 2446 
3 2416 2428 2447 
3 2447 2428 2427 
3 2426 2448 2427 
3 2427 2448 2447 
3 2416 2447 2415 
3 2415 2447 2449 
3 2447 2448 2449 
3 2449 2448 2450 
3 2426 2451 2448 
3 2448 2451 2452 
3 2446 2445 2451 
3 2451 2445 2452 
3 2399 2398 2411 
3 2411 2398 2453 
3 2404 2414 2397 
3 2397 2414 2454 
3 2454 2453 2397 
3 2397 2453 2398 
3 2453 2454 2442 
3 2442 2454 2455 
3 2439 2442 2456 
3 2456 2442 2455 
3 2454 2414 2455 
3 2455 2414 2457 
3 2453 2442 2411 
3 2411 2442 2441 
3 2414 2413 2457 
3 2457 2413 2458 
3 2458 2413 2415 
3 2415 2413 2412 
3 2458 2415 2459 
3 2459 2415 2449 
3 2459 2460 2458 
3 2458 2460 2457 
3 2461 2462 2459 
3 2459 2462 2460 
3 2455 2457 2456 
3 2456 2457 2460 
3 2456 2460 2463 
3 2463 2460 2462 
3 2459 2449 2461 
3 2461 2449 2450 
3 2465 2464 2450 
3 2450 2464 2461 
3 2468 2464 2467 
3 2467 2464 2466 
3 2464 2468 2461 
3 2461 2468 2462 
3 2465 2444 2464 
3 2464 2444 2466 
3 2445 2444 2452 
3 2452 2444 2465 
3 2448 2452 2450 
3 2450 2452 2465 
3 2439 2456 2440 
3 2440 2456 2463 
3 2467 2443 2463 
3 2463 2443 2440 
3 2467 2463 2468 
3 2468 2463 2462 
3 2466 2438 2467 
3 2467 2438 2443 
3 2438 2466 2435 
3 2435 2466 2444 
3 2418 2430 2425 
3 2425 2430 2446 
3 2446 2451 2425 
3 2425 2451 2426 
3 2368 2178 2369 
3 2369 2178 2177 
3 2372 2371 2378 
3 2378 2371 2375 
3 2379 2387 2380 
3 2380 2387 2388 
3 2380 2388 2381 
3 2381 2388 2386 
3 2383 2276 2384 
3 2384 2276 2269 
3 2379 2372 2387 
3 2387 2372 2378 
3 2178 2368 2270 
3 2270 2368 2400 
3 2383 2371 2276 
3 2276 2371 2247 
3 2400 2389 2384 
3 2384 2389 2385 
3 2369 2177 2381 
3 2381 2177 2263 
3 2214 2133 2270 
3 2270 2133 2178 
3 1999 2214 2004 
3 2004 2214 2198 
3 1999 2004 2000 
3 2000 2004 2003 
3 2000 2003 2213 
3 2213 2003 2199 
3 2469 2470 2472 
3 2472 2470 2471 
3 2476 2473 2475 
3 2475 2473 2474 
3 2477 2478 2473 
3 2473 2478 2474 
3 2482 2479 2481 
3 2481 2479 2480 
3 2484 2476 2483 
3 2483 2476 2475 
3 2488 2485 2487 
3 2487 2485 2486 
3 2490 2057 2489 
3 2489 2057 2132 
3 2491 2246 2490 
3 2490 2246 2057 
3 2495 2492 2494 
3 2494 2492 2493 
3 2483 2475 2496 
3 2496 2475 2482 
3 2487 2471 2488 
3 2488 2471 2497 
3 2498 2470 2496 
3 2496 2470 2483 
3 2499 2478 2495 
3 2495 2478 2500 
3 2501 2502 2504 
3 2504 2502 2503 
3 2495 2500 2492 
3 2492 2500 2505 
3 2478 2477 2500 
3 2500 2477 2506 
3 2474 2478 2479 
3 2479 2478 2499 
3 2508 2469 2507 
3 2507 2469 2472 
3 2484 2469 2509 
3 2509 2469 2508 
3 2510 2480 2499 
3 2499 2480 2479 
3 2492 2485 2493 
3 2493 2485 2511 
3 2484 2483 2469 
3 2469 2483 2470 
3 2473 2476 2513 
3 2513 2476 2512 
3 2497 2471 2498 
3 2498 2471 2470 
3 2475 2474 2482 
3 2482 2474 2479 
3 2472 2514 2507 
3 2507 2514 2515 
3 2506 2516 2504 
3 2504 2516 2501 
3 2503 2486 2504 
3 2504 2486 2505 
3 2514 2503 2515 
3 2515 2503 2502 
3 2485 2492 2486 
3 2486 2492 2505 
3 2506 2477 2516 
3 2516 2477 2517 
3 2476 2484 2512 
3 2512 2484 2509 
3 2510 2494 2292 
3 2292 2494 2153 
3 2513 2517 2473 
3 2473 2517 2477 
3 2491 2496 2481 
3 2481 2496 2482 
3 2504 2505 2506 
3 2506 2505 2500 
3 2503 2514 2486 
3 2486 2514 2487 
3 2487 2514 2471 
3 2471 2514 2472 
3 2517 2518 2516 
3 2516 2518 2519 
3 2517 2513 2518 
3 2518 2513 2520 
3 2513 2512 2520 
3 2520 2512 2521 
3 2512 2509 2521 
3 2521 2509 2522 
3 2516 2519 2501 
3 2501 2519 2523 
3 2501 2523 2502 
3 2502 2523 2524 
3 2515 2502 2525 
3 2525 2502 2524 
3 2527 2526 2519 
3 2519 2526 2523 
3 2531 2528 2530 
3 2530 2528 2529 
3 2533 2531 2532 
3 2532 2531 2530 
3 2530 2534 2532 
3 2532 2534 2535 
3 2538 2534 2537 
3 2537 2534 2536 
3 2535 2534 2539 
3 2539 2534 2538 
3 2536 2534 2529 
3 2529 2534 2530 
3 2541 2529 2540 
3 2540 2529 2528 
3 2532 2535 2533 
3 2533 2535 2542 
3 2533 2542 2520 
3 2520 2542 2518 
3 2533 2520 2543 
3 2543 2520 2521 
3 2531 2533 2544 
3 2544 2533 2543 
3 2544 2545 2531 
3 2531 2545 2528 
3 2535 2539 2542 
3 2542 2539 2527 
3 2527 2519 2542 
3 2542 2519 2518 
3 2540 2528 2546 
3 2546 2528 2545 
3 2547 2548 2544 
3 2544 2548 2545 
3 2546 2545 2549 
3 2549 2545 2548 
3 2548 2547 2551 
3 2551 2547 2550 
3 2547 2552 2550 
3 2550 2552 2553 
3 2549 2548 2554 
3 2554 2548 2551 
3 2544 2543 2547 
3 2547 2543 2552 
3 2543 2521 2552 
3 2552 2521 2522 
3 2555 2556 2546 
3 2546 2556 2540 
3 2540 2556 2541 
3 2541 2556 2557 
3 2538 2558 2539 
3 2539 2558 2527 
3 2558 2538 2559 
3 2559 2538 2537 
3 2527 2558 2526 
3 2526 2558 2560 
3 2560 2558 2561 
3 2561 2558 2559 
3 2559 2537 2563 
3 2563 2537 2562 
3 2557 2556 2562 
3 2562 2556 2563 
3 2509 2508 2522 
3 2522 2508 2564 
3 2507 2515 2565 
3 2565 2515 2525 
3 2565 2564 2507 
3 2507 2564 2508 
3 2564 2565 2553 
3 2553 2565 2566 
3 2553 2566 2550 
3 2550 2566 2567 
3 2565 2525 2566 
3 2566 2525 2568 
3 2564 2553 2522 
3 2522 2553 2552 
3 2525 2524 2568 
3 2568 2524 2569 
3 2569 2524 2526 
3 2526 2524 2523 
3 2570 2569 2560 
3 2560 2569 2526 
3 2570 2571 2569 
3 2569 2571 2568 
3 2572 2573 2570 
3 2570 2573 2571 
3 2566 2568 2567 
3 2567 2568 2571 
3 2567 2571 2574 
3 2574 2571 2573 
3 2570 2560 2572 
3 2572 2560 2561 
3 2576 2575 2561 
3 2561 2575 2572 
3 2575 2577 2579 
3 2579 2577 2578 
3 2575 2579 2572 
3 2572 2579 2573 
3 2575 2576 2577 
3 2577 2576 2555 
3 2576 2563 2555 
3 2555 2563 2556 
3 2563 2576 2559 
3 2559 2576 2561 
3 2550 2567 2551 
3 2551 2567 2574 
3 2578 2554 2574 
3 2574 2554 2551 
3 2578 2574 2579 
3 2579 2574 2573 
3 2578 2577 2554 
3 2554 2577 2549 
3 2549 2577 2546 
3 2546 2577 2555 
3 2529 2541 2536 
3 2536 2541 2557 
3 2557 2562 2536 
3 2536 2562 2537 
3 2481 2480 2294 
3 2294 2480 2291 
3 2580 2511 2488 
3 2488 2511 2485 
3 2498 2490 2497 
3 2497 2490 2489 
3 2490 2498 2491 
3 2491 2498 2496 
3 2154 2153 2493 
3 2493 2153 2494 
3 2580 2488 2489 
3 2489 2488 2497 
3 2480 2510 2291 
3 2291 2510 2292 
3 2493 2511 2154 
3 2154 2511 2190 
3 2494 2510 2495 
3 2495 2510 2499 
3 2246 2491 2294 
3 2294 2491 2481 
3 2583 2584 2582 
3 2582 2584 2581 
3 2588 2585 2587 
3 2587 2585 2586 
3 2585 2589 2586 
3 2586 2589 2590 
3 2594 2591 2593 
3 2593 2591 2592 
3 2595 2596 2598 
3 2598 2596 2597 
3 2600 2588 2599 
3 2599 2588 2587 
3 2601 2602 2604 
3 2604 2602 2603 
3 2606 2607 2605 
3 2605 2607 2608 
3 2609 2189 2607 
3 2607 2189 2608 
3 2610 2611 2613 
3 2613 2611 2612 
3 2599 2587 2614 
3 2614 2587 2594 
3 2598 2597 2605 
3 2605 2597 2606 
3 2604 2603 2615 
3 2615 2603 2583 
3 2582 2599 2616 
3 2616 2599 2614 
3 2617 2590 2613 
3 2613 2590 2618 
3 2622 2619 2621 
3 2621 2619 2620 
3 2613 2618 2610 
3 2610 2618 2623 
3 2624 2618 2589 
3 2589 2618 2590 
3 2617 2591 2590 
3 2590 2591 2586 
3 2581 2584 2626 
3 2626 2584 2625 
3 2600 2581 2627 
3 2627 2581 2626 
3 2591 2617 2592 
3 2592 2617 2628 
3 2601 2596 2610 
3 2610 2596 2611 
3 2582 2581 2599 
3 2599 2581 2600 
3 2629 2630 2588 
3 2588 2630 2585 
3 2615 2583 2616 
3 2616 2583 2582 
3 2587 2586 2594 
3 2594 2586 2591 
3 2584 2631 2625 
3 2625 2631 2632 
3 2624 2633 2622 
3 2622 2633 2619 
3 2621 2602 2622 
3 2622 2602 2623 
3 2620 2632 2621 
3 2621 2632 2631 
3 2610 2623 2601 
3 2601 2623 2602 
3 2589 2634 2624 
3 2624 2634 2633 
3 2588 2600 2629 
3 2629 2600 2627 
3 2193 2628 2194 
3 2194 2628 2612 
3 2630 2634 2585 
3 2585 2634 2589 
3 2609 2614 2593 
3 2593 2614 2594 
3 2622 2623 2624 
3 2624 2623 2618 
3 2631 2603 2621 
3 2621 2603 2602 
3 2584 2583 2631 
3 2631 2583 2603 
3 2634 2635 2633 
3 2633 2635 2636 
3 2634 2630 2635 
3 2635 2630 2637 
3 2630 2629 2637 
3 2637 2629 2638 
3 2638 2629 2639 
3 2639 2629 2627 
3 2633 2636 2619 
3 2619 2636 2640 
3 2619 2640 2620 
3 2620 2640 2641 
3 2641 2642 2620 
3 2620 2642 2632 
3 2640 2636 2643 
3 2643 2636 2644 
3 2648 2645 2647 
3 2647 2645 2646 
3 2650 2648 2649 
3 2649 2648 2647 
3 2647 2651 2649 
3 2649 2651 2652 
3 2651 2653 2655 
3 2655 2653 2654 
3 2652 2651 2656 
3 2656 2651 2655 
3 2647 2646 2651 
3 2651 2646 2653 
3 2646 2645 2658 
3 2658 2645 2657 
3 2649 2652 2650 
3 2650 2652 2659 
3 2650 2659 2637 
3 2637 2659 2635 
3 2650 2637 2660 
3 2660 2637 2638 
3 2648 2650 2661 
3 2661 2650 2660 
3 2662 2645 2661 
3 2661 2645 2648 
3 2659 2652 2644 
3 2644 2652 2656 
3 2644 2636 2659 
3 2659 2636 2635 
3 2663 2657 2662 
3 2662 2657 2645 
3 2664 2665 2661 
3 2661 2665 2662 
3 2663 2662 2666 
3 2666 2662 2665 
3 2665 2664 2668 
3 2668 2664 2667 
3 2664 2669 2667 
3 2667 2669 2670 
3 2666 2665 2671 
3 2671 2665 2668 
3 2661 2660 2664 
3 2664 2660 2669 
3 2660 2638 2669 
3 2669 2638 2639 
3 2672 2673 2663 
3 2663 2673 2657 
3 2657 2673 2658 
3 2658 2673 2674 
3 2655 2675 2656 
3 2656 2675 2644 
3 2655 2654 2675 
3 2675 2654 2676 
3 2675 2677 2644 
3 2644 2677 2643 
3 2677 2675 2678 
3 2678 2675 2676 
3 2680 2676 2679 
3 2679 2676 2654 
3 2674 2673 2679 
3 2679 2673 2680 
3 2627 2626 2639 
3 2639 2626 2681 
3 2682 2625 2642 
3 2642 2625 2632 
3 2681 2626 2682 
3 2682 2626 2625 
3 2670 2681 2683 
3 2683 2681 2682 
3 2667 2670 2684 
3 2684 2670 2683 
3 2682 2642 2683 
3 2683 2642 2685 
3 2681 2670 2639 
3 2639 2670 2669 
3 2686 2685 2641 
3 2641 2685 2642 
3 2641 2640 2686 
3 2686 2640 2643 
3 2686 2643 2687 
3 2687 2643 2677 
3 2687 2688 2686 
3 2686 2688 2685 
3 2689 2690 2687 
3 2687 2690 2688 
3 2683 2685 2684 
3 2684 2685 2688 
3 2684 2688 2691 
3 2691 2688 2690 
3 2687 2677 2689 
3 2689 2677 2678 
3 2693 2692 2678 
3 2678 2692 2689 
3 2692 2694 2696 
3 2696 2694 2695 
3 2692 2696 2689 
3 2689 2696 2690 
3 2692 2693 2694 
3 2694 2693 2672 
3 2693 2680 2672 
3 2672 2680 2673 
3 2678 2676 2693 
3 2693 2676 2680 
3 2684 2691 2667 
3 2667 2691 2668 
3 2695 2671 2691 
3 2691 2671 2668 
3 2696 2695 2690 
3 2690 2695 2691 
3 2694 2666 2695 
3 2695 2666 2671 
3 2666 2694 2663 
3 2663 2694 2672 
3 2646 2658 2653 
3 2653 2658 2674 
3 2674 2679 2653 
3 2653 2679 2654 
3 2593 2592 2155 
3 2155 2592 2290 
3 2596 2601 2597 
3 2597 2601 2604 
3 2615 2616 2606 
3 2606 2616 2607 
3 2607 2616 2609 
3 2609 2616 2614 
3 2697 2611 2595 
3 2595 2611 2596 
3 2597 2604 2606 
3 2606 2604 2615 
3 2592 2628 2290 
3 2290 2628 2193 
3 2628 2617 2612 
3 2612 2617 2613 
3 2593 2155 2609 
3 2609 2155 2189 
3 2085 2698 2009 
3 2009 2698 2699 
3 2266 2700 2115 
3 2115 2700 2701 
3 2115 2701 2116 
3 2116 2701 2702 
3 2704 2253 2703 
3 2703 2253 2249 
3 2010 2705 2266 
3 2266 2705 2700 
3 2288 2706 2085 
3 2085 2706 2698 
3 2009 2699 2010 
3 2010 2699 2705 
3 2707 2706 2250 
3 2250 2706 2288 
3 2249 2116 2703 
3 2703 2116 2702 
3 2704 2707 2253 
3 2253 2707 2250 
3 2707 2708 2706 
3 2706 2708 2709 
3 2707 2704 2708 
3 2708 2704 2710 
3 2704 2703 2710 
3 2710 2703 2711 
3 2703 2702 2711 
3 2711 2702 2712 
3 2706 2709 2698 
3 2698 2709 2713 
3 2698 2713 2699 
3 2699 2713 2714 
3 2699 2714 2705 
3 2705 2714 2715 
3 2713 2709 2716 
3 2716 2709 2717 
3 2721 2718 2720 
3 2720 2718 2719 
3 2720 2722 2721 
3 2721 2722 2723 
3 2725 2722 2724 
3 2724 2722 2720 
3 2725 2724 2727 
3 2727 2724 2726 
3 2728 2724 2719 
3 2719 2724 2720 
3 2719 2729 2728 
3 2728 2729 2730 
3 2729 2719 2731 
3 2731 2719 2718 
3 2723 2722 2732 
3 2732 2722 2725 
3 2723 2732 2710 
3 2710 2732 2708 
3 2711 2733 2710 
3 2710 2733 2723 
3 2733 2734 2723 
3 2723 2734 2721 
3 2718 2721 2735 
3 2735 2721 2734 
3 2725 2727 2732 
3 2732 2727 2717 
3 2717 2709 2732 
3 2732 2709 2708 
3 2731 2718 2736 
3 2736 2718 2735 
3 2737 2738 2734 
3 2734 2738 2735 
3 2738 2739 2735 
3 2735 2739 2736 
3 2741 2738 2740 
3 2740 2738 2737 
3 2743 2740 2742 
3 2742 2740 2737 
3 2741 2744 2738 
3 2738 2744 2739 
3 2742 2737 2733 
3 2733 2737 2734 
3 2733 2711 2742 
3 2742 2711 2712 
3 2746 2731 2745 
3 2745 2731 2736 
3 2731 2746 2729 
3 2729 2746 2730 
3 2726 2747 2727 
3 2727 2747 2717 
3 2747 2726 2749 
3 2749 2726 2748 
3 2747 2750 2717 
3 2717 2750 2716 
3 2749 2751 2747 
3 2747 2751 2750 
3 2749 2748 2753 
3 2753 2748 2752 
3 2753 2752 2746 
3 2746 2752 2730 
3 2726 2724 2748 
3 2748 2724 2728 
3 2748 2728 2752 
3 2752 2728 2730 
3 2701 2754 2702 
3 2702 2754 2712 
3 2755 2700 2715 
3 2715 2700 2705 
3 2700 2755 2701 
3 2701 2755 2754 
3 2754 2755 2743 
3 2743 2755 2756 
3 2740 2743 2757 
3 2757 2743 2756 
3 2758 2756 2715 
3 2715 2756 2755 
3 2754 2743 2712 
3 2712 2743 2742 
3 2759 2758 2714 
3 2714 2758 2715 
3 2713 2716 2714 
3 2714 2716 2759 
3 2750 2760 2716 
3 2716 2760 2759 
3 2758 2759 2761 
3 2761 2759 2760 
3 2762 2763 2760 
3 2760 2763 2761 
3 2761 2757 2758 
3 2758 2757 2756 
3 2757 2761 2764 
3 2764 2761 2763 
3 2751 2762 2750 
3 2750 2762 2760 
3 2762 2751 2765 
3 2765 2751 2766 
3 2767 2768 2765 
3 2765 2768 2769 
3 2765 2769 2762 
3 2762 2769 2763 
3 2745 2767 2766 
3 2766 2767 2765 
3 2746 2745 2753 
3 2753 2745 2766 
3 2751 2749 2766 
3 2766 2749 2753 
3 2741 2740 2764 
3 2764 2740 2757 
3 2768 2744 2764 
3 2764 2744 2741 
3 2763 2769 2764 
3 2764 2769 2768 
3 2767 2739 2768 
3 2768 2739 2744 
3 2739 2767 2736 
3 2736 2767 2745 
3 2213 2199 2211 
3 2211 2199 2200 
3 2200 2201 2211 
3 2211 2201 2184 
3 2191 2190 2580 
3 2580 2190 2511 
3 2058 2289 2055 
3 2055 2289 2271 
3 2277 2293 2198 
3 2198 2293 2173 
3 2290 2193 2174 
3 2174 2193 2062 
3 2489 2132 2580 
3 2580 2132 2191 
3 2132 2131 2191 
3 2191 2131 2188 
3 2137 2054 2275 
3 2275 2054 2053 
3 2082 2278 2083 
3 2083 2278 2770 
3 2770 2278 2598 
3 2598 2278 2595 
3 2605 2771 2598 
3 2598 2771 2770 
3 2771 2772 2770 
3 2770 2772 2083 
3 2772 2773 2083 
3 2083 2773 2084 
3 2143 2081 2774 
3 2774 2081 2084 
3 2077 2774 2773 
3 2773 2774 2084 
3 2775 2078 2773 
3 2773 2078 2077 
3 2773 2772 2775 
3 2775 2772 2776 
3 2772 2771 2776 
3 2776 2771 2777 
3 2189 2188 2608 
3 2608 2188 2777 
3 2180 2778 2051 
3 2051 2778 2052 
3 2077 2080 2774 
3 2774 2080 2143 
3 2174 2173 2152 
3 2152 2173 2293 
3 2777 2188 2275 
3 2275 2188 2131 
3 2777 2771 2608 
3 2608 2771 2605 
3 2611 2697 2612 
3 2612 2697 2194 
3 2595 2278 2697 
3 2697 2278 2194 
3 2053 2776 2275 
3 2275 2776 2777 
3 2776 2053 2775 
3 2775 2053 2052 
3 2078 2775 2778 
3 2778 2775 2052 
3 2180 2079 2778 
3 2778 2079 2078 
3 2239 2079 2238 
3 2238 2079 2180 
3 2121 2255 2013 
3 2006 2075 1981 
3 1981 2075 2041 
3 2007 2006 1984 
3 1984 2006 1981 
3 2265 2264 2096 
3 2096 2264 2094 
3 2075 2049 2041 
3 2041 2049 2046 
3 2041 2046 2042 
3 2042 2046 2045 
3 2042 2045 1992 
3 1992 2045 2117 
3 1992 2117 1993 
3 1993 2117 1994 
3 2011 2010 1991 
3 1991 2010 2266 
3 1996 2011 1993 
3 1993 2011 1991 
3 2011 1996 2012 
3 2012 1996 2225 
3 2224 2086 2225 
3 2225 2086 2012 
3 2287 2086 2231 
3 2231 2086 2224 
3 2251 2287 2069 
3 2069 2287 2231 
3 2252 2251 2024 
3 2024 2251 2069 
3 2252 2024 2248 
3 2248 2024 1987 
3 2267 2266 2114 
3 2114 2266 2115 
3 2095 1983 2236 
3 2236 1983 1990 
3 1983 2095 1984 
3 1984 2095 2094 
3 1984 2094 2007 
3 2007 2094 2264 
3 2007 2264 2008 
3 2008 2264 2091 
3 2008 2091 2285 
3 2285 2091 2090 
3 2285 2090 2237 
3 2237 2090 2254 
3 2237 2254 2238 
3 2238 2254 2255 
3 2238 2255 2239 
3 2239 2255 2121 
3 2239 2121 2240 
3 2240 2121 2120 
3 2265 2096 2017 
3 2017 2096 2021 
3 2021 2023 2017 
3 2017 2023 2018 
3 2072 2018 2071 
3 2071 2018 2023 
3 2229 2072 2227 
3 2227 2072 2071 
3 2182 2229 2183 
3 2183 2229 2227 
3 2257 2240 2284 
3 2284 2240 2120 
3 2256 2257 2035 
3 2035 2257 2284 
3 2256 2192 2144 
3 2144 2192 2176 
3 2036 2195 2192 
3 2192 2195 2172 
3 2035 2036 2256 
3 2256 2036 2192 
3 2195 2036 2065 
3 2065 2036 2034 
3 2066 2033 2107 
3 2107 2033 2060 
3 2203 2066 2207 
3 2207 2066 2107 
3 2202 2203 2209 
3 2209 2203 2207 
3 2185 2202 2279 
3 2279 2202 2209 
3 2182 2185 2234 
3 2234 2185 2279 
3 2248 1987 2113 
3 2113 1987 1986 
3 2113 1986 2114 
3 2114 1986 2236 
3 1990 2267 2236 
3 2236 2267 2114 
3 1990 1989 2267 
3 2267 1989 1991 
3 106 109 2780 
3 2780 109 2779 
3 116 2781 117 
3 117 2781 2782 
3 118 2783 119 
3 119 2783 2784 
3 2786 125 2785 
3 2785 125 124 
3 2788 127 2787 
3 2787 127 126 
3 126 131 2787 
3 2787 131 2789 
3 230 229 2791 
3 2791 229 2790 
3 117 2782 118 
3 118 2782 2783 
3 240 242 2793 
3 2793 242 2792 
3 351 106 2794 
3 2794 106 2780 
3 2795 436 2784 
3 2784 436 119 
3 2779 109 2786 
3 2786 109 125 
3 2797 455 2796 
3 2796 455 454 
3 2798 456 2788 
3 2788 456 127 
3 2781 116 2797 
3 2797 116 455 
3 2796 454 2793 
3 2793 454 240 
3 456 2798 124 
3 124 2798 2785 
3 131 230 2789 
3 2789 230 2791 
3 436 2795 229 
3 229 2795 2790 
3 2787 2789 2788 
3 2788 2789 2791 
3 2784 2783 2800 
3 2800 2783 2799 
3 2802 2786 2801 
3 2801 2786 2785 
3 2791 2790 2804 
3 2804 2790 2803 
3 2783 2782 2799 
3 2799 2782 2805 
3 2806 2795 2800 
3 2800 2795 2784 
3 2786 2802 2779 
3 2779 2802 2807 
3 2809 2798 2808 
3 2808 2798 2788 
3 2801 2785 2809 
3 2809 2785 2798 
3 2790 2795 2803 
3 2803 2795 2806 
3 2788 2791 2808 
3 2808 2791 2804 
3 2793 2810 2796 
3 2796 2810 2811 
3 2803 2809 2804 
3 2804 2809 2808 
3 2806 2801 2803 
3 2803 2801 2809 
3 2800 2802 2806 
3 2806 2802 2801 
3 2807 2802 2799 
3 2799 2802 2800 
3 2813 698 2812 
3 2812 698 697 
3 2779 2807 2780 
3 2780 2807 2814 
3 2797 2815 2781 
3 2781 2815 2816 
3 2794 2780 2817 
3 2817 2780 2814 
3 2796 2811 2797 
3 2797 2811 2815 
3 2782 2781 2805 
3 2805 2781 2816 
3 2814 2807 2805 
3 2805 2807 2799 
3 2793 2792 2810 
3 2810 2792 2818 
3 361 383 200 
3 200 383 173 
3 1776 389 1765 
3 1765 389 199 
3 397 389 1777 
3 1777 389 1776 
3 221 397 360 
3 360 397 1777 
3 628 627 2820 
3 2820 627 2819 
3 627 789 2819 
3 2819 789 1405 
3 1233 1232 1414 
3 1414 1232 793 
3 1311 1406 789 
3 789 1406 1405 
3 1315 2821 1311 
3 1311 2821 1406 
3 1378 1542 1379 
3 1379 1542 2822 
3 1382 1381 1737 
3 1737 1381 1384 
3 1385 1381 790 
3 790 1381 1380 
3 1232 1385 793 
3 793 1385 790 
3 1388 1259 1389 
3 1389 1259 1258 
3 1904 1541 1393 
3 1393 1541 1394 
3 1397 1396 1412 
3 1412 1396 1409 
3 1396 628 1409 
3 1409 628 2820 
3 2822 2821 1379 
3 1379 2821 1315 
3 1378 1377 1394 
3 1394 1377 1391 
3 1397 1382 1398 
3 1398 1382 1737 
3 1233 1388 1234 
3 1234 1388 1387 
3 1392 1390 1393 
3 1393 1390 1389 
3 779 778 1383 
3 1383 778 1380 
3 792 791 787 
3 787 791 1281 
3 1260 1431 1261 
3 1261 1431 1430 
3 1399 1341 1407 
3 1407 1341 1408 
3 1411 1410 1543 
3 1543 1410 1507 
3 1413 792 786 
3 786 792 787 
3 1429 1428 2819 
3 2819 1428 2820 
3 2821 2822 1505 
3 1505 2822 1506 
3 791 778 1281 
3 1281 778 777 
3 1408 1429 1405 
3 1405 1429 2819 
3 1428 1410 2820 
3 2820 1410 1409 
3 1407 1406 1505 
3 1505 1406 2821 
3 1543 780 1411 
3 1411 780 779 
3 1413 1260 1414 
3 1414 1260 1259 
3 923 922 2823 
3 2823 922 1333 
3 1266 2824 1267 
3 1267 2824 2825 
3 2827 2826 1211 
3 1211 2826 768 
3 1266 1265 1189 
3 1189 1265 1491 
3 2829 1488 2828 
3 2828 1488 1487 
3 1327 922 1328 
3 1328 922 921 
3 2831 1484 2830 
3 2830 1484 1483 
3 1485 1484 2832 
3 2832 1484 1481 
3 1489 1488 1492 
3 1492 1488 1323 
3 1489 1265 1490 
3 1490 1265 1264 
3 2836 2833 2835 
3 2835 2833 2834 
3 2838 2826 2837 
3 2837 2826 1249 
3 2840 2839 1490 
3 1490 2839 1487 
3 1267 2825 2841 
3 2841 2825 2842 
3 1495 1494 2844 
3 2844 1494 2843 
3 925 2845 2846 
3 2846 2845 1426 
3 2839 2847 1487 
3 1487 2847 2828 
3 926 2848 921 
3 921 2848 1328 
3 2849 2850 767 
3 767 2850 1212 
3 1264 1267 2851 
3 2851 1267 2841 
3 2851 2840 1264 
3 1264 2840 1490 
3 2853 2854 2852 
3 2852 2854 2855 
3 2854 2856 2855 
3 2855 2856 597 
3 2856 2857 597 
3 597 2857 594 
3 625 594 2858 
3 2858 594 2857 
3 2860 2859 651 
3 651 2859 648 
3 2862 2861 641 
3 641 2861 638 
3 638 2861 704 
3 704 2861 2863 
3 2864 1417 2863 
3 2863 1417 704 
3 1417 2864 2866 
3 2866 2864 2865 
3 2866 1760 1347 
3 1347 1760 1759 
3 1196 1763 1197 
3 1197 1763 2867 
3 1197 2867 610 
3 610 2867 2868 
3 610 2868 611 
3 611 2868 2869 
3 1351 1349 943 
3 943 1349 687 
3 1349 1255 687 
3 687 1255 684 
3 1255 1254 684 
3 684 1254 691 
3 2871 691 2870 
3 2870 691 1254 
3 700 2872 697 
3 697 2872 2812 
3 692 691 1348 
3 1348 691 2871 
3 1574 1573 1743 
3 1743 1573 1695 
3 1577 1576 1617 
3 1617 1576 1752 
3 1608 1607 1593 
3 1593 1607 1728 
3 1611 1610 1629 
3 1629 1610 1724 
3 1625 1624 1606 
3 1606 1624 1603 
3 1623 1702 1624 
3 1624 1702 1911 
3 1912 1911 1701 
3 1701 1911 1702 
3 1701 1752 1912 
3 1912 1752 1576 
3 1577 1914 1568 
3 1568 1914 1597 
3 1915 1914 1614 
3 1614 1914 1615 
3 1573 1915 1695 
3 1695 1915 1614 
3 1916 1574 1744 
3 1744 1574 1743 
3 1608 1916 1564 
3 1564 1916 1744 
3 1610 1607 1724 
3 1724 1607 1567 
3 1611 1917 1612 
3 1612 1917 2873 
3 1606 2873 1625 
3 1625 2873 1917 
3 1562 1561 1612 
3 1612 1561 1609 
3 1570 1569 1549 
3 1549 1569 1546 
3 1580 1579 1575 
3 1575 1579 1572 
3 1595 1594 1555 
3 1555 1594 1552 
3 1580 1595 1581 
3 1581 1595 1555 
3 1569 1598 1546 
3 1546 1598 1550 
3 1601 1600 1913 
3 1913 1600 1730 
3 1605 1604 1688 
3 1688 1604 1685 
3 1691 1598 1742 
3 1742 1598 1597 
3 2873 1606 1722 
3 1722 1606 1605 
3 1594 1729 1552 
3 1552 1729 1726 
3 1604 1600 1685 
3 1685 1600 1599 
3 1570 1601 1571 
3 1571 1601 1913 
3 1691 1579 1692 
3 1692 1579 1578 
3 1722 1562 2873 
3 2873 1562 1612 
3 1729 1561 1726 
3 1726 1561 1560 
3 1548 1547 1741 
3 1741 1547 1948 
3 1547 1551 1948 
3 1948 1551 1693 
3 1554 1553 1588 
3 1588 1553 1953 
3 1558 1557 1578 
3 1578 1557 1692 
3 1584 1583 1563 
3 1563 1583 1560 
3 1554 1587 1555 
3 1555 1587 1581 
3 1591 1590 1602 
3 1602 1590 1599 
3 1687 1686 1976 
3 1976 1686 1980 
3 1563 1721 1584 
3 1584 1721 1689 
3 1557 1551 1692 
3 1692 1551 1550 
3 1553 1727 1953 
3 1953 1727 1750 
3 1686 1590 1980 
3 1980 1590 1589 
3 1548 1591 1549 
3 1549 1591 1602 
3 1689 1687 1690 
3 1690 1687 1976 
3 1558 1587 1559 
3 1559 1587 1586 
3 1583 1727 1560 
3 1560 1727 1726 
3 1947 1946 1918 
3 1918 1946 2874 
3 1556 1559 1951 
3 1951 1559 1952 
3 1932 1931 1954 
3 1954 1931 1955 
3 1955 1957 1588 
3 1588 1957 1586 
3 1954 1964 1932 
3 1932 1964 1958 
3 1966 1965 1963 
3 1963 1965 1960 
3 1966 1968 1589 
3 1589 1968 1980 
3 1947 1971 1948 
3 1948 1971 1741 
3 1971 1965 1741 
3 1741 1965 1592 
3 1952 1957 1949 
3 1949 1957 1956 
3 1974 1973 1585 
3 1585 1973 1582 
3 1978 1977 1942 
3 1942 1977 1939 
3 1974 1978 1975 
3 1975 1978 1942 
3 1946 1951 2874 
3 2874 1951 1950 
3 1967 1939 1968 
3 1968 1939 1977 
3 1964 1973 1958 
3 1958 1973 1972 
3 1920 1919 1970 
3 1970 1919 1922 
3 1923 1919 2874 
3 2874 1919 1918 
3 2874 1950 1923 
3 1923 1950 1925 
3 1929 1928 1956 
3 1956 1928 1949 
3 2243 2242 1933 
3 1933 2242 1934 
3 1972 1975 1936 
3 1936 1975 1937 
3 1941 1940 1979 
3 1979 1940 1943 
3 1944 1940 1967 
3 1967 1940 1939 
3 1933 1959 2243 
3 2243 1959 2286 
3 1962 1961 2244 
3 2244 1961 1969 
3 1929 1934 1930 
3 1930 1934 2242 
3 1928 1927 1925 
3 1925 1927 1926 
3 1920 1961 1921 
3 1921 1961 1960 
3 1944 1962 1945 
3 1945 1962 2244 
3 1941 1937 1942 
3 1942 1937 1975 
3 1959 1936 2286 
3 2286 1936 1935 
3 608 607 1237 
3 1237 607 742 
3 743 607 1810 
3 1810 607 606 
3 1303 2875 1304 
3 1304 2875 2876 
3 585 584 1297 
3 1297 584 1298 
3 1299 1298 701 
3 701 1298 584 
3 1300 1299 1427 
3 1427 1299 701 
3 1297 608 585 
3 585 608 1237 
3 2877 2878 1217 
3 1217 2878 2876 
3 1818 1811 2880 
3 2880 1811 2879 
3 2882 1820 2881 
3 2881 1820 1819 
3 620 619 2840 
3 2840 619 2839 
3 794 2841 795 
3 795 2841 2842 
3 2844 2843 894 
3 894 2843 891 
3 619 941 2839 
3 2839 941 2847 
3 2848 926 1201 
3 1201 926 1202 
3 2851 2841 1269 
3 1269 2841 794 
3 1269 620 2851 
3 2851 620 2840 
3 2883 941 1758 
3 1758 941 940 
3 658 928 1426 
3 1426 928 2846 
3 1236 2850 750 
3 750 2850 2849 
3 1215 2884 1216 
3 1216 2884 1753 
3 732 2885 733 
3 733 2885 2886 
3 1814 2887 1815 
3 1815 2887 2888 
3 1815 2888 1244 
3 1244 2888 2889 
3 1245 1824 2890 
3 2890 1824 1823 
3 2891 2892 2894 
3 2894 2892 2893 
3 1831 1850 1832 
3 1832 1850 1853 
3 1875 1883 1831 
3 1831 1883 1850 
3 1875 1442 1883 
3 1883 1442 1440 
3 1440 1442 1441 
3 1441 1442 1445 
3 1441 1445 2895 
3 2895 1445 1506 
3 2896 2822 2897 
3 2897 2822 1542 
3 2897 1542 2898 
3 2898 1542 1541 
3 1541 1904 2898 
3 2898 1904 2899 
3 2900 2899 1258 
3 1258 2899 1904 
3 1261 1430 2901 
3 2901 1430 1903 
3 1901 1903 1433 
3 1433 1903 1430 
3 1901 1433 2902 
3 2902 1433 718 
3 2902 718 2903 
3 2903 718 717 
3 717 1868 2903 
3 2903 1868 1880 
3 1880 1868 1879 
3 1879 1868 755 
3 1879 755 2904 
3 2904 755 754 
3 757 2905 754 
3 754 2905 2904 
3 761 2906 762 
3 762 2906 2907 
3 723 722 2908 
3 2908 722 893 
3 722 795 893 
3 893 795 894 
3 894 795 2844 
3 2844 795 2842 
3 2844 2842 1495 
3 1495 2842 2825 
3 1495 2825 1496 
3 1496 2825 2824 
3 1496 2824 2835 
3 2835 2824 1188 
3 2836 797 890 
3 890 797 796 
3 890 796 887 
3 887 796 801 
3 2909 2910 2912 
3 2912 2910 2911 
3 2913 2914 1782 
3 1782 2914 1779 
3 831 830 2916 
3 2916 830 2915 
3 845 844 2918 
3 2918 844 2917 
3 2919 2915 846 
3 846 2915 830 
3 857 856 2921 
3 2921 856 2920 
3 860 859 2923 
3 2923 859 2922 
3 886 845 2911 
3 2911 845 2918 
3 846 939 2919 
3 2919 939 2924 
3 1203 860 2925 
3 2925 860 2923 
3 844 831 2917 
3 2917 831 2916 
3 1449 1448 2927 
3 2927 1448 2926 
3 2930 888 2929 
3 2929 888 2928 
3 2895 1506 2896 
3 2896 1506 2822 
3 1258 1261 2900 
3 2900 1261 2901 
3 1235 749 2932 
3 2932 749 2931 
3 1834 1235 2933 
3 2933 1235 2932 
3 2937 2934 2936 
3 2936 2934 2935 
3 2941 2938 2940 
3 2940 2938 2939 
3 2943 1841 2942 
3 2942 1841 1840 
3 2943 2944 1841 
3 1841 2944 1859 
3 1858 1859 2945 
3 2945 1859 2944 
3 1889 1888 1855 
3 1855 1888 2946 
3 1855 2946 1856 
3 1856 2946 2947 
3 1828 2948 708 
3 708 2948 2949 
3 2951 729 2950 
3 2950 729 728 
3 1760 2866 2952 
3 2952 2866 2865 
3 1419 1760 2953 
3 2953 1760 2952 
3 741 1419 2954 
3 2954 1419 2953 
3 738 741 2955 
3 2955 741 2954 
3 759 738 2956 
3 2956 738 2955 
3 760 759 2957 
3 2957 759 2956 
3 2957 2958 760 
3 760 2958 2959 
3 2958 2960 2959 
3 2959 2960 2961 
3 2962 2963 1838 
3 1838 2963 1839 
3 2941 1839 2964 
3 2964 1839 2963 
3 2948 2938 2949 
3 2949 2938 2965 
3 2967 2935 2966 
3 2966 2935 2934 
3 2968 2969 735 
3 735 2969 734 
3 2887 1814 2886 
3 2886 1814 733 
3 2886 2881 2887 
3 2887 2881 2880 
3 1818 1819 1816 
3 1816 1819 747 
3 1423 1196 1756 
3 1756 1196 1194 
3 645 1423 646 
3 646 1423 1756 
3 642 645 647 
3 647 645 646 
3 736 642 1270 
3 1270 642 647 
3 764 736 724 
3 724 736 1270 
3 761 764 723 
3 723 764 724 
3 2908 2906 723 
3 723 2906 761 
3 1253 1436 2908 
3 2908 1436 2906 
3 1834 1835 1252 
3 1252 1835 1437 
3 2933 2937 1834 
3 1834 2937 1835 
3 2966 2934 2971 
3 2971 2934 2970 
3 2969 2968 895 
3 895 2968 896 
3 730 733 1813 
3 1813 733 1814 
3 727 1214 895 
3 895 1214 731 
3 2884 1215 732 
3 732 1215 2885 
3 1215 1218 2885 
3 2885 1218 2882 
3 2875 1303 1820 
3 1820 1303 748 
3 1303 1302 748 
3 748 1302 745 
3 1817 2972 1816 
3 1816 2972 1809 
3 746 2973 1817 
3 1817 2973 2972 
3 1302 2973 745 
3 745 2973 746 
3 2977 2974 2976 
3 2976 2974 2975 
3 2899 2900 2978 
3 2978 2900 2975 
3 2979 2980 2981 
3 2981 2980 2978 
3 2983 2982 2979 
3 2979 2982 2980 
3 2897 2982 2896 
3 2896 2982 2984 
3 2984 2985 2987 
3 2987 2985 2986 
3 1438 1441 2987 
3 2987 1441 2895 
3 2901 1903 2976 
3 2976 1903 1902 
3 2988 1889 1854 
3 1854 1889 1855 
3 1358 1889 2989 
3 2989 1889 2988 
3 1355 1358 2990 
3 2990 1358 2989 
3 1892 1858 2991 
3 2991 1858 2945 
3 774 1892 2992 
3 2992 1892 2991 
3 775 774 2993 
3 2993 774 2992 
3 2990 2986 1355 
3 1355 2986 2985 
3 776 775 2977 
3 2977 775 2974 
3 2994 2979 2993 
3 2993 2979 2981 
3 2979 2994 2983 
3 2983 2994 1356 
3 1357 1356 2995 
3 2995 1356 2994 
3 1888 1357 2996 
3 2996 1357 2995 
3 2932 2931 2998 
3 2998 2931 2997 
3 2933 2932 2970 
3 2970 2932 2998 
3 2937 2936 1835 
3 1835 2936 1836 
3 2942 1840 2940 
3 2940 1840 1837 
3 2942 2999 2943 
3 2943 2999 3000 
3 3000 3001 2943 
3 2943 3001 2944 
3 2945 2944 3002 
3 3002 2944 3001 
3 2946 1888 3002 
3 3002 1888 2996 
3 2947 2946 3001 
3 3001 2946 3002 
3 2947 3001 3003 
3 3003 3001 3000 
3 3003 3000 3004 
3 3004 3000 2999 
3 3004 2999 3005 
3 3005 2999 2939 
3 2998 3006 2970 
3 2970 3006 2971 
3 2997 2950 2998 
3 2998 2950 3006 
3 3007 2951 2997 
3 2997 2951 2950 
3 2965 2964 2935 
3 2935 2964 2936 
3 2934 2937 2970 
3 2970 2937 2933 
3 2991 2945 2996 
3 2996 2945 3002 
3 2992 2991 2995 
3 2995 2991 2996 
3 2993 2992 2994 
3 2994 2992 2995 
3 2983 1356 2985 
3 2985 1356 1355 
3 2981 2974 2993 
3 2993 2974 775 
3 3008 1898 1842 
3 1842 1898 1843 
3 3009 3008 637 
3 637 3008 1842 
3 3010 3009 636 
3 636 3009 637 
3 3011 3010 1829 
3 1829 3010 636 
3 2893 3011 1832 
3 1832 3011 1829 
3 1832 1853 2893 
3 2893 1853 2894 
3 1887 2894 1852 
3 1852 2894 1853 
3 1891 1884 1856 
3 1856 1884 1857 
3 1873 1897 3008 
3 3008 1897 1898 
3 1864 1873 3009 
3 3009 1873 3008 
3 1861 1864 3010 
3 3010 1864 3009 
3 1881 1861 3011 
3 3011 1861 3010 
3 2892 1881 2893 
3 2893 1881 3011 
3 2888 781 2889 
3 2889 781 1849 
3 1811 1810 2879 
3 2879 1810 782 
3 743 1809 744 
3 744 1809 2972 
3 805 804 2972 
3 2972 804 744 
3 2972 2973 805 
3 805 2973 814 
3 814 2973 811 
3 811 2973 1302 
3 1220 811 1301 
3 1301 811 1302 
3 1306 3012 1301 
3 1301 3012 1220 
3 1633 1632 3013 
3 3013 1632 1733 
3 1636 1635 1648 
3 1648 1635 1645 
3 1641 1640 1656 
3 1656 1640 1653 
3 1683 1635 1735 
3 1735 1635 1638 
3 1698 1697 1712 
3 1712 1697 1715 
3 1705 1704 1720 
3 1720 1704 1717 
3 1640 1708 1653 
3 1653 1708 1652 
3 1698 1713 1622 
3 1622 1713 1619 
3 1739 1713 1681 
3 1681 1713 1711 
3 1746 1745 1670 
3 1670 1745 1667 
3 1749 1748 1649 
3 1649 1748 1751 
3 1749 1649 1708 
3 1708 1649 1652 
3 1745 1632 1667 
3 1667 1632 1631 
3 1748 1636 1751 
3 1751 1636 1648 
3 1641 1739 1642 
3 1642 1739 1681 
3 1683 1633 1684 
3 1684 1633 3013 
3 1746 1704 1747 
3 1747 1704 1703 
3 1705 1697 1706 
3 1706 1697 1696 
3 1620 1738 1621 
3 1621 1738 1700 
3 1647 1646 1565 
3 1565 1646 1566 
3 1651 1650 1694 
3 1694 1650 1663 
3 1655 1654 1616 
3 1616 1654 1613 
3 1659 1658 1706 
3 1706 1658 1703 
3 1662 1661 1733 
3 1733 1661 3013 
3 1664 1650 1751 
3 1751 1650 1649 
3 1655 1666 1656 
3 1656 1666 1740 
3 1654 1651 1613 
3 1613 1651 1694 
3 1646 1725 1566 
3 1566 1725 1723 
3 1662 1732 1627 
3 1627 1732 1644 
3 1661 1725 3013 
3 3013 1725 1684 
3 1666 1620 1740 
3 1740 1620 1619 
3 1664 1647 1665 
3 1665 1647 1565 
3 1900 1658 1736 
3 1736 1658 1657 
3 1910 1660 1909 
3 1909 1660 1659 
3 1909 1621 1910 
3 1910 1621 1700 
3 1900 1732 1747 
3 1747 1732 1731 
3 3003 1891 2947 
3 2947 1891 1856 
3 3004 1890 3003 
3 3003 1890 1891 
3 2948 1828 3005 
3 3005 1828 1827 
3 709 2967 735 
3 735 2967 2966 
3 2971 2968 2966 
3 2966 2968 735 
3 2968 2971 896 
3 896 2971 3006 
3 896 3006 728 
3 728 3006 2950 
3 3015 752 3014 
3 3014 752 751 
3 3017 766 3016 
3 3016 766 765 
3 3020 1248 3019 
3 3019 1248 3018 
3 2914 2913 3018 
3 3018 2913 3019 
3 3022 2913 3021 
3 3021 2913 1782 
3 765 768 2838 
3 2838 768 2826 
3 3020 3023 2837 
3 2837 3023 3024 
3 767 766 2849 
3 2849 766 3025 
3 2849 3025 750 
3 750 3025 751 
3 749 752 2931 
3 2931 752 3026 
3 2997 2931 3007 
3 3007 2931 3026 
3 3027 3028 3007 
3 3007 3028 2951 
3 3028 3029 2951 
3 2951 3029 729 
3 3033 3030 3032 
3 3032 3030 3031 
3 3037 3034 3036 
3 3036 3034 3035 
3 611 2869 3039 
3 3039 2869 3038 
3 3037 3030 3041 
3 3041 3030 3040 
3 3033 1351 3042 
3 3042 1351 943 
3 3043 612 3039 
3 3039 612 611 
3 1421 1424 3043 
3 3043 1424 612 
3 669 668 3041 
3 3041 668 3044 
3 599 598 3042 
3 3042 598 3040 
3 780 1543 770 
3 770 1543 771 
3 769 1865 770 
3 770 1865 1502 
3 770 1502 780 
3 780 1502 777 
3 1906 415 280 
3 280 415 60 
3 3046 3045 102 
3 102 3045 282 
3 3047 75 3048 
3 3048 75 78 
3 3047 1905 75 
3 75 1905 279 
3 3049 3050 333 
3 333 3050 334 
3 415 3051 416 
3 416 3051 3052 
3 433 3053 434 
3 434 3053 3054 
3 1907 418 434 
3 434 418 427 
3 1908 442 419 
3 419 442 292 
3 78 293 3048 
3 3048 293 443 
3 442 3055 443 
3 443 3055 3056 
3 3050 3057 334 
3 334 3057 451 
3 215 214 1331 
3 1331 214 451 
3 307 282 461 
3 461 282 3045 
3 461 3058 333 
3 333 3058 3049 
3 416 3046 61 
3 61 3046 102 
3 312 311 433 
3 433 311 462 
3 572 3059 573 
3 573 3059 3060 
3 3062 1427 3061 
3 3061 1427 1309 
3 1257 3063 1254 
3 1254 3063 2870 
3 931 3064 2852 
3 2852 3064 3065 
3 698 2813 930 
3 930 2813 3066 
3 3067 1300 3062 
3 3062 1300 1427 
3 3061 1309 573 
3 573 1309 570 
3 1331 3068 572 
3 572 3068 3059 
3 1906 1905 3070 
3 3070 1905 3069 
3 1908 1907 3072 
3 3072 1907 3071 
3 3074 2813 3073 
3 3073 2813 2812 
3 2853 3075 1257 
3 1257 3075 3063 
3 3077 2871 3076 
3 3076 2871 2870 
3 3073 2812 3078 
3 3078 2812 2872 
3 3079 1348 3077 
3 3077 1348 2871 
3 2872 700 3067 
3 3067 700 1300 
3 1329 1200 3079 
3 3079 1200 1348 
3 3081 3080 1262 
3 1262 3080 1263 
3 3080 3081 3083 
3 3083 3081 3082 
3 3084 3085 1447 
3 1447 3085 810 
3 807 810 3086 
3 3086 810 3085 
3 3081 832 3082 
3 3082 832 3087 
3 883 3088 884 
3 884 3088 3089 
3 3086 1789 807 
3 807 1789 815 
3 1789 3086 1786 
3 1786 3086 3090 
3 3086 3085 3090 
3 3090 3085 3091 
3 3094 3083 3093 
3 3093 3083 3092 
3 3087 3089 3095 
3 3095 3089 3088 
3 3083 3082 3092 
3 3092 3082 3096 
3 3098 3099 3097 
3 3097 3099 1785 
3 3100 1787 2912 
3 2912 1787 3101 
3 885 884 836 
3 836 884 837 
3 1540 3102 836 
3 836 3102 885 
3 3093 3092 3103 
3 3103 3092 3096 
3 3095 3088 3105 
3 3105 3088 3104 
3 3109 3106 3108 
3 3108 3106 3107 
3 3110 3111 3090 
3 3090 3111 1786 
3 3106 3112 3107 
3 3107 3112 3113 
3 3101 3111 3114 
3 3114 3111 3113 
3 3115 3110 3091 
3 3091 3110 3090 
3 835 834 837 
3 837 834 838 
3 884 3089 837 
3 837 3089 835 
3 3109 3116 1246 
3 1246 3116 3117 
3 1246 3117 1247 
3 1247 3117 3118 
3 1247 3118 3120 
3 3120 3118 3119 
3 3106 3109 843 
3 843 3109 1246 
3 843 842 3106 
3 3106 842 3112 
3 842 3098 3112 
3 3112 3098 3121 
3 1780 3122 3097 
3 3097 3122 3123 
3 2914 2930 1779 
3 1779 2930 2929 
3 3018 3124 2914 
3 2914 3124 2930 
3 1251 2833 3124 
3 3124 2833 889 
3 3124 3018 1251 
3 1251 3018 1248 
3 946 945 907 
3 907 945 906 
3 1184 1187 1368 
3 1368 1187 947 
3 953 956 950 
3 950 956 951 
3 949 952 964 
3 964 952 909 
3 960 959 957 
3 957 959 904 
3 961 948 977 
3 977 948 3125 
3 935 934 966 
3 966 934 967 
3 965 968 992 
3 992 968 993 
3 901 903 970 
3 970 903 971 
3 969 972 984 
3 984 972 982 
3 905 904 973 
3 973 904 959 
3 974 958 980 
3 980 958 976 
3 910 909 1142 
3 1142 909 952 
3 951 956 1141 
3 1141 956 1144 
3 1367 1365 1142 
3 1142 1365 910 
3 1141 1144 1368 
3 1368 1144 1184 
3 1455 965 1518 
3 1518 965 992 
3 1456 949 1453 
3 1453 949 964 
3 1459 1458 898 
3 898 1458 899 
3 1457 1460 990 
3 990 1460 987 
3 1461 1459 962 
3 962 1459 898 
3 1462 969 986 
3 986 969 984 
3 903 905 971 
3 971 905 973 
3 972 974 982 
3 982 974 980 
3 1458 967 899 
3 899 967 934 
3 968 1457 993 
3 993 1457 990 
3 1088 1087 1525 
3 1525 1087 1153 
3 1092 1091 1111 
3 1111 1091 1108 
3 1096 1083 1097 
3 1097 1083 1082 
3 1077 1470 1099 
3 1099 1470 1100 
3 1099 1103 1077 
3 1077 1103 1074 
3 1087 1155 1153 
3 1153 1155 1151 
3 1155 1154 1371 
3 1371 1154 1372 
3 1371 1372 1103 
3 1103 1372 1074 
3 1466 1108 1464 
3 1464 1108 1091 
3 1464 1181 1467 
3 1467 1181 1183 
3 1096 1095 1469 
3 1469 1095 1473 
3 1097 1082 1100 
3 1100 1082 1101 
3 1111 1530 1092 
3 1092 1530 1528 
3 1071 1098 1072 
3 1072 1098 1101 
3 1079 1078 1153 
3 1153 1078 1525 
3 1080 1090 1081 
3 1081 1090 1093 
3 1085 1084 1067 
3 1067 1084 1068 
3 1152 1150 1079 
3 1079 1150 1057 
3 1175 1178 1176 
3 1176 1178 1370 
3 1175 1102 1071 
3 1071 1102 1098 
3 1067 1070 1085 
3 1085 1070 1072 
3 1468 1179 1083 
3 1083 1179 1084 
3 1065 1064 1182 
3 1182 1064 1180 
3 1152 1151 1176 
3 1176 1151 1177 
3 1182 1181 1080 
3 1080 1181 1090 
3 1056 1524 1078 
3 1078 1524 1526 
3 1119 1116 1075 
3 1075 1116 1076 
3 1086 1089 1106 
3 1106 1089 1107 
3 1126 1125 1109 
3 1109 1125 1110 
3 1114 1095 1115 
3 1115 1095 1094 
3 1470 1077 1118 
3 1118 1077 1076 
3 1157 1154 1106 
3 1106 1154 1086 
3 1157 1156 1373 
3 1373 1156 1375 
3 1373 1075 1372 
3 1372 1075 1074 
3 1471 1109 1466 
3 1466 1109 1108 
3 1466 1465 1471 
3 1471 1465 1472 
3 1114 1113 1474 
3 1474 1113 1134 
3 1115 1094 1118 
3 1118 1094 1470 
3 1529 1110 1531 
3 1531 1110 1125 
3 1516 1479 1275 
3 1275 1479 913 
3 1223 1222 3127 
3 3127 1222 3126 
3 932 3128 823 
3 823 3128 1454 
3 1446 3129 1447 
3 1447 3129 3130 
3 1452 1451 3132 
3 3132 1451 3131 
3 1454 1321 1446 
3 1446 1321 3129 
3 3133 3128 1513 
3 1513 3128 932 
3 1480 1479 3134 
3 3134 1479 1160 
3 1498 1223 3135 
3 3135 1223 3127 
3 1516 1452 1161 
3 1161 1452 3132 
3 1222 1534 3126 
3 3126 1534 1514 
3 3094 3084 3130 
3 3130 3084 1447 
3 3085 3084 3091 
3 3091 3084 3136 
3 3091 3136 3115 
3 3115 3136 3137 
3 3109 3108 3116 
3 3116 3108 3138 
3 3117 3116 3139 
3 3139 3116 3104 
3 3118 3117 3140 
3 3140 3117 3139 
3 3118 3140 3119 
3 3119 3140 3141 
3 881 1276 3142 
3 3142 1276 1497 
3 3143 3144 1339 
3 1339 3144 1338 
3 1339 3145 3143 
3 3143 3145 3146 
3 3144 3143 3142 
3 3142 3143 3147 
3 1361 871 900 
3 900 871 870 
3 3143 3146 3147 
3 3147 3146 3148 
3 1207 3149 1208 
3 3097 1785 1780 
3 1780 1785 1781 
3 2910 3122 2928 
3 2928 3122 2929 
3 2916 2915 1790 
3 1790 2915 1793 
3 2918 2917 3100 
3 3100 2917 1792 
3 1795 1793 2919 
3 2919 1793 2915 
3 2921 2920 3151 
3 3151 2920 3150 
3 2923 2922 3153 
3 3153 2922 3152 
3 2918 3100 2911 
3 2911 3100 2912 
3 2919 2924 1795 
3 1795 2924 3154 
3 2925 2923 3155 
3 3155 2923 3153 
3 2917 2916 1792 
3 1792 2916 1790 
3 2927 2926 3157 
3 3157 2926 3156 
3 1779 2929 1780 
3 1780 2929 3122 
3 1189 1188 1266 
3 1266 1188 2824 
3 1250 1249 2827 
3 2827 1249 2826 
3 1488 2829 1323 
3 1323 2829 1324 
3 1334 1333 1327 
3 1327 1333 922 
3 1482 1481 2831 
3 2831 1481 1484 
3 1265 1489 1491 
3 1491 1489 1492 
3 2823 1333 1345 
3 1345 1333 1332 
3 721 798 1491 
3 1491 798 1189 
3 2832 1481 656 
3 656 1481 663 
3 1492 1323 633 
3 633 1323 630 
3 2834 1250 1493 
3 1493 1250 2827 
3 2837 1249 3020 
3 3020 1249 1248 
3 2835 1188 2836 
3 2836 1188 797 
3 841 3158 3099 
3 3099 3158 3159 
3 1787 3100 1788 
3 1788 3100 1792 
3 1791 815 1788 
3 1788 815 1789 
3 816 815 1794 
3 1794 815 1791 
3 937 816 1796 
3 1796 816 1794 
3 1797 1796 3154 
3 3154 1796 1795 
3 1798 1797 3157 
3 3157 1797 3154 
3 1801 1800 3151 
3 3151 1800 3156 
3 3150 3155 1802 
3 1802 3155 1803 
3 3153 3152 1804 
3 1804 3152 1805 
3 1806 1805 3160 
3 3160 1805 3152 
3 3098 842 3099 
3 3099 842 841 
3 1787 1786 3101 
3 3101 1786 3111 
3 3121 3123 3114 
3 3114 3123 2909 
3 3098 3097 3121 
3 3121 3097 3123 
3 3070 3051 1906 
3 1906 3051 415 
3 3162 3045 3161 
3 3161 3045 3046 
3 3163 258 444 
3 444 258 248 
3 460 423 3164 
3 3164 423 424 
3 329 328 409 
3 409 328 407 
3 331 39 330 
3 330 39 38 
3 422 304 463 
3 463 304 303 
3 384 253 457 
3 457 253 391 
3 411 250 414 
3 414 250 249 
3 3165 233 336 
3 336 233 232 
3 3071 1907 3054 
3 3054 1907 434 
3 3072 3055 1908 
3 1908 3055 442 
3 3048 443 3166 
3 3166 443 3056 
3 451 3057 1331 
3 1331 3057 3068 
3 410 345 3165 
3 3165 345 233 
3 3058 461 3162 
3 3162 461 3045 
3 335 259 3163 
3 3163 259 258 
3 3052 3161 416 
3 416 3161 3046 
3 3053 433 3167 
3 3167 433 462 
3 3164 424 829 
3 829 424 453 
3 3169 3062 3168 
3 3168 3062 3061 
3 3170 1533 1353 
3 1353 1533 1354 
3 3067 3062 3171 
3 3171 3062 3169 
3 3168 3061 3060 
3 3060 3061 573 
3 3172 1534 3170 
3 3170 1534 1533 
3 3067 3171 2872 
3 2872 3171 3078 
3 3173 2838 3024 
3 3024 2838 2837 
3 3177 3174 3176 
3 3176 3174 3175 
3 1127 3178 1124 
3 1124 3178 3179 
3 3183 3180 3182 
3 3182 3180 3181 
3 3181 1129 3184 
3 3184 1129 1133 
3 3185 3186 3188 
3 3188 3186 3187 
3 3187 3189 3188 
3 3188 3189 3190 
3 3191 3189 1121 
3 1121 3189 1136 
3 3193 3192 3177 
3 3177 3192 3174 
3 3194 3178 3183 
3 3183 3178 3180 
3 3179 3195 3197 
3 3197 3195 3196 
3 3176 3198 3177 
3 3177 3198 3199 
3 3194 3200 3195 
3 3195 3200 3201 
3 3182 3202 3183 
3 3183 3202 3203 
3 3185 3204 3206 
3 3206 3204 3205 
3 3188 3207 3185 
3 3185 3207 3204 
3 3188 3190 3207 
3 3207 3190 3208 
3 3177 3199 3193 
3 3193 3199 3209 
3 3183 3203 3194 
3 3194 3203 3200 
3 3198 3176 3210 
3 3210 3176 3196 
3 3214 3211 3213 
3 3213 3211 3212 
3 3218 3215 3217 
3 3217 3215 3216 
3 3222 3219 3221 
3 3221 3219 3220 
3 3226 3223 3225 
3 3225 3223 3224 
3 3230 3227 3229 
3 3229 3227 3228 
3 3234 3231 3233 
3 3233 3231 3232 
3 3238 3235 3237 
3 3237 3235 3236 
3 3240 3238 3239 
3 3239 3238 3237 
3 3242 3241 3234 
3 3234 3241 3231 
3 3246 3243 3245 
3 3245 3243 3244 
3 3245 3244 3248 
3 3248 3244 3247 
3 3252 3249 3251 
3 3251 3249 3250 
3 3250 3253 3251 
3 3251 3253 3254 
3 3258 3255 3257 
3 3257 3255 3256 
3 3262 3259 3261 
3 3261 3259 3260 
3 3261 3263 3262 
3 3262 3263 3264 
3 3266 3265 3258 
3 3258 3265 3255 
3 3270 3267 3269 
3 3269 3267 3268 
3 3272 3269 3271 
3 3271 3269 3268 
3 3276 3273 3275 
3 3275 3273 3274 
3 3276 3275 3278 
3 3278 3275 3277 
3 3282 3279 3281 
3 3281 3279 3280 
3 3284 3280 3283 
3 3283 3280 3279 
3 3288 3285 3287 
3 3287 3285 3286 
3 3288 3287 3290 
3 3290 3287 3289 
3 3216 3234 3217 
3 3217 3234 3233 
3 3232 3231 3292 
3 3292 3231 3291 
3 3218 3235 3293 
3 3293 3235 3238 
3 3294 3236 3292 
3 3292 3236 3232 
3 3295 3293 3240 
3 3240 3293 3238 
3 3297 3296 3237 
3 3237 3296 3239 
3 3242 3234 3215 
3 3215 3234 3216 
3 3241 3239 3298 
3 3298 3239 3296 
3 3246 3245 3222 
3 3222 3245 3299 
3 3243 3253 3301 
3 3301 3253 3300 
3 3299 3245 3302 
3 3302 3245 3248 
3 3291 3247 3303 
3 3303 3247 3244 
3 3219 3252 3220 
3 3220 3252 3251 
3 3291 3298 3247 
3 3247 3298 3249 
3 3251 3254 3220 
3 3220 3254 3221 
3 3253 3250 3300 
3 3300 3250 3296 
3 3212 3258 3213 
3 3213 3258 3257 
3 3304 3303 3255 
3 3255 3303 3256 
3 3214 3259 3305 
3 3305 3259 3262 
3 3303 3301 3256 
3 3256 3301 3260 
3 3262 3264 3305 
3 3305 3264 3306 
3 3307 3263 3300 
3 3300 3263 3261 
3 3211 3266 3212 
3 3212 3266 3258 
3 3265 3263 3308 
3 3308 3263 3307 
3 3230 3270 3309 
3 3309 3270 3269 
3 3267 3277 3311 
3 3311 3277 3310 
3 3312 3309 3272 
3 3272 3309 3269 
3 3313 3304 3268 
3 3268 3304 3271 
3 3227 3273 3228 
3 3228 3273 3276 
3 3304 3308 3271 
3 3271 3308 3274 
3 3228 3276 3229 
3 3229 3276 3278 
3 3310 3277 3307 
3 3307 3277 3275 
3 3226 3281 3314 
3 3314 3281 3280 
3 3316 3282 3315 
3 3315 3282 3289 
3 3317 3314 3284 
3 3284 3314 3280 
3 3318 3313 3279 
3 3279 3313 3283 
3 3223 3285 3224 
3 3224 3285 3288 
3 3286 3283 3311 
3 3283 3313 3311 
3 3224 3288 3225 
3 3225 3288 3290 
3 3315 3289 3310 
3 3310 3289 3287 
3 3214 3305 3211 
3 3211 3305 3306 
3 3293 3295 3218 
3 3218 3295 3215 
3 3219 3222 3302 
3 3302 3222 3299 
3 3314 3317 3226 
3 3226 3317 3223 
3 3309 3312 3230 
3 3230 3312 3227 
3 3236 3235 3232 
3 3232 3235 3233 
3 3239 3241 3240 
3 3240 3241 3242 
3 3253 3243 3254 
3 3254 3243 3246 
3 3249 3252 3247 
3 3247 3252 3248 
3 3256 3260 3257 
3 3257 3260 3259 
3 3264 3263 3266 
3 3266 3263 3265 
3 3278 3277 3270 
3 3270 3277 3267 
3 3271 3274 3272 
3 3272 3274 3273 
3 3290 3289 3281 
3 3281 3289 3282 
3 3283 3286 3284 
3 3284 3286 3285 
3 3235 3218 3233 
3 3233 3218 3217 
3 3237 3236 3297 
3 3297 3236 3294 
3 3240 3242 3295 
3 3295 3242 3215 
3 3291 3231 3298 
3 3298 3231 3241 
3 3254 3246 3221 
3 3221 3246 3222 
3 3303 3244 3301 
3 3301 3244 3243 
3 3252 3219 3248 
3 3248 3219 3302 
3 3249 3298 3250 
3 3250 3298 3296 
3 3259 3214 3257 
3 3257 3214 3213 
3 3260 3301 3261 
3 3261 3301 3300 
3 3264 3266 3306 
3 3306 3266 3211 
3 3304 3255 3308 
3 3308 3255 3265 
3 3229 3278 3230 
3 3230 3278 3270 
3 3313 3268 3311 
3 3311 3268 3267 
3 3272 3273 3312 
3 3312 3273 3227 
3 3274 3308 3275 
3 3275 3308 3307 
3 3225 3290 3226 
3 3226 3290 3281 
3 3279 3282 3318 
3 3318 3282 3316 
3 3284 3285 3317 
3 3317 3285 3223 
3 3311 3310 3286 
3 3287 3286 3310 
3 3192 3193 3320 
3 3320 3193 3319 
3 3321 1120 3320 
3 3320 1120 1374 
3 3191 3321 3323 
3 3323 3321 3322 
3 1122 3175 1123 
3 1123 3175 3174 
3 3195 3179 3194 
3 3194 3179 3178 
3 3181 3180 1129 
3 1129 3180 1130 
3 3186 3185 3184 
3 3184 3185 3206 
3 1135 3187 1132 
3 1132 3187 3186 
3 1135 1136 3187 
3 3187 1136 3189 
3 1123 3174 1158 
3 1158 3174 3192 
3 1130 3180 1127 
3 1127 3180 3178 
3 1532 3197 1122 
3 1122 3197 3175 
3 1158 3192 1374 
3 1374 3192 3320 
3 3322 3321 3319 
3 3319 3321 3320 
3 3321 3191 1120 
3 1120 3191 1121 
3 3324 3319 3209 
3 3209 3319 3193 
3 3322 3325 3323 
3 3323 3325 3326 
3 3325 3322 3324 
3 3324 3322 3319 
3 3328 3204 3327 
3 3327 3204 3207 
3 3204 3328 3205 
3 3205 3328 3329 
3 3331 3203 3330 
3 3330 3203 3202 
3 3333 3324 3332 
3 3332 3324 3209 
3 3334 3325 3333 
3 3333 3325 3324 
3 3334 3335 3325 
3 3325 3335 3326 
3 3190 3323 3208 
3 3208 3323 3326 
3 3323 3190 3191 
3 3191 3190 3189 
3 3339 3336 3338 
3 3338 3336 3337 
3 3337 3340 3338 
3 3338 3340 3341 
3 3343 3341 3342 
3 3342 3341 3340 
3 3345 3343 3344 
3 3344 3343 3342 
3 3347 3345 3346 
3 3346 3345 3344 
3 3349 3347 3348 
3 3348 3347 3346 
3 3351 3350 3339 
3 3339 3350 3336 
3 3353 3352 3351 
3 3351 3352 3350 
3 3355 3354 3353 
3 3353 3354 3352 
3 3357 3356 3348 
3 3348 3356 3349 
3 3359 3358 3355 
3 3355 3358 3354 
3 3361 3360 3359 
3 3359 3360 3358 
3 3363 3362 3361 
3 3361 3362 3360 
3 3356 3357 3363 
3 3363 3357 3362 
3 3365 3364 3341 
3 3341 3364 3338 
3 3366 3365 3343 
3 3343 3365 3341 
3 3367 3366 3345 
3 3345 3366 3343 
3 3368 3367 3347 
3 3347 3367 3345 
3 3369 3368 3349 
3 3349 3368 3347 
3 3371 3370 3368 
3 3368 3370 3367 
3 3372 3371 3369 
3 3369 3371 3368 
3 3374 3371 3373 
3 3373 3371 3372 
3 3378 3375 3377 
3 3377 3375 3376 
3 3373 3377 3374 
3 3374 3377 3376 
3 3370 3371 3379 
3 3379 3371 3374 
3 3379 3374 3380 
3 3380 3374 3376 
3 3380 3376 3381 
3 3381 3376 3375 
3 3383 3384 3382 
3 3382 3384 3385 
3 3382 3386 3383 
3 3383 3386 3387 
3 3389 3388 3386 
3 3386 3388 3387 
3 3383 3390 3384 
3 3384 3390 3391 
3 3390 3383 3392 
3 3392 3383 3387 
3 3392 3387 3393 
3 3393 3387 3388 
3 3395 3393 3394 
3 3394 3393 3388 
3 3394 3388 3396 
3 3396 3388 3389 
3 3397 3339 3364 
3 3364 3339 3338 
3 3398 3351 3397 
3 3397 3351 3339 
3 3366 3367 3399 
3 3399 3367 3370 
3 3365 3366 3400 
3 3400 3366 3399 
3 3401 3364 3400 
3 3400 3364 3365 
3 3364 3401 3397 
3 3397 3401 3402 
3 3403 3398 3402 
3 3402 3398 3397 
3 3405 3403 3404 
3 3404 3403 3402 
3 3406 3353 3398 
3 3398 3353 3351 
3 3407 3406 3403 
3 3403 3406 3398 
3 3408 3407 3405 
3 3405 3407 3403 
3 3410 3405 3409 
3 3409 3405 3404 
3 3412 3410 3411 
3 3411 3410 3409 
3 3414 3394 3413 
3 3413 3394 3396 
3 3411 3415 3414 
3 3414 3415 3416 
3 3409 3417 3411 
3 3411 3417 3415 
3 3418 3417 3404 
3 3404 3417 3409 
3 3401 3418 3402 
3 3402 3418 3404 
3 3356 3419 3349 
3 3349 3419 3369 
3 3372 3369 3420 
3 3420 3369 3419 
3 3420 3421 3372 
3 3372 3421 3373 
3 3421 3422 3373 
3 3373 3422 3377 
3 3423 3378 3422 
3 3422 3378 3377 
3 3385 3378 3424 
3 3424 3378 3423 
3 3426 3386 3425 
3 3425 3386 3382 
3 3427 3389 3426 
3 3426 3389 3386 
3 3428 3396 3427 
3 3427 3396 3389 
3 3413 3396 3429 
3 3429 3396 3428 
3 3410 3412 3430 
3 3430 3412 3431 
3 3430 3408 3410 
3 3410 3408 3405 
3 3400 3399 3334 
3 3334 3399 3335 
3 3333 3401 3334 
3 3334 3401 3400 
3 3332 3418 3333 
3 3333 3418 3401 
3 3432 3417 3332 
3 3332 3417 3418 
3 3433 3415 3432 
3 3432 3415 3417 
3 3415 3433 3416 
3 3416 3433 3434 
3 3436 3435 3395 
3 3395 3435 3393 
3 3435 3331 3393 
3 3393 3331 3392 
3 3330 3390 3331 
3 3331 3390 3392 
3 3390 3330 3391 
3 3391 3330 3329 
3 3327 3380 3328 
3 3328 3380 3381 
3 3437 3355 3406 
3 3406 3355 3353 
3 3438 3359 3437 
3 3437 3359 3355 
3 3439 3361 3438 
3 3438 3361 3359 
3 3440 3363 3439 
3 3439 3363 3361 
3 3419 3356 3440 
3 3440 3356 3363 
3 3440 3441 3419 
3 3419 3441 3420 
3 3439 3442 3440 
3 3440 3442 3441 
3 3438 3443 3439 
3 3439 3443 3442 
3 3437 3444 3438 
3 3438 3444 3443 
3 3406 3407 3437 
3 3437 3407 3444 
3 3441 3445 3420 
3 3420 3445 3421 
3 3442 3446 3441 
3 3441 3446 3445 
3 3446 3442 3447 
3 3447 3442 3443 
3 3444 3448 3443 
3 3443 3448 3447 
3 3407 3408 3444 
3 3444 3408 3448 
3 3408 3430 3448 
3 3448 3430 3449 
3 3450 3447 3449 
3 3449 3447 3448 
3 3446 3447 3451 
3 3451 3447 3450 
3 3452 3445 3451 
3 3451 3445 3446 
3 3421 3445 3422 
3 3422 3445 3452 
3 3452 3453 3422 
3 3422 3453 3423 
3 3453 3452 3454 
3 3454 3452 3451 
3 3455 3454 3450 
3 3450 3454 3451 
3 3455 3450 3456 
3 3456 3450 3449 
3 3456 3449 3431 
3 3431 3449 3430 
3 3424 3423 3457 
3 3457 3423 3453 
3 3459 3458 3425 
3 3425 3458 3426 
3 3458 3460 3426 
3 3426 3460 3427 
3 3461 3428 3460 
3 3460 3428 3427 
3 3429 3428 3462 
3 3462 3428 3461 
3 3463 3464 3461 
3 3461 3464 3462 
3 3457 3453 3465 
3 3465 3453 3454 
3 3464 3463 3465 
3 3465 3463 3466 
3 3468 3467 3458 
3 3458 3467 3460 
3 3466 3463 3468 
3 3468 3463 3467 
3 3460 3467 3461 
3 3461 3467 3463 
3 3466 3468 3459 
3 3459 3468 3458 
3 3352 3297 3350 
3 3350 3297 3294 
3 3296 3297 3354 
3 3354 3297 3352 
3 3358 3300 3354 
3 3354 3300 3296 
3 3360 3307 3358 
3 3358 3307 3300 
3 3362 3310 3360 
3 3360 3310 3307 
3 3357 3315 3362 
3 3362 3315 3310 
3 3348 3316 3357 
3 3357 3316 3315 
3 3318 3316 3346 
3 3346 3316 3348 
3 3313 3318 3344 
3 3344 3318 3346 
3 3304 3313 3342 
3 3342 3313 3344 
3 3303 3304 3340 
3 3340 3304 3342 
3 3303 3340 3291 
3 3291 3340 3337 
3 3336 3292 3337 
3 3337 3292 3291 
3 3350 3294 3336 
3 3336 3294 3292 
3 3200 3435 3201 
3 3201 3435 3436 
3 3435 3200 3331 
3 3331 3200 3203 
3 3198 3433 3199 
3 3199 3433 3432 
3 3433 3198 3434 
3 3434 3198 3210 
3 3199 3432 3209 
3 3209 3432 3332 
3 3379 3469 3370 
3 3469 3335 3370 
3 3370 3335 3399 
3 3469 3379 3327 
3 3327 3379 3380 
3 3207 3208 3327 
3 3327 3208 3469 
3 3208 3326 3469 
3 3469 3326 3335 
3 1544 1762 1545 
3 1545 1762 1761 
3 769 772 1545 
3 1545 772 1402 
3 1220 3012 1219 
3 1219 3012 3470 
3 1304 2876 1305 
3 1305 2876 2878 
3 828 827 3470 
3 3470 827 1219 
3 1755 3471 1753 
3 1753 3471 1216 
3 3473 1047 3472 
3 3472 1047 1048 
3 1370 1178 3472 
3 3472 1178 3473 
3 3473 1178 3474 
3 3474 1178 1073 
3 1055 1047 3474 
3 3474 1047 3473 
3 664 1344 665 
3 665 1344 918 
3 665 918 679 
3 679 918 855 
3 857 1448 679 
3 679 1448 678 
3 1366 877 1499 
3 1499 877 876 
3 1365 907 1366 
3 1366 907 877 
3 914 1512 915 
3 915 1512 1511 
3 1368 947 1367 
3 1367 947 946 
3 1019 1043 1020 
3 1020 1043 1046 
3 1019 1018 1048 
3 1048 1018 1369 
3 1172 1029 1173 
3 1173 1029 1032 
3 1186 1463 1187 
3 1187 1463 3125 
3 915 1511 1450 
3 1450 1511 1799 
3 1186 1185 1173 
3 1173 1185 1174 
3 1020 1046 1172 
3 1172 1046 1029 
3 1480 3475 914 
3 914 3475 1512 
3 1482 3476 664 
3 664 3476 1344 
3 876 875 1500 
3 1500 875 1501 
3 1204 1450 1802 
3 1802 1450 1801 
3 2830 3477 2831 
3 2831 3477 3478 
3 2921 2926 857 
3 857 2926 1448 
3 1367 946 1365 
3 1365 946 907 
3 1187 3125 947 
3 947 3125 948 
3 1500 1501 3134 
3 3134 1501 3479 
3 3151 3156 2921 
3 2921 3156 2926 
3 2831 3478 1482 
3 1482 3478 3476 
3 1802 1801 3150 
3 3150 1801 3151 
3 656 663 657 
3 657 663 662 
3 705 938 657 
3 657 938 654 
3 868 1799 869 
3 869 1799 1511 
3 872 875 873 
3 873 875 874 
3 957 904 873 
3 873 904 848 
3 960 945 961 
3 961 945 948 
3 977 3125 978 
3 978 3125 1463 
3 1030 1167 1031 
3 1031 1167 1021 
3 1044 1012 1045 
3 1045 1012 1011 
3 1044 1043 1055 
3 1055 1043 1047 
3 1030 1029 1045 
3 1045 1029 1046 
3 1449 939 705 
3 705 939 938 
3 978 1463 1031 
3 1031 1463 1032 
3 3133 3475 1477 
3 1477 3475 3479 
3 2828 1486 2829 
3 2829 1486 1485 
3 847 1229 872 
3 872 1229 1478 
3 1513 932 869 
3 869 932 866 
3 1798 1800 868 
3 868 1800 1799 
3 2832 1324 1485 
3 1485 1324 2829 
3 2927 2924 1449 
3 1449 2924 939 
3 957 906 960 
3 960 906 945 
3 977 976 961 
3 961 976 958 
3 1513 1512 3133 
3 3133 1512 3475 
3 3157 3154 2927 
3 2927 3154 2924 
3 656 655 2832 
3 2832 655 1324 
3 3157 3156 1798 
3 1798 3156 1800 
3 1055 3474 1054 
3 1054 3474 1073 
3 1048 1369 3472 
3 3472 1369 1370 
3 617 3480 614 
3 614 3480 2883 
3 616 2845 2830 
3 2830 2845 3477 
3 617 616 1483 
3 1483 616 2830 
3 3480 617 1486 
3 1486 617 1483 
3 1486 2828 3480 
3 3480 2828 2847 
3 1161 1160 1516 
3 1516 1160 1479 
3 1321 1454 1322 
3 1322 1454 3128 
3 1322 3128 1477 
3 1477 3128 3133 
3 1515 1514 3172 
3 3172 1514 1534 
3 3084 3094 3136 
3 3136 3094 3093 
3 3136 3093 3137 
3 3137 3093 3103 
3 3105 3104 3138 
3 3138 3104 3116 
3 3127 3126 1140 
3 1140 3126 1137 
3 3080 3130 1263 
3 1263 3130 3129 
3 3132 3131 1225 
3 1225 3131 1226 
3 1321 1228 3129 
3 3129 1228 1263 
3 3134 1160 1500 
3 1500 1160 1159 
3 3135 3127 1475 
3 1475 3127 1140 
3 1161 3132 1162 
3 1162 3132 1225 
3 3126 1514 1137 
3 1137 1514 1362 
3 3083 3094 3080 
3 3080 3094 3130 
3 3139 3104 883 
3 883 3104 3088 
3 3140 3139 882 
3 882 3139 883 
3 3141 3140 3481 
3 3481 3140 882 
3 3134 3479 1480 
3 1480 3479 3475 
3 1477 3479 1478 
3 1478 3479 1501 
3 3167 462 439 
3 713 1879 714 
3 714 1879 2904 
3 730 2969 731 
3 731 2969 895 
3 832 3081 833 
3 833 3081 1262 
3 853 852 1230 
3 1230 852 897 
3 888 2930 889 
3 889 2930 3124 
3 891 2850 892 
3 892 2850 1236 
3 962 898 852 
3 852 898 897 
3 985 988 986 
3 986 988 987 
3 1005 1002 1006 
3 1006 1002 1001 
3 1037 1035 1006 
3 1006 1035 1003 
3 1005 1004 1051 
3 1051 1004 1069 
3 1051 1069 1066 
3 1066 1069 1068 
3 1133 1129 1134 
3 1134 1129 1128 
3 1165 879 1166 
3 1166 879 878 
3 1037 1036 1168 
3 1168 1036 1170 
3 1066 1068 1179 
3 1179 1068 1084 
3 1166 878 1209 
3 1209 878 1208 
3 2884 1214 1753 
3 1753 1214 1213 
3 853 833 854 
3 854 833 1262 
3 1242 1825 1243 
3 1243 1825 707 
3 892 1253 893 
3 893 1253 2908 
3 1359 963 1360 
3 1360 963 1227 
3 2907 2906 1435 
3 1435 2906 1436 
3 2989 1439 2990 
3 2990 1439 1438 
3 963 1359 964 
3 964 1359 1453 
3 1455 950 1456 
3 1456 950 949 
3 1461 970 1462 
3 1462 970 969 
3 985 983 1168 
3 1168 983 1024 
3 1083 1096 1468 
3 1468 1096 1469 
3 1474 1473 1114 
3 1114 1473 1095 
3 1475 1140 1360 
3 1360 1140 1139 
3 1493 2827 1494 
3 1494 2827 1211 
3 1498 1451 1165 
3 1165 1451 879 
3 714 2904 1503 
3 1503 2904 2905 
3 1517 954 1518 
3 1518 954 953 
3 1517 991 1519 
3 1519 991 1025 
3 1520 1042 1519 
3 1519 1042 1028 
3 1520 1039 1521 
3 1521 1039 996 
3 1014 1521 1015 
3 1015 1521 1522 
3 1061 1523 995 
3 995 1523 1522 
3 1059 1523 1056 
3 1056 1523 1524 
3 1093 1527 1081 
3 1081 1527 1526 
3 1528 1088 1527 
3 1527 1088 1525 
3 1529 1107 1530 
3 1530 1107 1089 
3 1125 1124 1531 
3 1531 1124 1532 
3 3482 1754 726 
3 726 1754 1213 
3 1812 706 1813 
3 1813 706 734 
3 1242 1245 1833 
3 1833 1245 2890 
3 1847 1846 1880 
3 1880 1846 2903 
3 1857 1852 1854 
3 1854 1852 1851 
3 1877 1876 2902 
3 2902 1876 1901 
3 1877 2902 1846 
3 1846 2902 2903 
3 1847 713 1848 
3 1848 713 712 
3 2988 1882 2989 
3 2989 1882 1439 
3 1854 1851 2988 
3 2988 1851 1882 
3 1886 2891 1887 
3 1887 2891 2894 
3 1902 1876 776 
3 776 1876 773 
3 2833 1251 2834 
3 2834 1251 1250 
3 1494 1211 2843 
3 2843 1211 1212 
3 2843 1212 891 
3 891 1212 2850 
3 2909 3123 2910 
3 2910 3123 3122 
3 888 887 2928 
3 2928 887 886 
3 1434 2962 1435 
3 1435 2962 2960 
3 1252 1437 1253 
3 1253 1437 1436 
3 1813 734 730 
3 730 734 2969 
3 732 731 2884 
3 2884 731 1214 
3 2976 2975 2901 
3 2901 2975 2900 
3 2978 2975 2981 
3 2981 2975 2974 
3 2978 2980 2899 
3 2899 2980 2898 
3 2982 2897 2980 
3 2980 2897 2898 
3 2982 2983 2984 
3 2984 2983 2985 
3 2987 2895 2984 
3 2984 2895 2896 
3 2987 2986 1438 
3 1438 2986 2990 
3 2976 1902 2977 
3 2977 1902 776 
3 1852 1857 1887 
3 1887 1857 1884 
3 832 835 3087 
3 3087 835 3089 
3 3095 3096 3087 
3 3087 3096 3082 
3 3105 3103 3095 
3 3095 3103 3096 
3 3108 3107 3115 
3 3115 3107 3110 
3 3107 3113 3110 
3 3110 3113 3111 
3 3114 3113 3121 
3 3121 3113 3112 
3 890 889 2836 
3 2836 889 2833 
3 1518 953 1455 
3 1455 953 950 
3 1453 935 1456 
3 1456 935 966 
3 970 1461 901 
3 901 1461 962 
3 986 987 1462 
3 1462 987 1460 
3 1465 1467 1473 
3 1473 1467 1469 
3 1530 1089 1528 
3 1528 1089 1088 
3 1179 1468 1180 
3 1180 1468 1183 
3 1081 1526 1060 
3 1060 1526 1524 
3 1472 1474 1128 
3 1128 1474 1134 
3 1531 1104 1529 
3 1529 1104 1107 
3 3135 3131 1498 
3 1498 3131 1451 
3 3108 3115 3138 
3 3138 3115 3137 
3 2928 886 2910 
3 2910 886 2911 
3 1493 1496 2834 
3 2834 1496 2835 
3 3114 2909 3101 
3 3101 2909 2912 
3 3184 1133 3186 
3 3186 1133 1132 
3 3197 3196 3175 
3 3175 3196 3176 
3 3206 3205 3182 
3 3182 3205 3202 
3 3210 3196 3201 
3 3201 3196 3195 
3 3184 3206 3181 
3 3181 3206 3182 
3 3197 1532 3179 
3 3179 1532 1124 
3 3205 3329 3202 
3 3202 3329 3330 
3 3378 3385 3375 
3 3375 3385 3384 
3 3384 3391 3375 
3 3375 3391 3381 
3 3413 3412 3414 
3 3414 3412 3411 
3 3414 3416 3394 
3 3394 3416 3395 
3 3424 3425 3385 
3 3385 3425 3382 
3 3429 3431 3413 
3 3413 3431 3412 
3 3416 3434 3395 
3 3395 3434 3436 
3 3391 3329 3381 
3 3381 3329 3328 
3 3457 3459 3424 
3 3424 3459 3425 
3 3462 3456 3429 
3 3429 3456 3431 
3 3464 3455 3462 
3 3462 3455 3456 
3 3465 3466 3457 
3 3457 3466 3459 
3 3454 3455 3465 
3 3465 3455 3464 
3 3434 3210 3436 
3 3436 3210 3201 
3 3138 3137 3105 
3 3105 3137 3103 
3 1475 1226 3135 
3 3135 1226 3131 
3 942 686 599 
3 599 686 600 
3 1296 666 624 
3 624 666 595 
3 686 685 600 
3 600 685 652 
3 711 710 783 
3 783 710 1318 
3 711 782 606 
3 606 782 1810 
3 919 916 920 
3 920 916 861 
3 923 3478 924 
3 924 3478 3477 
3 924 3477 925 
3 925 3477 2845 
3 929 928 661 
3 661 928 658 
3 855 920 856 
3 856 920 1203 
3 862 1206 863 
3 863 1206 1205 
3 2875 1218 2876 
3 2876 1218 1217 
3 1295 592 1296 
3 1296 592 666 
3 916 919 1332 
3 1332 919 1345 
3 685 692 652 
3 652 692 929 
3 1276 912 1497 
3 1497 912 1206 
3 591 1535 609 
3 609 1535 710 
3 863 1205 1804 
3 1804 1205 1803 
3 1316 1535 1899 
3 1899 1535 1808 
3 1899 1808 1294 
3 1294 1808 1295 
3 2823 3476 923 
3 923 3476 3478 
3 2846 1202 925 
3 925 1202 926 
3 3032 3031 2858 
3 2858 3031 3483 
3 3471 2877 1216 
3 1216 2877 1217 
3 2880 2879 2887 
3 2887 2879 2888 
3 2885 2882 2886 
3 2886 2882 2881 
3 928 927 2846 
3 2846 927 1202 
3 2925 2920 1203 
3 1203 2920 856 
3 1819 1818 2881 
3 2881 1818 2880 
3 1820 2882 2875 
3 2875 2882 1218 
3 2879 782 2888 
3 2888 782 781 
3 1351 3033 1352 
3 1352 3033 3032 
3 3042 3040 3033 
3 3033 3040 3030 
3 599 3042 942 
3 942 3042 943 
3 3142 1497 3144 
3 3144 1497 1338 
3 3142 3147 881 
3 881 3147 1207 
3 2920 2925 3150 
3 3150 2925 3155 
3 1345 1344 2823 
3 2823 1344 3476 
3 1804 1803 3153 
3 3153 1803 3155 
3 3481 882 3102 
3 3102 882 885 
3 3120 3484 1247 
3 1247 3484 840 
3 2815 2811 2818 
3 2818 2811 2810 
3 2805 2816 2814 
3 2814 2816 2817 
3 2816 2815 2817 
3 2817 2815 2818 
3 2817 2818 2794 
3 2794 2818 2792 
3 2794 2792 351 
3 351 2792 242 
3 351 242 352 
3 352 242 241 
3 352 241 190 
3 190 241 358 
3 190 358 191 
3 191 358 246 
3 191 246 192 
3 192 246 156 
3 192 156 193 
3 193 156 155 
3 193 155 260 
3 260 155 377 
3 377 380 260 
3 260 380 194 
3 194 380 195 
3 195 380 375 
3 195 375 197 
3 197 375 374 
3 196 197 1775 
3 1775 197 374 
3 1775 1766 196 
3 196 1766 273 
3 180 273 198 
3 198 273 1766 
3 562 563 565 
3 565 563 567 
3 567 568 565 
3 565 568 566 
3 577 1770 1772 
3 1772 1770 500 
3 577 1772 578 
3 578 1772 546 
3 3485 469 473 
3 473 469 468 
3 3487 3486 581 
3 581 3486 449 
3 581 582 3487 
3 3487 582 3488 
3 582 583 3488 
3 3488 583 3489 
3 3489 583 3490 
3 3490 583 542 
3 466 465 3485 
3 3485 465 469 
3 3488 3489 502 
3 502 3489 503 
3 3487 3488 3491 
3 3491 3488 502 
3 3491 502 3492 
3 3492 502 501 
3 3492 3493 3491 
3 3491 3493 3494 
3 3491 3494 3487 
3 3487 3494 3486 
3 569 464 1773 
3 1773 464 467 
3 1770 1774 3492 
3 3492 1774 3493 
3 1771 503 3490 
3 3490 503 3489 
3 547 1771 542 
3 542 1771 3490 
3 3485 473 3486 
3 3486 473 449 
3 3485 3486 466 
3 466 3486 3494 
3 466 3494 467 
3 467 3494 3493 
3 1774 1773 3493 
3 3493 1773 467 
3 3492 501 1770 
3 1770 501 500 
3 364 383 365 
3 365 383 526 
3 365 526 523 
3 523 526 521 
3 523 521 533 
3 533 521 520 
3 533 520 534 
3 534 520 529 
3 531 512 485 
3 485 512 507 
3 534 540 531 
3 531 540 512 
3 596 595 667 
3 667 595 666 
3 624 623 1296 
3 1296 623 1293 
3 639 603 640 
3 640 603 602 
3 650 649 1292 
3 1292 649 1289 
3 660 659 690 
3 690 659 1757 
3 669 598 670 
3 670 598 601 
3 660 689 661 
3 661 689 653 
3 2855 597 694 
3 694 597 596 
3 689 670 653 
3 653 670 601 
3 703 675 639 
3 639 675 603 
3 708 707 1828 
3 1828 707 1825 
3 740 739 1283 
3 1283 739 1287 
3 754 753 757 
3 757 753 758 
3 694 931 2855 
3 2855 931 2852 
3 1192 1191 690 
3 690 1191 688 
3 783 1318 1239 
3 1239 1318 1240 
3 1244 1243 1815 
3 1815 1243 1812 
3 739 758 1287 
3 1287 758 753 
3 1240 1317 1241 
3 1241 1317 1893 
3 1417 2866 1346 
3 1346 2866 1347 
3 1346 672 703 
3 703 672 675 
3 1418 740 1286 
3 1286 740 1283 
3 1420 1425 1421 
3 1421 1425 1424 
3 615 614 659 
3 659 614 1757 
3 1191 1190 1420 
3 1420 1190 1425 
3 2961 1838 1503 
3 1503 1838 1504 
3 1192 1758 1193 
3 1193 1758 940 
3 1759 1418 1536 
3 1536 1418 1286 
3 1823 1822 2892 
3 2892 1822 1881 
3 1827 1826 1890 
3 1890 1826 1885 
3 1826 1833 1885 
3 1885 1833 1886 
3 1840 715 1837 
3 1837 715 1504 
3 781 783 1849 
3 1849 783 1239 
3 1863 1862 1241 
3 1241 1862 1238 
3 1872 1863 1893 
3 1893 1863 1241 
3 1862 1822 1238 
3 1238 1822 1821 
3 1317 1316 1894 
3 1894 1316 1899 
3 1896 1872 1895 
3 1895 1872 1893 
3 1290 1895 1291 
3 1291 1895 1894 
3 1896 605 1897 
3 1897 605 604 
3 1257 1256 2853 
3 2853 1256 2854 
3 1256 1350 2854 
3 2854 1350 2856 
3 1350 1352 2856 
3 2856 1352 2857 
3 2858 2857 3032 
3 3032 2857 1352 
3 3036 3035 2860 
3 2860 3035 2859 
3 3038 2869 2862 
3 2862 2869 2861 
3 2861 2869 2863 
3 2863 2869 2868 
3 2863 2868 2864 
3 2864 2868 2867 
3 2864 2867 2865 
3 2865 2867 1763 
3 1347 1759 1198 
3 1198 1759 1536 
3 1758 1757 2883 
3 2883 1757 614 
3 1244 2889 1245 
3 1245 2889 1824 
3 2890 1823 2891 
3 2891 1823 2892 
3 760 2959 757 
3 757 2959 2905 
3 2940 2939 2942 
3 2942 2939 2999 
3 708 2949 709 
3 709 2949 2967 
3 2952 2865 1422 
3 1422 2865 1763 
3 2953 2952 644 
3 644 2952 1422 
3 2954 2953 643 
3 643 2953 644 
3 2955 2954 737 
3 737 2954 643 
3 2956 2955 763 
3 763 2955 737 
3 2957 2956 762 
3 762 2956 763 
3 762 2907 2957 
3 2957 2907 2958 
3 2907 1435 2958 
3 2958 1435 2960 
3 1836 2963 1434 
3 1434 2963 2962 
3 1836 2936 2963 
3 2963 2936 2964 
3 2949 2965 2967 
3 2967 2965 2935 
3 2940 1837 2941 
3 2941 1837 1839 
3 3005 2939 2948 
3 2948 2939 2938 
3 2938 2941 2965 
3 2965 2941 2964 
3 2889 1849 1824 
3 1824 1849 1821 
3 3005 1827 3004 
3 3004 1827 1890 
3 3041 3044 3037 
3 3037 3044 3034 
3 3039 3034 3043 
3 3043 3034 3044 
3 3043 3044 1421 
3 1421 3044 668 
3 3041 3040 669 
3 669 3040 598 
3 930 3066 931 
3 931 3066 3064 
3 3075 2853 3065 
3 3065 2853 2852 
3 3066 3495 3064 
3 3064 3495 3496 
3 3498 3075 3497 
3 3497 3075 3065 
3 1243 707 1812 
3 1812 707 706 
3 2959 2961 2905 
3 2905 2961 1503 
3 1833 2890 1886 
3 1886 2890 2891 
3 1838 2961 2962 
3 2962 2961 2960 
3 624 595 625 
3 625 595 594 
3 2858 3483 625 
3 625 3483 622 
3 602 605 1289 
3 1289 605 1290 
3 640 602 649 
3 649 602 1289 
3 649 648 640 
3 640 648 641 
3 641 648 2862 
3 2862 648 2859 
3 2862 2859 3038 
3 3038 2859 3035 
3 3038 3035 3039 
3 3039 3035 3034 
3 1291 1294 1292 
3 1292 1294 1293 
3 1292 1293 650 
3 650 1293 623 
3 650 623 651 
3 651 623 622 
3 651 622 2860 
3 2860 622 3483 
3 2860 3483 3036 
3 3036 3483 3031 
3 3036 3031 3037 
3 3037 3031 3030 
3 3480 2847 2883 
3 2883 2847 941 
3 615 1426 616 
3 616 1426 2845 
3 3499 3047 3166 
3 3166 3047 3048 
3 1905 3047 3069 
3 3069 3047 3499 
3 3501 3500 1767 
3 1767 3500 1336 
3 3023 3020 3502 
3 3502 3020 3019 
3 2913 3022 3019 
3 3019 3022 3502 
3 3503 859 1769 
3 1769 859 858 
3 3501 1767 3504 
3 3504 1767 1335 
3 3497 3065 3496 
3 3496 3065 3064 
3 2813 3074 3066 
3 3066 3074 3495 
3 3016 765 3173 
3 3173 765 2838 
3 1768 1337 3500 
3 3500 1337 1336 
3 766 3017 3025 
3 3025 3017 3505 
3 3506 3063 3498 
3 3498 3063 3075 
3 726 729 3482 
3 3482 729 3029 
3 3063 3506 2870 
3 2870 3506 3076 
3 3099 3159 1785 
3 1785 3159 1783 
3 3025 3505 751 
3 751 3505 3014 
3 3507 2922 3503 
3 3503 2922 859 
3 752 3015 3026 
3 3026 3015 3508 
3 3026 3508 3007 
3 3007 3508 3027 
3 1781 1784 1782 
3 1782 1784 3021 
3 3160 3152 3507 
3 3507 3152 2922 
3 3149 1207 3148 
3 3148 1207 3147 
3 1326 3509 1327 
3 1327 3509 1334 
3 3509 3504 1334 
3 1334 3504 1335 
3 865 3510 1339 
3 1339 3510 3145 
3 864 1807 865 
3 865 1807 3510 
3 3484 3158 840 
3 840 3158 841 
3 1325 1328 3511 
3 3511 1328 2848 
3 3511 2848 1330 
3 1330 2848 1201 
3 3515 3512 3514 
3 3514 3512 3513 
3 3514 3516 3515 
3 3515 3516 3517 
3 3514 3513 3519 
3 3519 3513 3518 
3 3523 3520 3522 
3 3522 3520 3521 
3 3527 3524 3526 
3 3526 3524 3525 
3 3531 3528 3530 
3 3530 3528 3529 
3 3535 3532 3534 
3 3534 3532 3533 
3 3537 3536 3531 
3 3531 3536 3528 
3 3539 3528 3538 
3 3538 3528 3536 
3 3543 3540 3542 
3 3542 3540 3541 
3 3547 3544 3546 
3 3546 3544 3545 
3 3532 3548 3533 
3 3533 3548 3549 
3 3551 3550 3542 
3 3542 3550 3549 
3 3547 3538 3544 
3 3544 3538 3536 
3 3552 3553 3555 
3 3555 3553 3554 
3 3545 3544 3556 
3 3556 3544 3536 
3 3558 3559 3557 
3 3557 3559 3560 
3 3564 3561 3563 
3 3563 3561 3562 
3 3566 3565 3562 
3 3562 3565 3563 
3 3570 3567 3569 
3 3569 3567 3568 
3 3572 3573 3571 
3 3571 3573 3574 
3 3578 3575 3577 
3 3577 3575 3576 
3 3582 3579 3581 
3 3581 3579 3580 
3 3578 3583 3585 
3 3585 3583 3584 
3 3575 3578 3586 
3 3586 3578 3585 
3 3590 3587 3589 
3 3589 3587 3588 
3 3591 3592 3594 
3 3594 3592 3593 
3 3594 3595 3597 
3 3597 3595 3596 
3 3600 3598 3599 
3 3599 3598 3582 
3 3600 3601 3598 
3 3598 3601 3602 
3 3606 3603 3605 
3 3605 3603 3604 
3 3607 3554 3595 
3 3595 3554 3553 
3 3564 3608 3609 
3 3609 3608 3596 
3 3608 3564 3610 
3 3610 3564 3563 
3 3565 3611 3563 
3 3563 3611 3610 
3 3569 3568 3613 
3 3613 3568 3612 
3 3573 3572 3615 
3 3615 3572 3614 
3 3617 3517 3616 
3 3616 3517 3516 
3 3621 3618 3620 
3 3620 3618 3619 
3 3625 3622 3624 
3 3624 3622 3623 
3 3629 3626 3628 
3 3628 3626 3627 
3 3633 3630 3632 
3 3632 3630 3631 
3 3637 3634 3636 
3 3636 3634 3635 
3 3641 3638 3640 
3 3640 3638 3639 
3 3639 3638 3643 
3 3643 3638 3642 
3 3646 3644 3512 
3 3512 3644 3645 
3 3512 3645 3513 
3 3513 3645 3647 
3 3513 3647 3518 
3 3518 3647 3648 
3 3651 3526 3650 
3 3650 3526 3649 
3 3649 3652 3650 
3 3650 3652 3653 
3 3655 3654 3570 
3 3570 3654 3567 
3 3658 3652 3657 
3 3657 3652 3656 
3 3659 3660 3657 
3 3657 3660 3661 
3 3665 3662 3664 
3 3664 3662 3663 
3 3652 3649 3656 
3 3656 3649 3666 
3 3669 3667 3522 
3 3522 3667 3668 
3 3671 3672 3670 
3 3670 3672 3673 
3 3677 3674 3676 
3 3676 3674 3675 
3 3676 3675 3673 
3 3673 3675 3670 
3 3679 3680 3678 
3 3678 3680 3681 
3 3683 3680 3682 
3 3682 3680 3679 
3 3661 3660 3685 
3 3685 3660 3684 
3 3687 3661 3686 
3 3686 3661 3685 
3 3689 3688 3682 
3 3682 3688 3683 
3 3693 3690 3692 
3 3692 3690 3691 
3 3695 3694 3693 
3 3693 3694 3690 
3 3699 3696 3698 
3 3698 3696 3697 
3 3703 3700 3702 
3 3702 3700 3701 
3 3519 3518 3705 
3 3705 3518 3704 
3 3707 3706 3671 
3 3671 3706 3672 
3 3678 3681 3709 
3 3709 3681 3708 
3 3692 3691 3711 
3 3711 3691 3710 
3 3715 3712 3714 
3 3714 3712 3713 
3 3698 3716 3699 
3 3699 3716 3717 
3 3718 3719 3721 
3 3721 3719 3720 
3 3725 3722 3724 
3 3724 3722 3723 
3 3726 3727 3729 
3 3729 3727 3728 
3 3731 3730 3720 
3 3720 3730 3721 
3 3713 3732 3699 
3 3699 3732 3696 
3 3712 3733 3713 
3 3713 3733 3732 
3 3734 3731 3722 
3 3722 3731 3720 
3 3736 3723 3735 
3 3735 3723 3719 
3 3714 3713 3717 
3 3717 3713 3699 
3 3738 3737 3698 
3 3698 3737 3716 
3 3539 3532 3739 
3 3739 3532 3535 
3 3743 3740 3742 
3 3742 3740 3741 
3 3747 3744 3746 
3 3746 3744 3745 
3 3751 3748 3750 
3 3750 3748 3749 
3 3630 3627 3631 
3 3631 3627 3626 
3 3625 3752 3754 
3 3754 3752 3753 
3 3609 3755 3564 
3 3564 3755 3561 
3 3756 3527 3651 
3 3651 3527 3526 
3 3522 3668 3523 
3 3523 3668 3757 
3 3599 3582 3597 
3 3597 3582 3581 
3 3522 3521 3669 
3 3669 3521 3758 
3 3760 3759 3677 
3 3677 3759 3674 
3 3688 3689 3762 
3 3762 3689 3761 
3 3766 3763 3765 
3 3765 3763 3764 
3 3698 3697 3738 
3 3738 3697 3767 
3 3725 3724 3769 
3 3769 3724 3768 
3 3771 3770 3646 
3 3646 3770 3644 
3 3676 3645 3677 
3 3677 3645 3644 
3 3673 3647 3676 
3 3676 3647 3645 
3 3647 3673 3648 
3 3648 3673 3672 
3 3648 3672 3772 
3 3772 3672 3706 
3 3776 3773 3775 
3 3775 3773 3774 
3 3524 3777 3525 
3 3525 3777 3778 
3 3779 3666 3778 
3 3778 3666 3525 
3 3656 3666 3780 
3 3780 3666 3779 
3 3671 3678 3707 
3 3707 3678 3709 
3 3670 3679 3671 
3 3671 3679 3678 
3 3679 3670 3682 
3 3682 3670 3675 
3 3682 3675 3689 
3 3689 3675 3674 
3 3689 3674 3761 
3 3761 3674 3759 
3 3681 3680 3782 
3 3782 3680 3781 
3 3784 3683 3783 
3 3783 3683 3688 
3 3784 3781 3683 
3 3683 3781 3680 
3 3681 3782 3708 
3 3708 3782 3785 
3 3762 3786 3688 
3 3688 3786 3783 
3 3789 3787 3556 
3 3556 3787 3788 
3 3793 3790 3792 
3 3792 3790 3791 
3 3795 3794 3614 
3 3614 3794 3615 
3 3796 3797 3726 
3 3726 3797 3727 
3 3801 3798 3800 
3 3800 3798 3799 
3 3802 3577 3591 
3 3591 3577 3592 
3 3803 3804 3806 
3 3806 3804 3805 
3 3585 3584 3602 
3 3602 3584 3598 
3 3602 3603 3585 
3 3585 3603 3586 
3 3790 3793 3590 
3 3590 3793 3587 
3 3581 3580 3591 
3 3591 3580 3802 
3 3789 3607 3560 
3 3560 3607 3593 
3 3808 3807 3687 
3 3687 3807 3661 
3 3810 3809 3663 
3 3663 3809 3664 
3 3735 3719 3811 
3 3811 3719 3718 
3 3736 3717 3812 
3 3812 3717 3716 
3 3719 3723 3720 
3 3720 3723 3722 
3 3737 3813 3716 
3 3716 3813 3812 
3 303 302 3815 
3 3815 302 3814 
3 3819 3816 3818 
3 3818 3816 3817 
3 3583 3578 3802 
3 3802 3578 3577 
3 3577 3576 3592 
3 3592 3576 3557 
3 3823 3820 3822 
3 3822 3820 3821 
3 3826 3824 3825 
3 3825 3824 3545 
3 3540 3546 3828 
3 3828 3546 3827 
3 3831 3829 3541 
3 3541 3829 3830 
3 3820 3832 3821 
3 3821 3832 3833 
3 3824 3826 3835 
3 3835 3826 3834 
3 3828 3827 3798 
3 3798 3827 3799 
3 3837 3836 3831 
3 3831 3836 3829 
3 3838 3550 329 
3 329 3550 330 
3 331 3551 332 
3 332 3551 3830 
3 3818 3796 3840 
3 3840 3796 3839 
3 3745 3646 3515 
3 3515 3646 3512 
3 3771 3744 335 
3 335 3744 336 
3 3748 3774 3527 
3 3527 3774 3524 
3 3595 3553 3596 
3 3596 3553 3609 
3 3700 3519 3701 
3 3701 3519 3705 
3 3553 3552 3609 
3 3609 3552 3755 
3 3748 3527 3749 
3 3749 3527 3756 
3 3519 3700 3514 
3 3514 3700 3516 
3 3841 3583 3580 
3 3580 3583 3802 
3 3773 3777 3774 
3 3774 3777 3524 
3 3617 3634 3842 
3 3842 3634 3637 
3 3634 3617 3620 
3 3620 3617 3616 
3 3700 3703 3516 
3 3516 3703 3616 
3 3622 3521 3623 
3 3623 3521 3520 
3 3775 3774 3843 
3 3843 3774 3748 
3 3847 3844 3846 
3 3846 3844 3845 
3 3517 3617 3746 
3 3746 3617 3842 
3 3747 3848 3850 
3 3850 3848 3849 
3 3854 3851 3853 
3 3853 3851 3852 
3 3618 3621 3856 
3 3856 3621 3855 
3 3860 3857 3859 
3 3859 3857 3858 
3 3748 3751 3843 
3 3843 3751 3861 
3 3521 3622 3758 
3 3758 3622 3862 
3 3775 3629 3776 
3 3776 3629 3863 
3 3865 3733 3864 
3 3864 3733 3712 
3 3869 3866 3868 
3 3868 3866 3867 
3 3873 3870 3872 
3 3872 3870 3871 
3 3877 3874 3876 
3 3876 3874 3875 
3 3880 3877 3879 
3 3879 3877 3878 
3 3881 3882 3884 
3 3884 3882 3883 
3 3886 3780 3885 
3 3885 3780 3779 
3 3660 3868 3684 
3 3684 3868 3887 
3 3883 3882 3878 
3 3878 3882 3879 
3 3781 3693 3782 
3 3782 3693 3692 
3 3783 3763 3784 
3 3784 3763 3695 
3 3784 3695 3781 
3 3781 3695 3693 
3 3692 3785 3782 
3 3763 3783 3764 
3 3764 3783 3786 
3 385 384 3764 
3 3764 384 3765 
3 3889 3690 3888 
3 3888 3690 3694 
3 3890 3691 3889 
3 3889 3691 3690 
3 3691 3890 3710 
3 3710 3890 3891 
3 3888 3694 3892 
3 3892 3694 3766 
3 3892 3766 3893 
3 3893 3766 3765 
3 3895 3894 3884 
3 3884 3894 3881 
3 3696 3896 3697 
3 3697 3896 3897 
3 3732 3898 3696 
3 3696 3898 3896 
3 3898 3732 3899 
3 3899 3732 3733 
3 3697 3897 3767 
3 3767 3897 3900 
3 3902 3767 3901 
3 3901 3767 3900 
3 3903 3904 3906 
3 3906 3904 3905 
3 3868 3660 3869 
3 3869 3660 3659 
3 3894 3895 3908 
3 3908 3895 3907 
3 3668 3894 3757 
3 3757 3894 3908 
3 3847 3751 3530 
3 3530 3751 3750 
3 3534 3853 3535 
3 3535 3853 3857 
3 3755 3756 3561 
3 3561 3756 3651 
3 3566 3562 3653 
3 3653 3562 3650 
3 3658 3807 3655 
3 3655 3807 3654 
3 3860 3844 3739 
3 3739 3844 3529 
3 3552 3555 3749 
3 3749 3555 3750 
3 3794 3795 3819 
3 3819 3795 3816 
3 3854 3909 408 
3 408 3909 409 
3 3755 3552 3756 
3 3756 3552 3749 
3 3779 3908 3885 
3 3885 3908 3907 
3 3850 3854 410 
3 410 3854 408 
3 3761 3759 411 
3 411 3759 412 
3 3786 3762 413 
3 413 3762 414 
3 3536 3537 3556 
3 3556 3537 3789 
3 3554 3607 3537 
3 3537 3607 3789 
3 3911 3574 3910 
3 3910 3574 3573 
3 3838 3909 3533 
3 3533 3909 3534 
3 3542 3541 3551 
3 3551 3541 3830 
3 3550 3838 3549 
3 3549 3838 3533 
3 3548 3543 3549 
3 3549 3543 3542 
3 3912 3913 3915 
3 3915 3913 3914 
3 3589 3588 3804 
3 3804 3588 3805 
3 3637 3916 3842 
3 3842 3916 3848 
3 3741 3858 3643 
3 3643 3858 3852 
3 3515 3517 3745 
3 3745 3517 3746 
3 3763 3766 3695 
3 3695 3766 3694 
3 3917 3738 3902 
3 3902 3738 3767 
3 3917 3815 3738 
3 3738 3815 3737 
3 3918 3919 3768 
3 3768 3919 3769 
3 3920 3725 3921 
3 3921 3725 3769 
3 3770 3760 3644 
3 3644 3760 3677 
3 3915 3922 3912 
3 3912 3922 3923 
3 3836 3837 3924 
3 3924 3837 3801 
3 3558 3557 3925 
3 3925 3557 3576 
3 3814 3918 3813 
3 3813 3918 3768 
3 3822 3821 3927 
3 3927 3821 3926 
3 3541 3540 3831 
3 3831 3540 3828 
3 3833 3926 3821 
3 3798 3837 3828 
3 3828 3837 3831 
3 3646 3745 3771 
3 3771 3745 3744 
3 3747 3746 3848 
3 3848 3746 3842 
3 3858 3857 3852 
3 3852 3857 3853 
3 3909 3854 3534 
3 3534 3854 3853 
3 3825 3545 3788 
3 3788 3545 3556 
3 3927 3923 3822 
3 3822 3923 3922 
3 3929 3928 3922 
3 3922 3928 3822 
3 3555 3531 3750 
3 3750 3531 3530 
3 3554 3537 3555 
3 3555 3537 3531 
3 3632 3930 3633 
3 3633 3930 3931 
3 3813 3768 3812 
3 3812 3768 3724 
3 3619 3635 3620 
3 3620 3635 3634 
3 3751 3847 3861 
3 3861 3847 3846 
3 3844 3847 3529 
3 3529 3847 3530 
3 3830 3829 3933 
3 3933 3829 3932 
3 3829 3836 3932 
3 3932 3836 3924 
3 332 3830 439 
3 439 3830 3933 
3 3800 3832 3801 
3 3801 3832 3924 
3 3626 3629 3843 
3 3843 3629 3775 
3 3657 3661 3658 
3 3658 3661 3807 
3 3526 3525 3649 
3 3649 3525 3666 
3 3934 3665 3935 
3 3935 3665 3664 
3 3717 3736 3714 
3 3714 3736 3735 
3 3687 3663 3808 
3 3808 3663 3662 
3 3806 3805 3937 
3 3937 3805 3936 
3 3759 3760 412 
3 412 3760 444 
3 445 3902 446 
3 446 3902 3901 
3 3888 3897 3889 
3 3889 3897 3896 
3 3889 3896 3890 
3 3890 3896 3898 
3 3892 3900 3888 
3 3888 3900 3897 
3 3901 3900 3893 
3 3893 3900 3892 
3 3764 3786 385 
3 385 3786 413 
3 3941 3938 3940 
3 3940 3938 3939 
3 3839 3796 3942 
3 3942 3796 3726 
3 3943 3935 3809 
3 3809 3935 3664 
3 3722 3725 3734 
3 3734 3725 3920 
3 3919 3944 3769 
3 3769 3944 3921 
3 3777 3773 3523 
3 3523 3773 3520 
3 3863 3945 3624 
3 3624 3945 3946 
3 3518 3648 3704 
3 3704 3648 3772 
3 3523 3757 3777 
3 3777 3757 3778 
3 3714 3735 3715 
3 3715 3735 3811 
3 3773 3776 3520 
3 3520 3776 3623 
3 3621 3703 3855 
3 3855 3703 3702 
3 3890 3898 3891 
3 3891 3898 3899 
3 3947 3641 3916 
3 3916 3641 3640 
3 3667 3881 3668 
3 3668 3881 3894 
3 3849 3851 3850 
3 3850 3851 3854 
3 446 3901 457 
3 457 3901 3893 
3 3869 3659 3886 
3 3886 3659 3780 
3 3566 3570 3565 
3 3565 3570 3569 
3 3586 3948 3575 
3 3575 3948 3949 
3 3611 3613 3601 
3 3601 3613 3604 
3 3613 3611 3569 
3 3569 3611 3565 
3 3653 3655 3566 
3 3566 3655 3570 
3 3656 3780 3657 
3 3657 3780 3659 
3 3948 3586 3606 
3 3606 3586 3603 
3 3655 3653 3658 
3 3658 3653 3652 
3 3739 3529 3539 
3 3539 3529 3528 
3 3663 3687 3810 
3 3810 3687 3686 
3 3723 3736 3724 
3 3724 3736 3812 
3 3918 3814 460 
3 460 3814 302 
3 3796 3818 3797 
3 3797 3818 3817 
3 3819 3818 3950 
3 3950 3818 3840 
3 3813 3737 3814 
3 3814 3737 3815 
3 3539 3538 3532 
3 3532 3538 3548 
3 3540 3543 3546 
3 3546 3543 3547 
3 3543 3548 3547 
3 3547 3548 3538 
3 3845 3859 3930 
3 3930 3859 3740 
3 3835 3834 3799 
3 3799 3834 3800 
3 3820 3823 3932 
3 3932 3823 3933 
3 3546 3545 3827 
3 3827 3545 3824 
3 3832 3820 3924 
3 3924 3820 3932 
3 3824 3835 3827 
3 3827 3835 3799 
3 439 3933 3951 
3 3951 3933 3823 
3 3844 3860 3845 
3 3845 3860 3859 
3 3863 3629 3945 
3 3945 3629 3628 
3 3857 3860 3535 
3 3535 3860 3739 
3 3834 3833 3800 
3 3800 3833 3832 
3 3584 3579 3598 
3 3598 3579 3582 
3 3561 3651 3562 
3 3562 3651 3650 
3 3779 3778 3908 
3 3908 3778 3757 
3 3703 3621 3616 
3 3616 3621 3620 
3 3752 3625 3946 
3 3946 3625 3624 
3 3861 3846 3631 
3 3631 3846 3632 
3 3640 3639 3849 
3 3849 3639 3851 
3 3851 3639 3852 
3 3852 3639 3643 
3 3740 3859 3741 
3 3741 3859 3858 
3 3843 3861 3626 
3 3626 3861 3631 
3 3622 3625 3862 
3 3862 3625 3754 
3 3636 3947 3637 
3 3637 3947 3916 
3 3643 3642 3741 
3 3741 3642 3742 
3 3846 3845 3632 
3 3632 3845 3930 
3 3776 3863 3623 
3 3623 3863 3624 
3 3849 3848 3640 
3 3640 3848 3916 
3 3740 3743 3930 
3 3930 3743 3931 
3 463 3917 445 
3 445 3917 3902 
3 3952 3953 3955 
3 3955 3953 3954 
3 3959 3956 3958 
3 3958 3956 3957 
3 3956 3876 3957 
3 3957 3876 3875 
3 3961 3960 3956 
3 3956 3960 3876 
3 3958 3957 3963 
3 3963 3957 3962 
3 3965 3957 3964 
3 3964 3957 3875 
3 3965 3962 3957 
3 3967 3962 3966 
3 3966 3962 3965 
3 3960 3878 3876 
3 3876 3878 3877 
3 3969 3967 3968 
3 3968 3967 3966 
3 3971 3969 3970 
3 3970 3969 3968 
3 3906 3972 3903 
3 3903 3972 3973 
3 3975 3971 3974 
3 3974 3971 3970 
3 3975 3974 3977 
3 3977 3974 3976 
3 3977 3976 3979 
3 3979 3976 3978 
3 3979 3978 3981 
3 3981 3978 3980 
3 3981 3980 3983 
3 3983 3980 3982 
3 3971 3984 3969 
3 3969 3984 3985 
3 3970 3968 3986 
3 3986 3968 3870 
3 3871 3870 3966 
3 3966 3870 3968 
3 3966 3965 3871 
3 3871 3965 3964 
3 3987 3967 3985 
3 3985 3967 3969 
3 3939 3883 3960 
3 3960 3883 3878 
3 3938 3884 3939 
3 3939 3884 3883 
3 3988 3989 3991 
3 3991 3989 3990 
3 3941 3992 3994 
3 3994 3992 3993 
3 3973 3994 3995 
3 3995 3994 3993 
3 3995 3993 3997 
3 3997 3993 3996 
3 3998 3996 3992 
3 3992 3996 3993 
3 3997 3999 3995 
3 3995 3999 4000 
3 4002 4001 3997 
3 3997 4001 3999 
3 3997 3996 4002 
3 4002 3996 4003 
3 3996 3998 4003 
3 4003 3998 4004 
3 3973 3972 3994 
3 3994 3972 4005 
3 3994 4005 3941 
3 3941 4005 3938 
3 3885 3906 3886 
3 3886 3906 3905 
3 3886 3905 3869 
3 3869 3905 3866 
3 3906 3885 3972 
3 3972 3885 3907 
3 4007 3865 4006 
3 4006 3865 3864 
3 4009 4008 3982 
3 3982 4008 3983 
3 3940 3939 3961 
3 3961 3939 3960 
3 3866 4010 3867 
3 3867 4010 4011 
3 4012 3974 3986 
3 3986 3974 3970 
3 3974 4012 3976 
3 3976 4012 4013 
3 3982 4006 4009 
3 4009 4006 4014 
3 3980 4007 3982 
3 3982 4007 4006 
3 3978 4015 3980 
3 3980 4015 4007 
3 4016 3983 4017 
3 4017 3983 4008 
3 3976 4013 3978 
3 3978 4013 4015 
3 4016 4018 3983 
3 3983 4018 3981 
3 4022 4019 4021 
3 4021 4019 4020 
3 4010 4022 4011 
3 4011 4022 4021 
3 3973 4019 3903 
3 3903 4019 4022 
3 4016 4017 4024 
3 4024 4017 4023 
3 4024 4023 4026 
3 4026 4023 4025 
3 4027 4025 4028 
3 4028 4025 4023 
3 4017 4020 4023 
3 4023 4020 4028 
3 4029 4030 4025 
3 4025 4030 4026 
3 4027 4031 4025 
3 4025 4031 4029 
3 4028 4000 4027 
3 4027 4000 3999 
3 4031 4027 4001 
3 4001 4027 3999 
3 4035 4032 4034 
3 4034 4032 4033 
3 4038 4018 4037 
3 4037 4018 4036 
3 4037 4039 4038 
3 4038 4039 4040 
3 4035 4041 4037 
3 4037 4041 4039 
3 4034 4042 4035 
3 4035 4042 4041 
3 3984 4043 4045 
3 4045 4043 4044 
3 4047 4045 4046 
3 4046 4045 4044 
3 4049 4047 4048 
3 4048 4047 4046 
3 4044 4039 4046 
3 4046 4039 4041 
3 4046 4041 4048 
3 4048 4041 4042 
3 4043 4040 4044 
3 4044 4040 4039 
3 3963 4050 3958 
3 3958 4050 4051 
3 4052 4053 4050 
3 4050 4053 4054 
3 3958 4051 3959 
3 3959 4051 3955 
3 4051 4055 3955 
3 3955 4055 3952 
3 4055 4056 3952 
3 3952 4056 4057 
3 4061 4058 4060 
3 4060 4058 4059 
3 4056 4053 4063 
3 4063 4053 4062 
3 4064 4062 4052 
3 4052 4062 4053 
3 4065 4066 4068 
3 4068 4066 4067 
3 4063 4062 4049 
3 4049 4062 4047 
3 4045 4047 4064 
3 4064 4047 4062 
3 4064 3985 4045 
3 4045 3985 3984 
3 4052 3987 4064 
3 4064 3987 3985 
3 4050 3963 4052 
3 4052 3963 3987 
3 4040 4043 3977 
3 3977 4043 3975 
3 4018 4038 3981 
3 3981 4038 3979 
3 3977 3979 4040 
3 4040 3979 4038 
3 3895 4005 3907 
3 3907 4005 3972 
3 4005 3895 3938 
3 3938 3895 3884 
3 4032 4026 4033 
3 4033 4026 4030 
3 4036 4024 4032 
3 4032 4024 4026 
3 4024 4036 4016 
3 4016 4036 4018 
3 3992 3941 4069 
3 4069 3941 3940 
3 3998 3992 4070 
3 4070 3992 4069 
3 3998 4070 4004 
3 4004 4070 4071 
3 4074 4075 4073 
3 4073 4075 4072 
3 4079 4076 4078 
3 4078 4076 4077 
3 4078 4080 4079 
3 4079 4080 4081 
3 4085 4082 4084 
3 4084 4082 4083 
3 4086 4087 4089 
3 4089 4087 4088 
3 4093 4090 4092 
3 4092 4090 4091 
3 4097 4094 4096 
3 4096 4094 4095 
3 4101 4098 4100 
3 4100 4098 4099 
3 4102 4103 4105 
3 4105 4103 4104 
3 4109 4106 4108 
3 4108 4106 4107 
3 4113 4110 4112 
3 4112 4110 4111 
3 4117 4114 4116 
3 4116 4114 4115 
3 4121 4118 4120 
3 4120 4118 4119 
3 4122 4123 4125 
3 4125 4123 4124 
3 4126 4127 4129 
3 4129 4127 4128 
3 4133 4130 4132 
3 4132 4130 4131 
3 4135 4107 4134 
3 4134 4107 4106 
3 4137 4138 4136 
3 4136 4138 4139 
3 4141 4088 4140 
3 4140 4088 4087 
3 4145 4142 4144 
3 4144 4142 4143 
3 4149 4146 4148 
3 4148 4146 4147 
3 4153 4150 4152 
3 4152 4150 4151 
3 4080 4154 4081 
3 4081 4154 4155 
3 4156 4157 4159 
3 4159 4157 4158 
3 4160 4161 4163 
3 4163 4161 4162 
3 4120 4164 4121 
3 4121 4164 4165 
3 4150 4166 4151 
3 4151 4166 4167 
3 4168 4169 4171 
3 4171 4169 4170 
3 4173 4174 4172 
3 4172 4174 4175 
3 4178 4176 4148 
3 4148 4176 4177 
3 4180 4179 4175 
3 4175 4179 4172 
3 4155 4084 4181 
3 4181 4084 4182 
3 4181 4183 4155 
3 4155 4183 4081 
3 4184 4185 4183 
3 4183 4185 4186 
3 4185 4187 4186 
3 4186 4187 4188 
3 4073 4072 4190 
3 4190 4072 4189 
3 4158 4157 4178 
3 4178 4157 4176 
3 4129 4191 4126 
3 4126 4191 4192 
3 4166 4150 4193 
3 4193 4150 4143 
3 4197 4194 4196 
3 4196 4194 4195 
3 4199 4095 4198 
3 4198 4095 4094 
3 4200 4201 4203 
3 4203 4201 4202 
3 4206 4207 4205 
3 4205 4207 4204 
3 4209 4208 4119 
3 4119 4208 4120 
3 4211 4212 4210 
3 4210 4212 4213 
3 4215 4216 4214 
3 4214 4216 4217 
3 4221 4218 4220 
3 4220 4218 4219 
3 4194 4222 4195 
3 4195 4222 4223 
3 4130 4133 4225 
3 4225 4133 4224 
3 4229 4226 4228 
3 4228 4226 4227 
3 4097 4230 4232 
3 4232 4230 4231 
3 4236 4233 4235 
3 4235 4233 4234 
3 4240 4237 4239 
3 4239 4237 4238 
3 4241 4242 4244 
3 4244 4242 4243 
3 4247 4248 4246 
3 4246 4248 4245 
3 4252 4249 4251 
3 4251 4249 4250 
3 4256 4253 4255 
3 4255 4253 4254 
3 4260 4257 4259 
3 4259 4257 4258 
3 4264 4261 4263 
3 4263 4261 4262 
3 4268 4265 4267 
3 4267 4265 4266 
3 4270 4198 4269 
3 4269 4198 4271 
3 4272 4273 4275 
3 4275 4273 4274 
3 4114 4117 4276 
3 4276 4117 4277 
3 4281 4278 4280 
3 4280 4278 4279 
3 4210 4282 4211 
3 4211 4282 4283 
3 4287 4284 4286 
3 4286 4284 4285 
3 4208 4288 4120 
3 4120 4288 4164 
3 4284 4289 4285 
3 4285 4289 4290 
3 4294 4291 4293 
3 4293 4291 4292 
3 4298 4295 4297 
3 4297 4295 4296 
3 4302 4299 4301 
3 4301 4299 4300 
3 4295 4298 4304 
3 4304 4298 4303 
3 4305 4291 4306 
3 4306 4291 4294 
3 4308 4305 4307 
3 4307 4305 4306 
3 4307 4074 4308 
3 4308 4074 4309 
3 4298 4297 4311 
3 4311 4297 4310 
3 4301 4300 4292 
3 4292 4300 4293 
3 4313 4312 3920 
3 3920 4312 3734 
3 3921 4314 3920 
3 3920 4314 4313 
3 4315 3944 828 
3 828 3944 829 
3 4317 4164 4316 
3 4316 4164 4288 
3 4321 4318 4320 
3 4320 4318 4319 
3 4325 4322 4324 
3 4324 4322 4323 
3 4326 4327 4329 
3 4329 4327 4328 
3 4331 4290 4330 
3 4330 4290 4289 
3 4332 4165 4317 
3 4317 4165 4164 
3 4333 4334 4336 
3 4336 4334 4335 
3 4340 4337 4339 
3 4339 4337 4338 
3 4167 4342 4341 
3 4341 4342 4343 
3 4347 4344 4346 
3 4346 4344 4345 
3 4349 4350 4348 
3 4348 4350 4351 
3 4355 4352 4354 
3 4354 4352 4353 
3 4324 4323 4357 
3 4357 4323 4356 
3 4336 4358 4333 
3 4333 4358 4359 
3 4363 4360 4362 
3 4362 4360 4361 
3 4367 4364 4366 
3 4366 4364 4365 
3 4368 4369 4371 
3 4371 4369 4370 
3 4330 4289 4373 
3 4373 4289 4372 
3 4376 4374 4375 
3 4375 4374 4372 
3 4378 4379 4377 
3 4377 4379 4380 
3 4216 4381 4217 
3 4217 4381 4382 
3 4386 4383 4385 
3 4385 4383 4384 
3 4387 4388 4337 
3 4337 4388 4389 
3 4336 4335 4391 
3 4391 4335 4390 
3 4360 4392 4361 
3 4361 4392 4393 
3 4395 4396 4394 
3 4394 4396 4397 
3 4399 4400 4398 
3 4398 4400 4401 
3 4403 4345 4402 
3 4402 4345 4344 
3 4406 4341 4405 
3 4405 4341 4404 
3 4410 4407 4409 
3 4409 4407 4408 
3 4412 4408 4411 
3 4411 4408 4407 
3 4415 4413 4414 
3 4414 4413 4180 
3 4181 4182 4416 
3 4416 4182 4417 
3 4311 4310 4352 
3 4352 4310 4418 
3 4422 4419 4421 
3 4421 4419 4420 
3 4423 4311 4355 
3 4355 4311 4352 
3 4425 4424 4332 
3 4332 4424 4165 
3 4121 4165 4142 
3 4142 4165 4424 
3 4427 4426 4109 
3 4109 4426 4106 
3 4428 4429 4173 
3 4173 4429 4174 
3 4334 4430 4335 
3 4335 4430 4389 
3 4335 4389 4390 
3 4390 4389 4388 
3 4431 4432 4434 
3 4434 4432 4433 
3 4438 4435 4437 
3 4437 4435 4436 
3 4440 4441 4439 
3 4439 4441 4442 
3 4392 4360 4443 
3 4443 4360 4358 
3 4447 4444 4446 
3 4446 4444 4445 
3 4448 4387 4340 
3 4340 4387 4337 
3 4394 4397 4450 
3 4450 4397 4449 
3 4454 4451 4453 
3 4453 4451 4452 
3 4458 4455 4457 
3 4457 4455 4456 
3 4459 4460 4447 
3 4447 4460 4444 
3 4464 4461 4463 
3 4463 4461 4462 
3 4466 4465 4464 
3 4464 4465 4461 
3 4465 4466 4468 
3 4468 4466 4467 
3 4470 4469 4467 
3 4467 4469 4468 
3 4469 4470 4472 
3 4472 4470 4471 
3 4476 4473 4475 
3 4475 4473 4474 
3 4480 4477 4479 
3 4479 4477 4478 
3 4482 4483 4481 
3 4481 4483 4484 
3 4488 4485 4487 
3 4487 4485 4486 
3 4492 4489 4491 
3 4491 4489 4490 
3 4489 4492 4494 
3 4494 4492 4493 
3 4494 4493 4496 
3 4496 4493 4495 
3 4498 4497 4495 
3 4495 4497 4496 
3 4501 4502 4500 
3 4500 4502 4499 
3 4506 4503 4505 
3 4505 4503 4504 
3 4508 4461 4507 
3 4507 4461 4465 
3 4510 4468 4509 
3 4509 4468 4469 
3 4477 4511 4478 
3 4478 4511 4512 
3 4441 4513 4442 
3 4442 4513 4514 
3 4515 4516 4518 
3 4518 4516 4517 
3 4496 4519 4494 
3 4494 4519 4520 
3 4494 4520 4489 
3 4489 4520 4521 
3 4523 4487 4522 
3 4522 4487 4490 
3 4487 4523 4488 
3 4488 4523 4524 
3 4526 4484 4525 
3 4525 4484 4483 
3 4502 4527 4499 
3 4499 4527 4528 
3 4531 4532 4530 
3 4530 4532 4529 
3 4529 4533 4505 
3 4505 4533 4534 
3 4536 4486 4535 
3 4535 4486 4485 
3 4537 4491 4536 
3 4536 4491 4486 
3 4539 4495 4538 
3 4538 4495 4493 
3 4498 4540 4532 
3 4532 4540 4541 
3 4545 4542 4544 
3 4544 4542 4543 
3 4547 4548 4546 
3 4546 4548 4549 
3 4551 4536 4550 
3 4550 4536 4535 
3 4552 4537 4551 
3 4551 4537 4536 
3 4553 4538 4555 
3 4555 4538 4554 
3 4556 4539 4553 
3 4553 4539 4538 
3 4559 4557 4556 
3 4556 4557 4558 
3 4558 4540 4556 
3 4556 4540 4539 
3 4563 4560 4562 
3 4562 4560 4561 
3 4545 4564 4542 
3 4542 4564 4565 
3 4546 4566 4547 
3 4547 4566 4567 
3 4569 4570 4568 
3 4568 4570 4571 
3 4575 4572 4574 
3 4574 4572 4573 
3 4576 4577 4579 
3 4579 4577 4578 
3 4583 4580 4582 
3 4582 4580 4581 
3 4586 4587 4585 
3 4585 4587 4584 
3 4588 4584 4589 
3 4589 4584 4587 
3 4593 4590 4592 
3 4592 4590 4591 
3 4595 4596 4594 
3 4594 4596 4597 
3 4601 4598 4600 
3 4600 4598 4599 
3 4562 4603 4602 
3 4602 4603 4604 
3 4602 4605 4607 
3 4607 4605 4606 
3 4590 4593 4609 
3 4609 4593 4608 
3 4610 4611 4613 
3 4613 4611 4612 
3 4617 4614 4616 
3 4616 4614 4615 
3 4620 4618 4619 
3 4619 4618 4601 
3 4618 4621 4601 
3 4601 4621 4598 
3 4604 4598 4622 
3 4622 4598 4621 
3 4604 4622 4602 
3 4602 4622 4605 
3 4626 4623 4625 
3 4625 4623 4624 
3 4627 4437 4628 
3 4628 4437 4436 
3 4441 4440 4629 
3 4629 4440 4630 
3 4513 4441 4631 
3 4631 4441 4629 
3 4632 4633 4528 
3 4528 4633 4499 
3 4499 4633 4500 
3 4500 4633 4634 
3 4544 4635 4545 
3 4545 4635 4636 
3 4639 4637 4564 
3 4564 4637 4638 
3 4641 4640 4575 
3 4575 4640 4572 
3 4643 4593 4642 
3 4642 4593 4592 
3 4593 4643 4608 
3 4608 4643 4644 
3 4648 4645 4647 
3 4647 4645 4646 
3 4652 4649 4651 
3 4651 4649 4650 
3 4497 4531 4653 
3 4653 4531 4518 
3 4510 4520 4507 
3 4507 4520 4519 
3 4521 4509 4522 
3 4522 4509 4654 
3 4656 4524 4655 
3 4655 4524 4523 
3 4513 4528 4514 
3 4514 4528 4527 
3 4659 4660 4658 
3 4658 4660 4657 
3 4540 4498 4539 
3 4539 4498 4495 
3 4492 4554 4493 
3 4493 4554 4538 
3 4548 4482 4549 
3 4549 4482 4481 
3 4501 4500 4543 
3 4543 4500 4544 
3 4500 4634 4544 
3 4544 4634 4635 
3 4663 4661 4662 
3 4662 4661 4588 
3 4661 4664 4557 
3 4557 4664 4558 
3 4568 4585 4569 
3 4569 4585 4559 
3 4666 4552 4665 
3 4665 4552 4551 
3 4665 4669 4668 
3 4668 4669 4667 
3 4673 4670 4672 
3 4672 4670 4671 
3 4675 4287 4674 
3 4674 4287 4286 
3 4679 4676 4678 
3 4678 4676 4677 
3 4680 4677 4681 
3 4681 4677 4676 
3 4681 4682 4680 
3 4680 4682 4683 
3 4685 4684 4163 
3 4163 4684 4160 
3 4413 4686 4688 
3 4688 4686 4687 
3 4346 4345 4689 
3 4689 4345 4404 
3 4691 4692 4398 
3 4398 4692 4690 
3 4364 1208 4365 
3 4365 1208 4693 
3 1209 4650 1210 
3 1210 4650 4649 
3 4255 4254 4695 
3 4695 4254 4694 
3 4696 4697 4217 
3 4217 4697 4214 
3 4699 4700 4698 
3 4698 4700 4701 
3 4299 4302 4703 
3 4703 4302 4702 
3 4314 3921 4315 
3 4315 3921 3944 
3 4706 4704 4705 
3 4705 4704 4652 
3 4710 4707 4709 
3 4709 4707 4708 
3 4334 4333 4712 
3 4712 4333 4711 
3 4321 4320 4339 
3 4339 4320 4713 
3 4717 4714 4716 
3 4716 4714 4715 
3 4719 4718 4240 
3 4240 4718 4237 
3 4230 4720 4306 
3 4306 4720 4307 
3 4724 4721 4723 
3 4723 4721 4722 
3 4728 4725 4727 
3 4727 4725 4726 
3 4327 4326 4730 
3 4730 4326 4729 
3 4734 4731 4733 
3 4733 4731 4732 
3 4736 4735 4380 
3 4380 4735 4719 
3 4739 4740 4738 
3 4738 4740 4737 
3 4744 4741 4743 
3 4743 4741 4742 
3 4430 4338 4389 
3 4389 4338 4337 
3 4338 4430 4746 
3 4746 4430 4745 
3 4316 4288 4331 
3 4331 4288 4290 
3 4285 4290 4208 
3 4208 4290 4288 
3 4208 4209 4285 
3 4285 4209 4286 
3 4750 4747 4749 
3 4749 4747 4748 
3 4752 4751 4283 
3 4283 4751 4211 
3 4751 4753 4211 
3 4211 4753 4212 
3 4225 4224 4250 
3 4250 4224 4251 
3 4248 4247 4229 
3 4229 4247 4226 
3 4755 4756 4754 
3 4754 4756 4204 
3 4707 4710 4757 
3 4757 4710 4646 
3 4759 4758 4365 
3 4365 4758 4366 
3 4525 4512 4526 
3 4526 4512 4511 
3 4385 4384 4422 
3 4422 4384 4419 
3 4649 4652 4760 
3 4760 4652 4704 
3 1210 4649 1278 
3 1278 4649 4760 
3 3935 3943 4762 
3 4762 3943 4761 
3 4273 4272 4764 
3 4764 4272 4763 
3 4768 4765 4767 
3 4767 4765 4766 
3 4765 4768 4770 
3 4770 4768 4769 
3 4242 4241 4769 
3 4769 4241 4770 
3 4092 4162 4093 
3 4093 4162 4161 
3 4771 4772 4774 
3 4774 4772 4773 
3 4776 4777 4775 
3 4775 4777 4778 
3 4416 4184 4181 
3 4181 4184 4183 
3 4779 4077 4780 
3 4780 4077 4076 
3 4780 4076 4781 
3 4781 4076 4188 
3 4187 4782 4188 
3 4188 4782 4781 
3 4230 4306 4231 
3 4231 4306 4294 
3 4786 4783 4785 
3 4785 4783 4784 
3 4783 1306 4784 
3 4784 1306 1305 
3 4096 4095 4779 
3 4779 4095 4077 
3 4074 4073 4309 
3 4309 4073 4787 
3 4190 4788 4073 
3 4073 4788 4787 
3 4789 4058 4190 
3 4190 4058 4788 
3 4790 4276 4791 
3 4791 4276 4277 
3 4312 4792 3734 
3 3734 4792 3731 
3 3730 3731 4793 
3 4793 3731 4792 
3 4795 4790 4794 
3 4794 4790 4791 
3 4723 4798 4797 
3 4797 4798 4796 
3 3934 3935 4799 
3 4799 3935 4762 
3 4800 4061 3728 
3 3728 4061 3729 
3 4802 4801 4711 
3 4711 4801 4712 
3 4804 4118 4803 
3 4803 4118 4145 
3 4519 4496 4653 
3 4653 4496 4497 
3 1325 4805 1326 
3 1326 4805 4806 
3 4688 4687 1329 
3 1329 4687 1330 
3 4058 4061 4788 
3 4788 4061 4800 
3 4060 4807 4061 
3 4061 4807 3729 
3 4811 4808 4810 
3 4810 4808 4809 
3 4813 4812 4344 
3 4344 4812 4402 
3 4815 4349 4814 
3 4814 4349 4348 
3 4816 4817 4819 
3 4819 4817 4818 
3 4821 4406 4820 
3 4820 4406 4405 
3 4822 4160 4823 
3 4823 4160 4684 
3 4180 4413 4824 
3 4824 4413 4688 
3 4740 4739 4825 
3 4825 4739 4826 
3 4827 4828 4826 
3 4826 4828 4825 
3 4141 4140 4414 
3 4414 4140 4147 
3 1278 4760 1353 
3 1353 4760 4829 
3 4833 4830 4832 
3 4832 4830 4831 
3 4420 4625 4835 
3 4835 4625 4834 
3 4707 4394 4708 
3 4708 4394 4450 
3 4384 4836 4419 
3 4419 4836 4626 
3 1363 4837 1364 
3 1364 4837 4836 
3 4396 4395 4838 
3 4838 4395 4839 
3 4628 4840 4627 
3 4627 4840 4841 
3 4670 4673 4630 
3 4630 4673 4629 
3 4673 4658 4629 
3 4629 4658 4631 
3 4632 4631 4657 
3 4657 4631 4658 
3 4657 4503 4632 
3 4632 4503 4633 
3 4503 4506 4633 
3 4633 4506 4634 
3 4634 4506 4635 
3 4635 4506 4842 
3 4635 4842 4636 
3 4636 4842 4843 
3 4636 4843 4639 
3 4639 4843 4663 
3 4637 4662 4641 
3 4641 4662 4844 
3 4640 4845 4642 
3 4642 4845 4846 
3 4643 4847 4644 
3 4644 4847 4848 
3 4852 4849 4851 
3 4851 4849 4850 
3 4854 4855 4853 
3 4853 4855 4856 
3 4856 4857 4859 
3 4859 4857 4858 
3 4859 4858 4717 
3 4717 4858 4714 
3 4862 4863 4861 
3 4861 4863 4860 
3 4867 4864 4866 
3 4866 4864 4865 
3 4871 4868 4870 
3 4870 4868 4869 
3 4116 4115 4871 
3 4871 4115 4868 
3 4819 4818 4873 
3 4873 4818 4872 
3 4875 4876 4874 
3 4874 4876 4877 
3 4881 4878 4880 
3 4880 4878 4879 
3 4885 4882 4884 
3 4884 4882 4883 
3 4280 4279 4887 
3 4887 4279 4886 
3 4889 4888 4816 
3 4816 4888 4817 
3 4191 4822 4192 
3 4192 4822 4890 
3 4228 4227 4892 
3 4892 4227 4891 
3 4894 4893 4156 
3 4156 4893 4157 
3 4132 4131 4896 
3 4896 4131 4895 
3 4681 4099 4682 
3 4682 4099 4098 
3 4100 4099 4898 
3 4898 4099 4897 
3 4899 4146 4105 
3 4105 4146 4149 
3 4681 4676 4099 
3 4099 4676 4897 
3 4183 4186 4081 
3 4081 4186 4079 
3 4186 4188 4079 
3 4079 4188 4076 
3 4900 4789 4189 
3 4189 4789 4190 
3 4679 4176 4893 
3 4893 4176 4157 
3 4107 4135 4751 
3 4751 4135 4753 
3 4108 4107 4752 
3 4752 4107 4751 
3 4902 4889 4901 
3 4901 4889 4816 
3 4903 4904 4906 
3 4906 4904 4905 
3 4908 4909 4907 
3 4907 4909 4910 
3 4912 4913 4911 
3 4911 4913 4914 
3 4915 4916 4918 
3 4918 4916 4917 
3 4311 4423 4298 
3 4298 4423 4303 
3 4919 4920 4296 
3 4296 4920 4297 
3 4922 4166 4921 
3 4921 4166 4193 
3 4398 4690 4399 
3 4399 4690 4923 
3 4394 4707 4395 
3 4395 4707 4757 
3 4925 4367 4924 
3 4924 4367 4366 
3 4918 4917 4872 
3 4872 4917 4873 
3 4421 4420 4926 
3 4926 4420 4835 
3 4310 4297 4927 
3 4927 4297 4920 
3 4118 4121 4145 
3 4145 4121 4142 
3 4451 4454 4929 
3 4929 4454 4928 
3 4933 4930 4932 
3 4932 4930 4931 
3 4932 4931 4935 
3 4935 4931 4934 
3 4457 4456 4459 
3 4459 4456 4460 
3 4475 4474 4478 
3 4478 4474 4479 
3 4936 4516 4672 
3 4672 4516 4659 
3 4503 4657 4504 
3 4504 4657 4660 
3 4485 4488 4482 
3 4482 4488 4483 
3 4461 4508 4462 
3 4462 4508 4517 
3 4507 4465 4510 
3 4510 4465 4468 
3 4476 4655 4472 
3 4472 4655 4654 
3 4655 4476 4656 
3 4656 4476 4475 
3 4656 4475 4512 
3 4512 4475 4478 
3 4525 4483 4524 
3 4524 4483 4488 
3 4535 4485 4548 
3 4548 4485 4482 
3 4550 4535 4547 
3 4547 4535 4548 
3 4547 4567 4550 
3 4550 4567 4669 
3 4662 4588 4844 
3 4844 4588 4589 
3 4579 4937 4576 
3 4576 4937 4667 
3 4940 4938 4937 
3 4937 4938 4939 
3 4939 4941 4668 
3 4668 4941 4942 
3 4586 4581 4943 
3 4943 4581 4580 
3 4563 4607 4846 
3 4846 4607 4847 
3 4597 4612 4944 
3 4944 4612 4615 
3 4614 4945 4615 
3 4615 4945 4944 
3 4946 4938 4947 
3 4947 4938 4945 
3 4603 4599 4604 
3 4604 4599 4598 
3 4848 4847 4606 
3 4606 4847 4607 
3 4612 4611 4615 
3 4615 4611 4616 
3 4709 4708 4948 
3 4948 4708 4834 
3 1364 4836 1476 
3 1476 4836 4356 
3 4950 4802 4949 
3 4949 4802 4711 
3 4952 4401 4951 
3 4951 4401 4400 
3 4398 4401 4759 
3 4759 4401 4758 
3 4507 4519 4508 
3 4508 4519 4653 
3 4520 4510 4521 
3 4521 4510 4509 
3 4524 4656 4525 
3 4525 4656 4512 
3 4528 4513 4632 
3 4632 4513 4631 
3 4453 4452 4933 
3 4933 4452 4930 
3 4954 4153 4953 
3 4953 4153 4152 
3 4958 4955 4957 
3 4957 4955 4956 
3 4962 4959 4961 
3 4961 4959 4960 
3 4964 4209 4963 
3 4963 4209 4119 
3 4966 4967 4965 
3 4965 4967 4968 
3 4969 4814 4691 
3 4691 4814 4348 
3 4705 4652 4970 
3 4970 4652 4651 
3 4757 4646 4971 
3 4971 4646 4645 
3 4972 4362 4645 
3 4645 4362 4971 
3 4363 4973 4359 
3 4359 4973 4949 
3 4430 4334 4745 
3 4745 4334 4712 
3 4357 4713 4324 
3 4324 4713 4320 
3 4974 4265 4763 
3 4763 4265 4764 
3 4201 4975 4202 
3 4202 4975 4976 
3 4916 4977 4917 
3 4917 4977 4978 
3 4268 4853 4281 
3 4281 4853 4278 
3 4901 4816 4879 
3 4879 4816 4819 
3 4885 4979 4902 
3 4902 4979 4889 
3 4122 4980 4982 
3 4982 4980 4981 
3 4849 4795 4850 
3 4850 4795 4794 
3 4917 4978 4873 
3 4873 4978 4880 
3 4402 4809 4403 
3 4403 4809 4808 
3 4985 4983 4984 
3 4984 4983 4353 
3 1363 1515 4837 
3 4837 1515 4986 
3 4924 4366 4987 
3 4987 4366 4758 
3 4477 4480 4989 
3 4989 4480 4988 
3 4990 4989 4514 
3 4514 4989 4442 
3 4990 4991 4511 
3 4511 4991 4526 
3 4992 4991 4502 
3 4502 4991 4527 
3 4992 4993 4484 
3 4484 4993 4481 
3 4543 4994 4501 
3 4501 4994 4993 
3 4994 4995 4549 
3 4549 4995 4546 
3 4565 4996 4998 
3 4998 4996 4997 
3 4997 4999 4577 
3 4577 4999 4578 
3 4596 4595 5001 
3 5001 4595 5000 
3 5003 5002 4609 
3 4609 5002 4590 
3 4419 4626 4420 
3 4420 4626 4625 
3 4623 4626 4837 
3 4837 4626 4836 
3 5004 4829 4704 
3 4704 4829 4760 
3 5005 5004 4706 
3 4706 5004 4704 
3 4307 4720 4074 
3 4074 4720 4075 
3 5006 4199 4796 
3 4796 4199 4797 
3 5008 5007 4685 
3 4685 5007 4684 
3 4979 5009 4889 
3 4889 5009 4888 
3 1539 4323 1540 
3 1540 4323 4322 
3 4384 4383 4357 
3 4357 4383 4713 
3 4395 4757 4839 
3 4839 4757 4971 
3 5011 5010 4851 
3 4851 5010 4865 
3 5009 4979 4259 
3 4259 4979 5012 
3 5014 5013 4877 
3 4877 5013 4874 
3 5018 5015 5017 
3 5017 5015 5016 
3 5020 5019 5018 
3 5018 5019 5015 
3 5024 5021 5023 
3 5023 5021 5022 
3 5028 5025 5027 
3 5027 5025 5026 
3 5032 5029 5031 
3 5031 5029 5030 
3 5036 5033 5035 
3 5035 5033 5034 
3 5038 5039 5037 
3 5037 5039 5040 
3 5044 5041 5043 
3 5043 5041 5042 
3 5046 5038 5045 
3 5045 5038 5037 
3 5050 5047 5049 
3 5049 5047 5048 
3 5054 5051 5053 
3 5053 5051 5052 
3 5057 5055 5023 
3 5023 5055 5056 
3 5061 5058 5060 
3 5060 5058 5059 
3 5065 5062 5064 
3 5064 5062 5063 
3 5064 5063 5049 
3 5049 5063 5042 
3 5067 5066 5040 
3 5040 5066 5037 
3 5071 5068 5070 
3 5070 5068 5069 
3 5073 5074 5072 
3 5072 5074 5075 
3 5077 5034 5076 
3 5076 5034 5033 
3 5081 5078 5080 
3 5080 5078 5079 
3 5085 5082 5084 
3 5084 5082 5083 
3 5087 5086 5083 
3 5083 5086 5084 
3 5091 5088 5090 
3 5090 5088 5089 
3 5095 5092 5094 
3 5094 5092 5093 
3 5099 5096 5098 
3 5098 5096 5097 
3 5103 5100 5102 
3 5102 5100 5101 
3 5104 5105 5107 
3 5107 5105 5106 
3 5111 5108 5110 
3 5110 5108 5109 
3 5092 5112 5093 
3 5093 5112 5113 
3 5117 5114 5116 
3 5116 5114 5115 
3 5121 5118 5120 
3 5120 5118 5119 
3 5125 5122 5124 
3 5124 5122 5123 
3 5129 5126 5128 
3 5128 5126 5127 
3 5131 5097 5130 
3 5130 5097 5096 
3 5121 5132 5134 
3 5134 5132 5133 
3 5135 5087 5124 
3 5124 5087 5083 
3 5139 5136 5138 
3 5138 5136 5137 
3 5100 5140 5101 
3 5101 5140 5141 
3 5143 5106 5142 
3 5142 5106 5105 
3 5147 5144 5146 
3 5146 5144 5145 
3 5148 5149 5108 
3 5108 5149 5109 
3 5149 5151 5109 
3 5109 5151 5150 
3 5138 4715 5139 
3 5139 4715 4714 
3 4868 5143 4869 
3 4869 5143 5142 
3 4114 5145 4115 
3 4115 5145 5144 
3 5149 5148 4795 
3 4795 5148 4790 
3 4795 4849 5149 
3 5149 4849 5151 
3 5140 4858 5141 
3 5141 4858 4857 
3 5104 5114 5153 
3 5153 5114 5152 
3 5155 5156 5154 
3 5154 5156 5157 
3 5053 5052 5159 
3 5159 5052 5158 
3 5067 5019 5161 
3 5161 5019 5160 
3 5020 5162 5028 
3 5028 5162 5025 
3 5164 5163 5085 
3 5085 5163 5082 
3 5167 5165 5166 
3 5166 5165 5089 
3 5168 5169 5171 
3 5171 5169 5170 
3 5173 5174 5172 
3 5172 5174 5175 
3 5176 5108 5177 
3 5177 5108 5111 
3 5178 5179 5181 
3 5181 5179 5180 
3 5120 5119 5125 
3 5125 5119 5122 
3 5182 5180 5166 
3 5166 5180 5179 
3 5183 5184 5178 
3 5178 5184 5179 
3 5185 5148 5176 
3 5176 5148 5108 
3 4867 5183 4864 
3 4864 5183 5178 
3 5187 5188 5186 
3 5186 5188 5189 
3 5148 5185 4790 
3 4790 5185 4276 
3 5178 5181 4864 
3 4864 5181 4852 
3 5188 4861 5189 
3 5189 4861 4860 
3 5191 5190 5074 
3 5074 5190 5155 
3 5193 5192 5034 
3 5034 5192 5035 
3 5194 5152 5117 
3 5117 5152 5114 
3 5196 5195 5024 
3 5024 5195 5021 
3 5154 5157 5068 
3 5068 5157 5061 
3 5198 5197 5065 
3 5065 5197 5062 
3 5072 5075 5199 
3 5199 5075 5071 
3 5202 5200 5130 
3 5130 5200 5201 
3 5204 5203 5105 
3 5105 5203 5142 
3 5126 5205 5112 
3 5112 5205 5113 
3 5194 5192 5131 
3 5131 5192 5097 
3 4869 5142 5206 
3 5206 5142 5203 
3 5091 5207 5135 
3 5135 5207 5087 
3 5182 5088 5209 
3 5209 5088 5208 
3 5060 5059 5017 
3 5017 5059 5210 
3 5016 5039 5069 
3 5069 5039 5070 
3 5156 5155 5159 
3 5159 5155 5190 
3 5057 5048 5027 
3 5027 5048 5047 
3 5141 4857 5203 
3 5203 4857 5206 
3 4858 5140 4714 
3 4714 5140 5139 
3 5050 5041 5161 
3 5161 5041 5211 
3 4849 4852 5151 
3 5151 4852 5181 
3 5132 5212 5133 
3 5133 5212 5213 
3 5212 5132 5164 
3 5164 5132 5163 
3 5216 5200 5215 
3 5215 5200 5214 
3 5147 5146 5218 
3 5218 5146 5217 
3 5177 5217 5176 
3 5176 5217 5146 
3 5136 5139 5100 
3 5100 5139 5140 
3 5103 5201 5216 
3 5216 5201 5200 
3 5145 5185 5146 
3 5146 5185 5176 
3 4276 5185 4114 
3 4114 5185 5145 
3 5031 5030 5191 
3 5191 5030 5190 
3 5196 5219 5054 
3 5054 5219 5051 
3 5143 4868 5144 
3 5144 4868 4115 
3 5133 5213 5036 
3 5036 5213 5033 
3 5093 5113 5099 
3 5099 5113 5096 
3 5107 5106 5218 
3 5218 5106 5147 
3 5116 5115 5134 
3 5134 5115 5220 
3 5209 5208 5110 
3 5110 5208 5123 
3 5144 5147 5143 
3 5143 5147 5106 
3 5180 5150 5181 
3 5181 5150 5151 
3 5086 5087 5221 
3 5221 5087 5207 
3 5171 5170 5207 
3 5207 5170 5221 
3 1754 4697 1755 
3 1755 4697 5222 
3 4134 4106 5223 
3 5223 4106 4426 
3 5225 5224 4678 
3 4678 5224 4177 
3 4892 4891 5227 
3 5227 4891 5226 
3 4171 4170 5229 
3 5229 4170 5228 
3 4884 4883 4267 
3 4267 4883 4854 
3 4855 4854 4870 
3 4870 4854 4883 
3 4683 5230 4895 
3 4895 5230 4896 
3 5007 5008 4766 
3 4766 5008 4767 
3 5102 5101 5153 
3 5153 5101 5204 
3 5192 5193 5097 
3 5097 5193 5098 
3 5197 5198 5078 
3 5078 5198 5032 
3 5203 5204 5141 
3 5141 5204 5101 
3 5223 4426 4680 
3 4680 4426 4677 
3 5232 5231 3710 
3 3710 5231 3711 
3 3963 3962 3987 
3 3987 3962 3967 
3 3984 3971 4043 
3 4043 3971 3975 
3 4032 4035 4036 
3 4036 4035 4037 
3 3943 3730 4761 
3 4761 3730 4793 
3 3809 3721 3943 
3 3943 3721 3730 
3 5233 3711 3873 
3 3873 3711 5231 
3 4010 3866 3904 
3 3904 3866 3905 
3 4010 3904 4022 
3 4022 3904 3903 
3 3809 3810 3721 
3 3721 3810 3718 
3 3810 3686 3718 
3 3718 3686 3811 
3 3686 3685 3811 
3 3811 3685 3715 
3 3685 3684 3715 
3 3715 3684 3712 
3 4812 5234 4402 
3 4402 5234 4809 
3 1768 4813 1769 
3 1769 4813 4344 
3 4066 4065 4057 
3 4057 4065 5235 
3 4042 4067 4048 
3 4048 4067 4049 
3 3989 3988 5236 
3 5236 3988 4033 
3 4004 4071 4029 
3 4029 4071 4030 
3 4002 4003 4001 
3 4001 4003 4031 
3 4029 4031 4004 
3 4004 4031 4003 
3 4066 4063 4067 
3 4067 4063 4049 
3 4063 4066 4056 
3 4056 4066 4057 
3 3988 5237 4033 
3 4033 5237 4034 
3 5239 4057 5238 
3 5238 4057 5235 
3 3872 5240 3873 
3 3873 5240 5233 
3 3877 3880 3872 
3 3872 3880 5240 
3 4309 4787 4762 
3 4762 4787 4799 
3 4308 4309 4761 
3 4761 4309 4762 
3 4305 4308 4793 
3 4793 4308 4761 
3 4793 4792 4305 
3 4305 4792 4291 
3 4292 4312 4301 
3 4301 4312 4313 
3 4301 4313 4302 
3 4302 4313 4314 
3 4302 4314 4702 
3 4702 4314 4315 
3 4067 4042 4068 
3 4068 4042 4034 
3 4323 1539 4356 
3 4356 1539 1476 
3 3870 3873 3986 
3 3986 3873 5231 
3 5232 4012 5231 
3 5231 4012 3986 
3 4012 5232 4013 
3 4013 5232 5241 
3 4006 3864 4014 
3 4014 3864 3887 
3 3865 4007 5242 
3 5242 4007 4015 
3 3874 3877 5243 
3 5243 3877 3872 
3 3872 3871 5243 
3 5243 3871 3964 
3 5243 3964 3874 
3 3874 3964 3875 
3 5242 4015 5241 
3 5241 4015 4013 
3 5247 5244 5246 
3 5246 5244 5245 
3 3925 3576 3949 
3 3949 3576 3575 
3 3579 3584 3841 
3 3841 3584 3583 
3 1784 1783 5246 
3 5246 1783 5248 
3 5249 5250 5252 
3 5252 5250 5251 
3 5255 5253 5251 
3 5251 5253 5254 
3 5253 5255 5257 
3 5257 5255 5256 
3 5257 5256 5259 
3 5259 5256 5258 
3 5258 4423 5260 
3 5260 4423 4355 
3 5260 4355 5261 
3 5261 4355 4354 
3 5264 5262 5263 
3 5263 5262 4923 
3 4692 5265 4690 
3 4690 5265 5266 
3 4350 5267 4351 
3 4351 5267 5268 
3 5267 4350 1806 
3 1806 4350 1807 
3 3579 3841 3580 
3 3798 3801 3837 
3 4799 4787 4800 
3 4800 4787 4788 
3 4800 3728 4799 
3 4799 3728 3934 
3 3934 3728 3665 
3 3665 3728 3727 
3 3665 3727 3662 
3 3662 3727 3797 
3 3808 3662 3817 
3 3817 3662 3797 
3 3807 3808 3816 
3 3816 3808 3817 
3 3807 3816 3654 
3 3654 3816 3795 
3 3654 3795 3567 
3 3567 3795 3614 
3 3567 3614 3568 
3 3568 3614 3572 
3 3568 3572 3612 
3 3612 3572 3571 
3 3612 3571 3605 
3 3605 3571 3791 
3 3606 3790 3948 
3 3948 3790 3590 
3 3948 3590 3949 
3 3949 3590 3589 
3 3949 3589 3925 
3 3925 3589 3804 
3 3925 3804 3558 
3 3558 3804 3803 
3 3803 3913 3558 
3 3558 3913 3559 
3 3787 3912 3788 
3 3788 3912 3923 
3 3788 3923 3825 
3 3825 3923 3927 
3 3927 3926 3825 
3 3825 3926 3826 
3 3826 3926 3834 
3 3834 3926 3833 
3 4078 4077 5269 
3 5269 4077 5006 
3 5270 5271 4232 
3 4232 5271 5272 
3 5276 5273 5275 
3 5275 5273 5274 
3 5277 5278 4235 
3 4235 5278 4236 
3 5271 5270 5279 
3 5279 5270 5277 
3 5281 4235 5280 
3 5280 4235 4234 
3 5285 5282 5284 
3 5284 5282 5283 
3 5289 5286 5288 
3 5288 5286 5287 
3 5293 5290 5292 
3 5292 5290 5291 
3 5294 4725 5289 
3 5289 4725 5286 
3 4312 4292 4792 
3 4792 4292 4291 
3 5295 4718 4735 
3 4735 4718 4719 
3 4907 5297 4908 
3 4908 5297 5296 
3 5298 5299 4975 
3 4975 5299 5300 
3 5301 4201 5302 
3 5302 4201 4200 
3 5305 4982 5304 
3 5304 4982 5303 
3 5307 5308 5306 
3 5306 5308 5309 
3 5310 5282 4724 
3 4724 5282 4721 
3 4125 4124 5293 
3 5293 4124 5290 
3 5312 5313 5311 
3 5311 5313 5314 
3 5317 5318 5316 
3 5316 5318 5315 
3 5320 5307 5319 
3 5319 5307 5306 
3 4818 4980 4872 
3 4872 4980 5321 
3 4980 4122 5321 
3 5321 4122 4125 
3 5325 5322 5324 
3 5324 5322 5323 
3 4763 5326 4974 
3 4974 5326 5327 
3 5328 4168 5326 
3 5326 4168 4171 
3 4767 4170 4768 
3 4768 4170 4169 
3 4242 4754 4243 
3 4243 4754 5329 
3 4754 4204 5329 
3 5329 4204 4207 
3 4205 4905 4206 
3 4206 4905 4904 
3 4685 5013 5008 
3 5008 5013 5228 
3 4768 4169 4769 
3 4769 4169 4755 
3 4756 4755 4168 
3 4168 4755 4169 
3 4272 5328 4763 
3 4763 5328 5326 
3 4275 5330 4272 
3 4272 5330 5328 
3 4754 4242 4755 
3 4755 4242 4769 
3 5009 5331 4888 
3 4888 5331 5332 
3 4876 5331 4877 
3 4877 5331 4258 
3 4874 4163 4875 
3 4875 4163 4162 
3 5324 5323 5334 
3 5334 5323 5333 
3 4123 4122 5305 
3 5305 4122 4982 
3 4817 4981 4818 
3 4818 4981 4980 
3 4259 4258 5009 
3 5009 4258 5331 
3 5013 4685 4874 
3 4874 4685 4163 
3 5008 5228 4767 
3 4767 5228 4170 
3 4918 5335 4915 
3 4915 5335 5336 
3 5335 5293 5336 
3 5336 5293 5292 
3 4888 5332 4817 
3 4817 5332 4981 
3 5339 4261 5338 
3 5338 4261 5337 
3 5338 5337 5309 
3 5309 5337 5306 
3 5341 5308 5340 
3 5340 5308 4203 
3 4872 5321 4918 
3 4918 5321 5335 
3 5321 4125 5335 
3 5335 4125 5293 
3 5285 5342 5325 
3 5325 5342 5322 
3 5343 5344 4913 
3 4913 5344 4914 
3 5344 5343 5314 
3 5314 5343 5311 
3 5348 5345 5347 
3 5347 5345 5346 
3 4832 4831 5350 
3 5350 4831 5349 
3 5351 5352 5348 
3 5348 5352 5345 
3 5353 5337 4264 
3 4264 5337 4261 
3 5319 5306 5353 
3 5353 5306 5337 
3 5307 5320 4200 
3 4200 5320 5302 
3 4798 5354 5356 
3 5356 5354 5355 
3 5334 5333 5358 
3 5358 5333 5357 
3 5357 5359 4092 
3 4092 5359 4162 
3 5359 5304 4162 
3 4162 5304 4875 
3 4876 4875 5303 
3 5303 4875 5304 
3 4080 4078 4777 
3 4777 4078 5269 
3 4778 5360 4773 
3 4773 5360 5356 
3 4091 4774 5358 
3 5358 4774 5355 
3 4982 4981 5303 
3 5303 4981 5332 
3 5331 4876 5332 
3 5332 4876 5303 
3 5327 5229 4257 
3 4257 5229 5014 
3 5229 5327 4171 
3 4171 5327 5326 
3 5330 4756 5328 
3 5328 4756 4168 
3 4205 4204 5330 
3 5330 4204 4756 
3 5330 4275 4205 
3 4205 4275 4905 
3 4275 4274 4905 
3 4905 4274 4906 
3 4743 4906 4887 
3 4887 4906 4274 
3 4863 4744 4716 
3 4716 4744 4886 
3 4715 5138 4860 
3 4860 5138 5189 
3 5138 5137 5189 
3 5189 5137 5186 
3 5137 5215 5186 
3 5186 5215 5175 
3 5129 5172 5361 
3 5361 5172 5214 
3 5339 5362 5364 
3 5364 5362 5363 
3 4741 4862 5365 
3 5365 4862 4866 
3 4861 5188 4867 
3 4867 5188 5183 
3 5188 5187 5183 
3 5183 5187 5184 
3 5187 5174 5184 
3 5184 5174 5167 
3 3789 3560 3787 
3 3787 3560 3559 
3 3595 3594 3607 
3 3607 3594 3593 
3 3591 3594 3581 
3 3581 3594 3597 
3 3610 3600 3608 
3 3608 3600 3599 
3 3601 3600 3611 
3 3611 3600 3610 
3 3613 3612 3604 
3 3604 3612 3605 
3 5367 3793 5366 
3 5366 3793 3792 
3 3608 3599 3596 
3 3596 3599 3597 
3 3571 3574 3791 
3 3791 3574 3792 
3 3592 3557 3593 
3 3593 3557 3560 
3 3806 3914 3803 
3 3803 3914 3913 
3 5369 3915 5368 
3 5368 3915 3914 
3 3603 3602 3604 
3 3604 3602 3601 
3 3790 3606 3791 
3 3791 3606 3605 
3 3787 3559 3912 
3 3912 3559 3913 
3 5370 5165 5128 
3 5128 5165 5173 
3 5169 5168 5092 
3 5092 5168 5112 
3 5090 5089 5370 
3 5370 5089 5165 
3 5171 5371 5168 
3 5168 5371 5127 
3 5168 5127 5112 
3 5112 5127 5126 
3 5361 5202 5205 
3 5205 5202 5113 
3 5095 5072 5372 
3 5372 5072 5199 
3 5372 5199 5374 
3 5374 5199 5373 
3 5038 5046 5373 
3 5373 5046 5374 
3 5375 5084 5045 
3 5045 5084 5086 
3 5375 5066 5376 
3 5376 5066 5211 
3 5376 5211 5044 
3 5044 5211 5041 
3 5043 5042 5377 
3 5377 5042 5063 
3 5377 5063 5076 
3 5076 5063 5062 
3 5078 5081 5197 
3 5197 5081 5077 
3 5378 5099 5080 
3 5080 5099 5098 
3 5094 5093 5378 
3 5378 5093 5099 
3 5382 5379 5381 
3 5381 5379 5380 
3 5384 5385 5383 
3 5383 5385 5382 
3 5387 5385 5386 
3 5386 5385 5384 
3 5391 5388 5390 
3 5390 5388 5389 
3 5392 5393 5395 
3 5395 5393 5394 
3 5399 5396 5398 
3 5398 5396 5397 
3 5401 5402 5400 
3 5400 5402 5403 
3 5403 5404 5406 
3 5406 5404 5405 
3 5409 5162 5408 
3 5408 5162 5407 
3 5410 5411 5413 
3 5413 5411 5412 
3 5416 5414 5415 
3 5415 5414 5056 
3 5418 5417 5415 
3 5415 5417 5392 
3 5420 5419 5394 
3 5394 5419 5395 
3 5424 5421 5423 
3 5423 5421 5422 
3 5425 5219 5416 
3 5416 5219 5414 
3 5393 5392 5390 
3 5390 5392 5417 
3 5413 5387 5410 
3 5410 5387 5391 
3 5427 5059 5426 
3 5426 5059 5058 
3 5429 5428 5426 
3 5426 5428 5422 
3 5424 5430 5381 
3 5381 5430 5431 
3 5423 5422 5406 
3 5406 5422 5428 
3 5432 5380 5408 
3 5408 5380 5379 
3 5427 5421 5432 
3 5432 5421 5380 
3 5418 5055 5411 
3 5411 5055 5026 
3 5436 5433 5435 
3 5435 5433 5434 
3 5158 5438 5437 
3 5437 5438 5439 
3 5438 5158 5435 
3 5435 5158 5052 
3 5398 5397 5402 
3 5402 5397 5440 
3 5412 5025 5409 
3 5409 5025 5162 
3 5437 5439 5441 
3 5441 5439 5429 
3 5445 5442 5444 
3 5444 5442 5443 
3 5446 5447 5449 
3 5449 5447 5448 
3 5450 5445 5451 
3 5451 5445 5444 
3 5450 5452 5454 
3 5454 5452 5453 
3 5455 5453 5457 
3 5457 5453 5456 
3 5461 5458 5460 
3 5460 5458 5459 
3 5465 5462 5464 
3 5464 5462 5463 
3 5469 5466 5468 
3 5468 5466 5467 
3 5473 5470 5472 
3 5472 5470 5471 
3 5474 5475 5477 
3 5477 5475 5476 
3 5478 5479 5481 
3 5481 5479 5480 
3 5482 5483 5447 
3 5447 5483 5484 
3 5447 5484 5448 
3 5448 5484 5485 
3 5475 5474 5486 
3 5486 5474 5487 
3 5491 5488 5490 
3 5490 5488 5489 
3 5495 5492 5494 
3 5494 5492 5493 
3 5492 5496 5493 
3 5493 5496 5497 
3 5501 5498 5500 
3 5500 5498 5499 
3 5442 5445 5503 
3 5503 5445 5502 
3 5507 5504 5506 
3 5506 5504 5505 
3 5511 5508 5510 
3 5510 5508 5509 
3 5513 5514 5512 
3 5512 5514 5515 
3 5519 5516 5518 
3 5518 5516 5517 
3 5521 5495 5520 
3 5520 5495 5494 
3 5525 5522 5524 
3 5524 5522 5523 
3 5526 5527 5493 
3 5493 5527 5494 
3 5529 5528 5501 
3 5501 5528 5498 
3 5485 5484 5531 
3 5531 5484 5530 
3 5532 5530 5483 
3 5483 5530 5484 
3 5481 5480 5533 
3 5533 5480 5534 
3 5510 5505 5511 
3 5511 5505 5535 
3 5445 5450 5502 
3 5502 5450 5454 
3 5466 5469 5510 
3 5510 5469 5536 
3 5510 5509 5466 
3 5466 5509 5537 
3 5541 5538 5540 
3 5540 5538 5539 
3 5542 5543 5545 
3 5545 5543 5544 
3 5470 5546 5471 
3 5471 5546 5547 
3 5549 5548 5495 
3 5495 5548 5492 
3 5550 5549 5521 
3 5521 5549 5495 
3 5554 5551 5553 
3 5553 5551 5552 
3 5557 5555 5446 
3 5446 5555 5556 
3 5556 5482 5446 
3 5446 5482 5447 
3 5477 5476 5552 
3 5552 5476 5558 
3 5476 5559 5558 
3 5558 5559 5560 
3 5561 5559 5475 
3 5475 5559 5476 
3 5475 5486 5561 
3 5561 5486 5562 
3 5559 5563 5560 
3 5560 5563 5564 
3 5563 5559 5565 
3 5565 5559 5561 
3 5565 5561 5566 
3 5566 5561 5562 
3 5568 5520 5567 
3 5567 5520 5569 
3 5572 5570 5571 
3 5571 5570 5480 
3 5480 5570 5534 
3 5534 5570 5573 
3 5577 5574 5576 
3 5576 5574 5575 
3 5580 5455 5579 
3 5579 5455 5578 
3 5582 5487 5581 
3 5581 5487 5474 
3 5505 5504 5535 
3 5535 5504 5583 
3 5584 5585 5587 
3 5587 5585 5586 
3 5591 5588 5590 
3 5590 5588 5589 
3 5593 5519 5592 
3 5592 5519 5518 
3 5594 5595 5461 
3 5461 5595 5596 
3 5513 5597 5599 
3 5599 5597 5598 
3 5603 5600 5602 
3 5602 5600 5601 
3 5545 5524 5542 
3 5542 5524 5523 
3 5542 5523 5605 
3 5605 5523 5604 
3 5500 5499 5607 
3 5607 5499 5606 
3 5521 5608 5550 
3 5550 5608 5609 
3 5508 5597 5509 
3 5509 5597 5610 
3 5611 5596 5456 
3 5456 5596 5457 
3 5612 5537 5610 
3 5610 5537 5509 
3 5506 5580 5507 
3 5507 5580 5579 
3 5616 5613 5615 
3 5615 5613 5614 
3 5620 5617 5619 
3 5619 5617 5618 
3 5624 5621 5623 
3 5623 5621 5622 
3 5622 5625 5623 
3 5623 5625 5626 
3 5630 5627 5629 
3 5629 5627 5628 
3 5465 5631 5633 
3 5633 5631 5632 
3 5636 5462 5635 
3 5635 5462 5634 
3 5604 5523 5637 
3 5637 5523 5522 
3 5638 5639 5640 
3 5640 5639 5594 
3 5641 5612 5512 
3 5512 5612 5610 
3 5585 5500 5642 
3 5642 5500 5607 
3 5590 5589 5624 
3 5624 5589 5621 
3 5512 5610 5513 
3 5513 5610 5597 
3 5646 5643 5645 
3 5645 5643 5644 
3 5619 5618 5490 
3 5490 5618 5647 
3 5642 5607 5648 
3 5648 5607 5491 
3 5652 5649 5651 
3 5651 5649 5650 
3 5633 5634 5465 
3 5465 5634 5462 
3 5458 5461 5611 
3 5611 5461 5596 
3 5637 5522 5633 
3 5633 5522 5634 
3 5633 5632 5637 
3 5637 5632 5653 
3 5525 5524 5655 
3 5655 5524 5654 
3 5526 5656 5658 
3 5658 5656 5657 
3 5462 5636 5463 
3 5463 5636 5659 
3 5464 5660 5465 
3 5465 5660 5631 
3 5657 5631 5661 
3 5661 5631 5660 
3 5661 5662 5657 
3 5657 5662 5658 
3 5662 5663 5658 
3 5658 5663 5664 
3 5656 5632 5657 
3 5657 5632 5631 
3 5665 5628 5529 
3 5529 5628 5666 
3 5658 5664 5526 
3 5526 5664 5527 
3 5567 5569 5668 
3 5668 5569 5667 
3 5670 5669 5667 
3 5667 5669 5668 
3 5645 5671 5672 
3 5674 5672 5673 
3 5673 5672 5671 
3 5458 5674 5459 
3 5459 5674 5673 
3 5594 5461 5675 
3 5675 5461 5460 
3 5678 5679 5677 
3 5677 5679 5676 
3 5628 5627 5666 
3 5666 5627 5680 
3 5529 5666 5528 
3 5528 5666 5681 
3 5611 5682 5458 
3 5458 5682 5674 
3 5501 5584 5529 
3 5529 5584 5665 
3 5602 5601 5683 
3 5683 5601 5588 
3 5663 5662 5644 
3 5644 5662 5645 
3 5645 5672 5646 
3 5646 5672 5684 
3 5684 5682 5686 
3 5686 5682 5685 
3 5530 5532 5688 
3 5688 5532 5687 
3 5533 5534 5690 
3 5690 5534 5689 
3 5534 5573 5689 
3 5689 5573 5691 
3 5692 5688 5686 
3 5686 5688 5684 
3 5694 5489 5693 
3 5693 5489 5488 
3 5696 5695 5691 
3 5691 5695 5689 
3 5690 5689 5643 
3 5643 5689 5695 
3 5697 5557 5449 
3 5449 5557 5446 
3 5612 5641 5699 
3 5699 5641 5698 
3 5540 5539 5701 
3 5701 5539 5700 
3 5696 5431 5702 
3 5702 5431 5430 
3 5384 5383 5573 
3 5573 5383 5691 
3 5570 5572 5386 
3 5386 5572 5388 
3 5564 5389 5572 
3 5572 5389 5388 
3 5389 5564 5703 
3 5703 5564 5563 
3 5565 5704 5563 
3 5563 5704 5703 
3 5397 5608 5440 
3 5440 5608 5568 
3 5440 5568 5404 
3 5404 5568 5567 
3 5405 5668 5705 
3 5705 5668 5669 
3 5705 5669 5430 
3 5430 5669 5702 
3 5691 5383 5696 
3 5696 5383 5431 
3 5573 5570 5384 
3 5384 5570 5386 
3 5693 5488 5706 
3 5706 5488 5606 
3 5518 5517 5708 
3 5708 5517 5707 
3 5574 5709 5575 
3 5575 5709 5710 
3 5714 5711 5713 
3 5713 5711 5712 
3 5477 5552 5715 
3 5715 5552 5551 
3 5716 5474 5715 
3 5715 5474 5477 
3 5717 5718 5604 
3 5604 5718 5605 
3 5589 5583 5621 
3 5621 5583 5504 
3 5507 5622 5504 
3 5504 5622 5621 
3 5507 5579 5622 
3 5622 5579 5625 
3 5719 5625 5578 
3 5578 5625 5579 
3 5721 5719 5720 
3 5720 5719 5578 
3 5722 5665 5587 
3 5587 5665 5584 
3 5639 5638 5724 
3 5724 5638 5723 
3 5726 5554 5725 
3 5725 5554 5553 
3 5452 5727 5728 
3 5646 5684 5687 
3 5687 5684 5688 
3 5508 5511 5729 
3 5729 5511 5603 
3 5591 5617 5630 
3 5630 5617 5627 
3 5511 5535 5603 
3 5603 5535 5600 
3 5675 5659 5731 
3 5731 5659 5730 
3 5602 5732 5603 
3 5603 5732 5729 
3 5549 5550 5486 
3 5486 5550 5562 
3 5607 5606 5491 
3 5491 5606 5488 
3 5564 5572 5560 
3 5560 5572 5571 
3 5608 5521 5568 
3 5568 5521 5520 
3 5734 5499 5733 
3 5733 5499 5498 
3 5721 5720 5735 
3 5735 5720 5595 
3 5519 5593 5599 
3 5599 5593 5736 
3 5732 5516 5729 
3 5729 5516 5598 
3 5738 5730 5737 
3 5737 5730 5659 
3 5647 5648 5490 
3 5490 5648 5491 
3 5500 5585 5501 
3 5501 5585 5584 
3 5654 5524 5739 
3 5739 5524 5545 
3 5516 5519 5598 
3 5598 5519 5599 
3 5737 5708 5738 
3 5738 5708 5707 
3 5522 5525 5634 
3 5634 5525 5635 
3 5740 5702 5670 
3 5670 5702 5669 
3 5742 5741 5694 
3 5694 5741 5489 
3 5676 5743 5677 
3 5677 5743 5681 
3 5620 5678 5680 
3 5680 5678 5677 
3 5679 5678 5742 
3 5742 5678 5741 
3 5680 5627 5620 
3 5620 5627 5617 
3 5683 5588 5723 
3 5723 5588 5724 
3 5720 5578 5457 
3 5457 5578 5455 
3 5674 5682 5672 
3 5672 5682 5684 
3 5743 5744 5681 
3 5681 5744 5528 
3 5596 5595 5457 
3 5457 5595 5720 
3 5605 5718 5539 
3 5539 5718 5700 
3 5695 5696 5740 
3 5740 5696 5702 
3 5706 5606 5734 
3 5734 5606 5499 
3 5496 5492 5745 
3 5745 5492 5548 
3 5537 5612 5746 
3 5746 5612 5699 
3 5399 5433 5420 
3 5420 5433 5419 
3 5531 5530 5692 
3 5692 5530 5688 
3 5704 5565 5747 
3 5747 5565 5566 
3 5396 5609 5397 
3 5397 5609 5608 
3 5404 5567 5405 
3 5405 5567 5668 
3 5582 5745 5487 
3 5487 5745 5548 
3 5709 5713 5710 
3 5710 5713 5712 
3 5466 5537 5467 
3 5467 5537 5746 
3 5749 5748 5546 
3 5546 5748 5547 
3 5683 5750 5602 
3 5602 5750 5732 
3 5588 5601 5589 
3 5589 5601 5583 
3 5614 5613 5751 
3 5751 5613 5635 
3 5754 5737 5753 
3 5753 5737 5752 
3 5535 5583 5600 
3 5600 5583 5601 
3 5735 5639 5722 
3 5722 5639 5629 
3 5594 5639 5595 
3 5595 5639 5735 
3 5528 5744 5498 
3 5498 5744 5733 
3 5585 5642 5586 
3 5586 5642 5626 
3 5552 5558 5553 
3 5553 5558 5479 
3 5558 5560 5479 
3 5479 5560 5571 
3 5478 5725 5479 
3 5479 5725 5553 
3 5711 5714 5749 
3 5749 5714 5748 
3 5456 5685 5611 
3 5611 5685 5682 
3 5666 5680 5681 
3 5681 5680 5677 
3 5729 5598 5508 
3 5508 5598 5597 
3 5619 5741 5620 
3 5620 5741 5678 
3 5614 5652 5615 
3 5615 5652 5651 
3 5436 5051 5425 
3 5425 5051 5219 
3 5548 5549 5487 
3 5487 5549 5486 
3 5490 5489 5619 
3 5619 5489 5741 
3 5566 5562 5609 
3 5609 5562 5550 
3 5747 5566 5396 
3 5396 5566 5609 
3 5613 5616 5752 
3 5752 5616 5753 
3 5479 5571 5480 
3 5708 5737 5755 
3 5755 5737 5754 
3 5744 5743 5757 
3 5757 5743 5756 
3 5758 5733 5757 
3 5757 5733 5744 
3 5733 5758 5734 
3 5734 5758 5759 
3 5706 5734 5760 
3 5760 5734 5759 
3 5743 5676 5756 
3 5756 5676 5761 
3 5676 5679 5761 
3 5761 5679 5762 
3 5762 5679 5763 
3 5763 5679 5742 
3 5765 5756 5764 
3 5764 5756 5761 
3 5769 5766 5768 
3 5768 5766 5767 
3 5766 5769 5771 
3 5771 5769 5770 
3 5769 5768 5773 
3 5773 5768 5772 
3 5774 5775 5773 
3 5773 5775 5776 
3 5774 5773 5777 
3 5777 5773 5772 
3 5777 5772 5765 
3 5765 5772 5778 
3 5776 5770 5773 
3 5773 5770 5769 
3 5779 5780 5782 
3 5782 5780 5781 
3 5780 5779 5770 
3 5770 5779 5771 
3 5768 5767 5772 
3 5772 5767 5778 
3 5757 5778 5758 
3 5758 5778 5767 
3 5759 5758 5783 
3 5783 5758 5767 
3 5766 5784 5767 
3 5767 5784 5783 
3 5785 5784 5771 
3 5771 5784 5766 
3 5757 5756 5778 
3 5778 5756 5765 
3 5779 5786 5771 
3 5771 5786 5785 
3 5788 5787 5785 
3 5785 5787 5784 
3 5785 5786 5788 
3 5788 5786 5789 
3 5791 5790 5788 
3 5788 5790 5787 
3 5793 5787 5792 
3 5792 5787 5790 
3 5788 5789 5791 
3 5791 5789 5794 
3 5784 5787 5783 
3 5783 5787 5793 
3 5760 5759 5793 
3 5793 5759 5783 
3 5786 5779 5795 
3 5795 5779 5782 
3 5765 5796 5777 
3 5777 5796 5774 
3 5796 5797 5774 
3 5774 5797 5775 
3 5798 5796 5764 
3 5764 5796 5765 
3 5797 5796 5799 
3 5799 5796 5798 
3 5797 5800 5775 
3 5775 5800 5801 
3 5802 5693 5760 
3 5760 5693 5706 
3 5763 5742 5803 
3 5803 5742 5694 
3 5693 5802 5694 
3 5694 5802 5803 
3 5802 5792 5803 
3 5803 5792 5804 
3 5792 5790 5804 
3 5804 5790 5805 
3 5806 5763 5804 
3 5804 5763 5803 
3 5793 5792 5760 
3 5760 5792 5802 
3 5807 5762 5806 
3 5806 5762 5763 
3 5761 5762 5764 
3 5764 5762 5807 
3 5764 5807 5798 
3 5798 5807 5808 
3 5808 5807 5809 
3 5809 5807 5806 
3 5811 5810 5809 
3 5809 5810 5808 
3 5809 5806 5805 
3 5805 5806 5804 
3 5809 5805 5811 
3 5811 5805 5812 
3 5798 5808 5799 
3 5799 5808 5810 
3 5814 5799 5813 
3 5813 5799 5810 
3 5817 5815 5816 
3 5816 5815 5813 
3 5813 5810 5816 
3 5816 5810 5811 
3 5795 5814 5815 
3 5815 5814 5813 
3 5814 5795 5800 
3 5800 5795 5782 
3 5799 5814 5797 
3 5797 5814 5800 
3 5812 5805 5791 
3 5791 5805 5790 
3 5817 5812 5794 
3 5794 5812 5791 
3 5817 5816 5812 
3 5812 5816 5811 
3 5815 5817 5789 
3 5789 5817 5794 
3 5789 5786 5815 
3 5815 5786 5795 
3 5781 5780 5776 
3 5776 5780 5770 
3 5781 5801 5782 
3 5782 5801 5800 
3 5775 5801 5776 
3 5776 5801 5781 
3 5587 5586 5721 
3 5721 5586 5719 
3 5617 5591 5618 
3 5618 5591 5590 
3 5648 5647 5623 
3 5623 5647 5624 
3 5642 5648 5626 
3 5626 5648 5623 
3 5639 5724 5629 
3 5629 5724 5630 
3 5647 5618 5624 
3 5624 5618 5590 
3 5735 5722 5721 
3 5721 5722 5587 
3 5588 5591 5724 
3 5724 5591 5630 
3 5722 5629 5665 
3 5665 5629 5628 
3 5625 5719 5626 
3 5626 5719 5586 
3 5820 5821 5819 
3 5819 5821 5818 
3 5823 5824 5822 
3 5822 5824 5825 
3 5822 5825 5826 
3 5826 5825 5827 
3 5828 5829 5831 
3 5831 5829 5830 
3 5833 5707 5832 
3 5832 5707 5517 
3 5824 5823 5835 
3 5835 5823 5834 
3 5837 5838 5836 
3 5836 5838 5839 
3 5683 5840 5750 
3 5750 5840 5841 
3 5683 5723 5840 
3 5840 5723 5842 
3 5843 5844 5846 
3 5846 5844 5845 
3 5835 5847 5824 
3 5824 5847 5829 
3 5750 5841 5517 
3 5517 5841 5832 
3 5848 5820 5837 
3 5837 5820 5838 
3 5849 5847 5821 
3 5821 5847 5835 
3 5851 5827 5844 
3 5844 5827 5850 
3 5855 5852 5854 
3 5854 5852 5853 
3 5844 5843 5851 
3 5851 5843 5856 
3 5827 5851 5826 
3 5826 5851 5857 
3 5825 5828 5827 
3 5827 5828 5850 
3 5859 5819 5858 
3 5858 5819 5818 
3 5858 5818 5860 
3 5860 5818 5834 
3 5828 5831 5850 
3 5850 5831 5861 
3 5843 5846 5836 
3 5836 5846 5833 
3 5821 5835 5818 
3 5818 5835 5834 
3 5863 5823 5862 
3 5862 5823 5822 
3 5821 5820 5849 
3 5849 5820 5848 
3 5824 5829 5825 
3 5825 5829 5828 
3 5865 5864 5859 
3 5859 5864 5819 
3 5852 5866 5853 
3 5853 5866 5857 
3 5839 5854 5856 
3 5856 5854 5853 
3 5865 5855 5864 
3 5864 5855 5854 
3 5836 5839 5843 
3 5843 5839 5856 
3 5866 5867 5857 
3 5857 5867 5826 
3 5860 5834 5863 
3 5863 5834 5823 
3 5845 5861 5730 
3 5730 5861 5731 
3 5826 5867 5822 
3 5822 5867 5862 
3 5829 5847 5830 
3 5830 5847 5842 
3 5851 5856 5857 
3 5857 5856 5853 
3 5854 5839 5864 
3 5864 5839 5838 
3 5820 5819 5838 
3 5838 5819 5864 
3 5867 5866 5869 
3 5869 5866 5868 
3 5867 5869 5862 
3 5862 5869 5870 
3 5871 5863 5870 
3 5870 5863 5862 
3 5872 5860 5871 
3 5871 5860 5863 
3 5866 5852 5868 
3 5868 5852 5873 
3 5852 5855 5873 
3 5873 5855 5874 
3 5855 5865 5874 
3 5874 5865 5875 
3 5876 5877 5873 
3 5873 5877 5868 
3 5879 5880 5878 
3 5878 5880 5881 
3 5882 5883 5879 
3 5879 5883 5880 
3 5880 5883 5885 
3 5885 5883 5884 
3 5886 5887 5885 
3 5885 5887 5888 
3 5886 5885 5889 
3 5889 5885 5884 
3 5888 5881 5885 
3 5885 5881 5880 
3 5881 5890 5878 
3 5878 5890 5891 
3 5884 5883 5892 
3 5892 5883 5882 
3 5882 5870 5892 
3 5892 5870 5869 
3 5882 5893 5870 
3 5870 5893 5871 
3 5879 5894 5882 
3 5882 5894 5893 
3 5895 5894 5878 
3 5878 5894 5879 
3 5877 5889 5892 
3 5892 5889 5884 
3 5869 5868 5892 
3 5892 5868 5877 
3 5878 5891 5895 
3 5895 5891 5896 
3 5898 5897 5895 
3 5895 5897 5894 
3 5895 5896 5898 
3 5898 5896 5899 
3 5901 5900 5898 
3 5898 5900 5897 
3 5903 5897 5902 
3 5902 5897 5900 
3 5904 5901 5899 
3 5899 5901 5898 
3 5893 5894 5903 
3 5903 5894 5897 
3 5893 5903 5871 
3 5871 5903 5872 
3 5896 5891 5906 
3 5906 5891 5905 
3 5907 5905 5890 
3 5890 5905 5891 
3 5877 5908 5889 
3 5889 5908 5886 
3 5908 5909 5886 
3 5886 5909 5887 
3 5910 5908 5876 
3 5876 5908 5877 
3 5908 5910 5909 
3 5909 5910 5911 
3 5912 5913 5909 
3 5909 5913 5887 
3 5907 5913 5905 
3 5905 5913 5912 
3 5914 5858 5872 
3 5872 5858 5860 
3 5915 5875 5859 
3 5859 5875 5865 
3 5858 5914 5859 
3 5859 5914 5915 
3 5914 5902 5915 
3 5915 5902 5916 
3 5916 5902 5917 
3 5917 5902 5900 
3 5918 5875 5916 
3 5916 5875 5915 
3 5914 5872 5902 
3 5902 5872 5903 
3 5875 5918 5874 
3 5874 5918 5919 
3 5873 5874 5876 
3 5876 5874 5919 
3 5919 5920 5876 
3 5876 5920 5910 
3 5918 5921 5919 
3 5919 5921 5920 
3 5922 5920 5923 
3 5923 5920 5921 
3 5916 5917 5918 
3 5918 5917 5921 
3 5923 5921 5924 
3 5924 5921 5917 
3 5911 5910 5922 
3 5922 5910 5920 
3 5926 5911 5925 
3 5925 5911 5922 
3 5927 5925 5929 
3 5929 5925 5928 
3 5923 5928 5922 
3 5922 5928 5925 
3 5926 5925 5906 
3 5906 5925 5927 
3 5905 5912 5906 
3 5906 5912 5926 
3 5926 5912 5911 
3 5911 5912 5909 
3 5924 5917 5901 
3 5901 5917 5900 
3 5929 5924 5904 
3 5904 5924 5901 
3 5929 5928 5924 
3 5924 5928 5923 
3 5927 5929 5899 
3 5899 5929 5904 
3 5899 5896 5927 
3 5927 5896 5906 
3 5907 5890 5888 
3 5888 5890 5881 
3 5887 5913 5888 
3 5888 5913 5907 
3 5831 5830 5640 
3 5640 5830 5638 
3 5836 5833 5837 
3 5837 5833 5832 
3 5841 5840 5848 
3 5848 5840 5849 
3 5847 5849 5842 
3 5842 5849 5840 
3 5730 5738 5845 
3 5845 5738 5846 
3 5837 5832 5848 
3 5848 5832 5841 
3 5640 5731 5831 
3 5831 5731 5861 
3 5707 5833 5738 
3 5738 5833 5846 
3 5861 5845 5850 
3 5850 5845 5844 
3 5723 5638 5842 
3 5842 5638 5830 
3 5675 5731 5594 
3 5594 5731 5640 
3 5659 5675 5463 
3 5463 5675 5460 
3 5464 5463 5459 
3 5459 5463 5460 
3 5660 5464 5673 
3 5673 5464 5459 
3 5930 5931 5933 
3 5933 5931 5932 
3 5937 5934 5936 
3 5936 5934 5935 
3 5937 5939 5934 
3 5934 5939 5938 
3 5943 5940 5942 
3 5942 5940 5941 
3 5936 5935 5945 
3 5945 5935 5944 
3 5949 5946 5948 
3 5948 5946 5947 
3 5592 5518 5951 
3 5951 5518 5950 
3 5518 5708 5950 
3 5950 5708 5952 
3 5956 5953 5955 
3 5955 5953 5954 
3 5945 5957 5936 
3 5936 5957 5941 
3 5948 5947 5932 
3 5932 5947 5958 
3 5945 5933 5957 
3 5957 5933 5959 
3 5960 5954 5939 
3 5939 5954 5961 
3 5962 5963 5965 
3 5965 5963 5964 
3 5954 5953 5961 
3 5961 5953 5966 
3 5939 5961 5938 
3 5938 5961 5967 
3 5960 5939 5940 
3 5940 5939 5937 
3 5968 5969 5930 
3 5930 5969 5931 
3 5968 5930 5970 
3 5970 5930 5944 
3 5940 5943 5960 
3 5960 5943 5971 
3 5972 5946 5956 
3 5956 5946 5953 
3 5944 5930 5945 
3 5945 5930 5933 
3 5974 5935 5973 
3 5973 5935 5934 
3 5933 5932 5959 
3 5959 5932 5958 
3 5936 5941 5937 
3 5937 5941 5940 
3 5976 5975 5969 
3 5969 5975 5931 
3 5962 5977 5963 
3 5963 5977 5967 
3 5964 5963 5949 
3 5949 5963 5966 
3 5965 5964 5976 
3 5976 5964 5975 
3 5946 5949 5953 
3 5953 5949 5966 
3 5967 5977 5938 
3 5938 5977 5978 
3 5970 5944 5974 
3 5974 5944 5935 
3 5616 5955 5753 
3 5753 5955 5971 
3 5973 5934 5978 
3 5978 5934 5938 
3 5941 5957 5942 
3 5942 5957 5952 
3 5961 5966 5967 
3 5967 5966 5963 
3 5948 5975 5949 
3 5949 5975 5964 
3 5948 5932 5975 
3 5975 5932 5931 
3 5978 5977 5980 
3 5980 5977 5979 
3 5981 5973 5980 
3 5980 5973 5978 
3 5982 5974 5981 
3 5981 5974 5973 
3 5983 5970 5982 
3 5982 5970 5974 
3 5977 5962 5979 
3 5979 5962 5984 
3 5962 5965 5984 
3 5984 5965 5985 
3 5976 5986 5965 
3 5965 5986 5985 
3 5984 5987 5979 
3 5979 5987 5988 
3 5990 5991 5989 
3 5989 5991 5992 
3 5991 5990 5994 
3 5994 5990 5993 
3 5991 5994 5996 
3 5996 5994 5995 
3 5999 5996 5998 
3 5998 5996 5997 
3 5997 5996 6000 
3 6000 5996 5995 
3 5991 5996 5992 
3 5992 5996 5999 
3 6001 6002 5992 
3 5992 6002 5989 
3 6003 5995 5993 
3 5993 5995 5994 
3 5980 6003 5981 
3 5981 6003 5993 
3 5993 6004 5981 
3 5981 6004 5982 
3 5990 6005 5993 
3 5993 6005 6004 
3 5989 6006 5990 
3 5990 6006 6005 
3 5988 6000 6003 
3 6003 6000 5995 
3 5980 5979 6003 
3 6003 5979 5988 
3 6002 6007 5989 
3 5989 6007 6006 
3 6006 6009 6005 
3 6005 6009 6008 
3 6007 6010 6006 
3 6006 6010 6009 
3 6009 6012 6008 
3 6008 6012 6011 
3 6008 6011 6014 
3 6014 6011 6013 
3 6012 6009 6015 
3 6015 6009 6010 
3 6005 6008 6004 
3 6004 6008 6014 
3 5983 5982 6014 
3 6014 5982 6004 
3 6002 6016 6007 
3 6007 6016 6017 
3 6002 6001 6016 
3 6016 6001 6018 
3 5988 6019 6000 
3 6000 6019 5997 
3 6019 6020 5997 
3 5997 6020 5998 
3 6021 6019 5987 
3 5987 6019 5988 
3 6020 6019 6022 
3 6022 6019 6021 
3 6020 6023 5998 
3 5998 6023 6024 
3 6018 6024 6016 
3 6016 6024 6023 
3 6025 5968 5983 
3 5983 5968 5970 
3 5986 5976 6026 
3 6026 5976 5969 
3 5968 6025 5969 
3 5969 6025 6026 
3 6025 6013 6026 
3 6026 6013 6027 
3 6028 6027 6011 
3 6011 6027 6013 
3 6029 5986 6027 
3 6027 5986 6026 
3 6014 6013 5983 
3 5983 6013 6025 
3 5986 6029 5985 
3 5985 6029 6030 
3 5984 5985 5987 
3 5987 5985 6030 
3 5987 6030 6021 
3 6021 6030 6031 
3 6031 6030 6032 
3 6032 6030 6029 
3 6033 6031 6034 
3 6034 6031 6032 
3 6032 6029 6028 
3 6028 6029 6027 
3 6028 6035 6032 
3 6032 6035 6034 
3 6022 6021 6033 
3 6033 6021 6031 
3 6033 6036 6022 
3 6022 6036 6037 
3 6040 6038 6039 
3 6039 6038 6036 
3 6036 6033 6039 
3 6039 6033 6034 
3 6036 6038 6037 
3 6037 6038 6017 
3 6016 6023 6017 
3 6017 6023 6037 
3 6022 6037 6020 
3 6020 6037 6023 
3 6035 6028 6012 
3 6012 6028 6011 
3 6040 6035 6015 
3 6015 6035 6012 
3 6040 6039 6035 
3 6035 6039 6034 
3 6010 6038 6015 
3 6015 6038 6040 
3 6017 6038 6007 
3 6007 6038 6010 
3 6018 6001 5999 
3 5999 6001 5992 
3 5998 6024 5999 
3 5999 6024 6018 
3 5754 5943 5755 
3 5755 5943 5942 
3 5946 5972 5947 
3 5947 5972 6041 
3 5959 5958 5950 
3 5950 5958 5951 
3 5957 5959 5952 
3 5952 5959 5950 
3 5615 5956 5616 
3 5616 5956 5955 
3 6041 5951 5947 
3 5947 5951 5958 
3 5753 5971 5754 
3 5754 5971 5943 
3 5651 5972 5615 
3 5615 5972 5956 
3 5960 5971 5954 
3 5954 5971 5955 
3 5942 5952 5755 
3 5755 5952 5708 
3 6044 6045 6043 
3 6043 6045 6042 
3 6049 6046 6048 
3 6048 6046 6047 
3 6051 6050 6049 
3 6049 6050 6046 
3 6055 6052 6054 
3 6054 6052 6053 
3 6056 6057 6059 
3 6059 6057 6058 
3 6048 6047 6061 
3 6061 6047 6060 
3 6062 6063 6065 
3 6065 6063 6064 
3 6067 6068 6066 
3 6066 6068 6069 
3 6067 5652 6068 
3 6068 5652 6070 
3 6071 6072 6074 
3 6074 6072 6073 
3 6061 6075 6048 
3 6048 6075 6053 
3 6069 6058 6066 
3 6066 6058 6057 
3 6044 6064 6076 
3 6076 6064 6063 
3 6045 6077 6061 
3 6061 6077 6075 
3 6078 6072 6051 
3 6051 6072 6079 
3 6083 6080 6082 
3 6082 6080 6081 
3 6072 6071 6079 
3 6079 6071 6084 
3 6051 6079 6050 
3 6050 6079 6085 
3 6049 6052 6051 
3 6051 6052 6078 
3 6087 6043 6086 
3 6086 6043 6042 
3 6086 6042 6088 
3 6088 6042 6060 
3 6052 6055 6078 
3 6078 6055 6089 
3 6062 6071 6059 
3 6059 6071 6074 
3 6045 6061 6042 
3 6042 6061 6060 
3 6091 6047 6090 
3 6090 6047 6046 
3 6045 6044 6077 
3 6077 6044 6076 
3 6048 6053 6049 
3 6049 6053 6052 
3 6093 6092 6087 
3 6087 6092 6043 
3 6080 6094 6081 
3 6081 6094 6085 
3 6082 6081 6065 
3 6065 6081 6084 
3 6083 6082 6093 
3 6093 6082 6092 
3 6071 6062 6084 
3 6084 6062 6065 
3 6094 6095 6085 
3 6085 6095 6050 
3 6088 6060 6091 
3 6091 6060 6047 
3 6073 6089 5654 
3 5654 6089 5655 
3 6050 6095 6046 
3 6046 6095 6090 
3 6053 6075 6054 
3 6054 6075 6070 
3 6079 6084 6085 
3 6085 6084 6081 
3 6092 6082 6064 
3 6064 6082 6065 
3 6043 6092 6044 
3 6044 6092 6064 
3 6095 6094 6097 
3 6097 6094 6096 
3 6098 6090 6097 
3 6097 6090 6095 
3 6099 6091 6098 
3 6098 6091 6090 
3 6099 6100 6091 
3 6091 6100 6088 
3 6094 6080 6096 
3 6096 6080 6101 
3 6080 6083 6101 
3 6101 6083 6102 
3 6102 6083 6103 
3 6103 6083 6093 
3 6101 6104 6096 
3 6096 6104 6105 
3 6109 6106 6108 
3 6108 6106 6107 
3 6108 6107 6111 
3 6111 6107 6110 
3 6108 6111 6113 
3 6113 6111 6112 
3 6113 6114 6116 
3 6116 6114 6115 
3 6114 6113 6117 
3 6117 6113 6112 
3 6116 6109 6113 
3 6113 6109 6108 
3 6109 6118 6106 
3 6106 6118 6119 
3 6120 6112 6110 
3 6110 6112 6111 
3 6097 6120 6098 
3 6098 6120 6110 
3 6099 6098 6121 
3 6121 6098 6110 
3 6121 6110 6122 
3 6122 6110 6107 
3 6123 6122 6106 
3 6106 6122 6107 
3 6117 6112 6105 
3 6105 6112 6120 
3 6097 6096 6120 
3 6120 6096 6105 
3 6106 6119 6123 
3 6123 6119 6124 
3 6125 6122 6126 
3 6126 6122 6123 
3 6126 6123 6127 
3 6127 6123 6124 
3 6128 6125 6129 
3 6129 6125 6126 
3 6125 6128 6131 
3 6131 6128 6130 
3 6127 6132 6126 
3 6126 6132 6129 
3 6122 6125 6121 
3 6121 6125 6131 
3 6100 6099 6131 
3 6131 6099 6121 
3 6119 6133 6124 
3 6124 6133 6134 
3 6119 6118 6133 
3 6133 6118 6135 
3 6105 6136 6117 
3 6117 6136 6114 
3 6137 6115 6136 
3 6136 6115 6114 
3 6136 6105 6138 
3 6138 6105 6104 
3 6138 6139 6136 
3 6136 6139 6137 
3 6115 6137 6141 
3 6141 6137 6140 
3 6135 6141 6133 
3 6133 6141 6140 
3 6142 6086 6100 
3 6100 6086 6088 
3 6143 6103 6087 
3 6087 6103 6093 
3 6142 6143 6086 
3 6086 6143 6087 
3 6143 6142 6144 
3 6144 6142 6130 
3 6144 6130 6145 
3 6145 6130 6128 
3 6146 6103 6144 
3 6144 6103 6143 
3 6131 6130 6100 
3 6100 6130 6142 
3 6147 6102 6146 
3 6146 6102 6103 
3 6102 6147 6101 
3 6101 6147 6104 
3 6147 6148 6104 
3 6104 6148 6138 
3 6148 6147 6149 
3 6149 6147 6146 
3 6150 6148 6151 
3 6151 6148 6149 
3 6149 6146 6145 
3 6145 6146 6144 
3 6145 6152 6149 
3 6149 6152 6151 
3 6139 6138 6150 
3 6150 6138 6148 
3 6150 6153 6139 
3 6139 6153 6154 
3 6153 6156 6155 
3 6155 6156 6157 
3 6151 6156 6150 
3 6150 6156 6153 
3 6153 6155 6154 
3 6154 6155 6134 
3 6133 6140 6134 
3 6134 6140 6154 
3 6140 6137 6154 
3 6154 6137 6139 
3 6129 6152 6128 
3 6128 6152 6145 
3 6157 6152 6132 
3 6132 6152 6129 
3 6152 6157 6151 
3 6151 6157 6156 
3 6155 6157 6127 
3 6127 6157 6132 
3 6134 6155 6124 
3 6124 6155 6127 
3 6135 6118 6116 
3 6116 6118 6109 
3 6115 6141 6116 
3 6116 6141 6135 
3 5751 6055 5614 
3 5614 6055 6054 
3 6059 6058 6062 
3 6062 6058 6063 
3 6076 6069 6077 
3 6077 6069 6068 
3 6068 6070 6077 
3 6077 6070 6075 
3 6059 6074 6056 
3 6056 6074 6158 
3 6058 6069 6063 
3 6063 6069 6076 
3 5655 6089 5751 
3 5751 6089 6055 
3 6089 6073 6078 
3 6078 6073 6072 
3 5652 5614 6070 
3 6070 5614 6054 
3 6160 6159 5470 
3 5470 6159 5546 
3 5728 5576 6162 
3 6162 5576 6161 
3 5576 5575 6161 
3 6161 5575 6163 
3 6164 6165 5712 
3 5712 6165 5710 
3 5473 5728 6166 
3 6166 5728 6162 
3 6159 6167 5546 
3 5546 6167 5749 
3 5470 5473 6160 
3 6160 5473 6166 
3 6168 5711 6167 
3 6167 5711 5749 
3 6163 5575 6165 
3 6165 5575 5710 
3 6164 5712 6168 
3 6168 5712 5711 
3 6168 6167 6170 
3 6170 6167 6169 
3 6171 6164 6170 
3 6170 6164 6168 
3 6172 6165 6171 
3 6171 6165 6164 
3 6173 6163 6172 
3 6172 6163 6165 
3 6167 6159 6169 
3 6169 6159 6174 
3 6159 6160 6174 
3 6174 6160 6175 
3 6176 6175 6166 
3 6166 6175 6160 
3 6174 6177 6169 
3 6169 6177 6178 
3 6180 6181 6179 
3 6179 6181 6182 
3 6183 6184 6180 
3 6180 6184 6181 
3 6181 6184 6186 
3 6186 6184 6185 
3 6188 6186 6187 
3 6187 6186 6185 
3 6181 6186 6182 
3 6182 6186 6189 
3 6191 6190 6189 
3 6189 6190 6182 
3 6190 6192 6182 
3 6182 6192 6179 
3 6183 6193 6184 
3 6184 6193 6185 
3 6170 6193 6171 
3 6171 6193 6183 
3 6172 6171 6194 
3 6194 6171 6183 
3 6194 6183 6195 
3 6195 6183 6180 
3 6195 6180 6196 
3 6196 6180 6179 
3 6185 6193 6187 
3 6187 6193 6178 
3 6170 6169 6193 
3 6193 6169 6178 
3 6196 6179 6197 
3 6197 6179 6192 
3 6196 6199 6195 
3 6195 6199 6198 
3 6197 6200 6196 
3 6196 6200 6199 
3 6198 6199 6201 
3 6201 6199 6202 
3 6198 6201 6204 
3 6204 6201 6203 
3 6202 6199 6205 
3 6205 6199 6200 
3 6195 6198 6194 
3 6194 6198 6204 
3 6173 6172 6204 
3 6204 6172 6194 
3 6197 6192 6207 
3 6207 6192 6206 
3 6192 6190 6206 
3 6206 6190 6191 
3 6178 6208 6187 
3 6187 6208 6188 
3 6209 6188 6210 
3 6210 6188 6208 
3 6208 6178 6211 
3 6211 6178 6177 
3 6210 6208 6212 
3 6212 6208 6211 
3 6214 6209 6213 
3 6213 6209 6210 
3 6213 6206 6214 
3 6214 6206 6191 
3 6188 6209 6186 
3 6186 6209 6189 
3 6191 6189 6214 
3 6214 6189 6209 
3 6161 6163 6215 
3 6215 6163 6173 
3 6166 6162 6176 
3 6176 6162 6216 
3 6162 6161 6216 
3 6216 6161 6215 
3 6215 6203 6216 
3 6216 6203 6217 
3 6217 6203 6218 
3 6218 6203 6201 
3 6219 6176 6217 
3 6217 6176 6216 
3 6204 6203 6173 
3 6173 6203 6215 
3 6176 6219 6175 
3 6175 6219 6220 
3 6220 6177 6175 
3 6175 6177 6174 
3 6220 6221 6177 
3 6177 6221 6211 
3 6221 6220 6222 
3 6222 6220 6219 
3 6223 6221 6224 
3 6224 6221 6222 
3 6222 6219 6218 
3 6218 6219 6217 
3 6218 6225 6222 
3 6222 6225 6224 
3 6212 6211 6223 
3 6223 6211 6221 
3 6223 6226 6212 
3 6212 6226 6227 
3 6228 6226 6230 
3 6230 6226 6229 
3 6224 6229 6223 
3 6223 6229 6226 
3 6207 6227 6228 
3 6228 6227 6226 
3 6227 6207 6213 
3 6213 6207 6206 
3 6212 6227 6210 
3 6210 6227 6213 
3 6218 6201 6225 
3 6225 6201 6202 
3 6230 6225 6205 
3 6205 6225 6202 
3 6230 6229 6225 
3 6225 6229 6224 
3 6228 6230 6200 
3 6200 6230 6205 
3 6200 6197 6228 
3 6228 6197 6207 
3 5661 5660 5671 
3 5671 5660 5673 
3 5661 5671 5662 
3 5662 5671 5645 
3 5972 5651 6041 
3 6041 5651 5650 
3 5732 5750 5516 
3 5516 5750 5517 
3 5636 5752 5659 
3 5659 5752 5737 
3 5751 5635 5655 
3 5655 5635 5525 
3 5650 5592 6041 
3 6041 5592 5951 
3 5592 5650 5593 
3 5593 5650 5649 
3 5514 5513 5736 
3 5736 5513 5599 
3 5545 5544 5739 
3 5739 5544 6231 
3 6231 6057 5739 
3 5739 6057 6056 
3 6066 6057 6232 
3 6232 6057 6231 
3 6232 6231 6233 
3 6233 6231 5544 
3 6233 5544 6234 
3 6234 5544 5543 
3 5543 5542 6235 
3 6235 5542 5605 
3 5538 6234 6235 
3 6235 6234 5543 
3 5538 5541 6234 
3 6234 5541 6236 
3 6234 6236 6233 
3 6233 6236 6237 
3 6233 6237 6232 
3 6232 6237 6238 
3 5652 6067 5649 
3 5649 6067 6238 
3 5515 6239 5512 
3 5512 6239 5641 
3 5605 5539 6235 
3 6235 5539 5538 
3 5752 5636 5613 
3 5613 5636 5635 
3 5593 5649 5736 
3 5736 5649 6238 
3 6066 6232 6067 
3 6067 6232 6238 
3 5654 6158 6073 
3 6073 6158 6074 
3 6056 6158 5739 
3 5739 6158 5654 
3 5514 5736 6237 
3 6237 5736 6238 
3 6237 6236 5514 
3 5514 6236 5515 
3 5515 6236 6239 
3 6239 6236 5541 
3 5541 5540 6239 
3 6239 5540 5641 
3 5641 5540 5698 
3 5698 5540 5701 
3 5581 5474 5716 
3 5503 5536 5442 
3 5442 5536 5469 
3 5442 5469 5443 
3 5443 5469 5468 
3 5725 5556 5726 
3 5726 5556 5555 
3 5536 5503 5510 
3 5510 5503 5505 
3 5506 5505 5502 
3 5502 5505 5503 
3 5580 5506 5454 
3 5454 5506 5502 
3 5455 5580 5453 
3 5453 5580 5454 
3 5728 5473 5452 
3 5452 5473 5472 
3 5456 5453 5472 
3 5472 5453 5452 
3 5685 5456 5471 
3 5471 5456 5472 
3 5686 5685 5547 
3 5547 5685 5471 
3 5686 5547 5692 
3 5692 5547 5748 
3 5692 5748 5531 
3 5531 5748 5714 
3 5531 5714 5485 
3 5485 5714 5713 
3 5448 5485 5709 
3 5709 5485 5713 
3 5727 5577 5728 
3 5728 5577 5576 
3 5557 5697 5444 
3 5444 5697 5451 
3 5444 5443 5557 
3 5557 5443 5555 
3 5726 5555 5468 
3 5468 5555 5443 
3 5554 5726 5467 
3 5467 5726 5468 
3 5551 5554 5746 
3 5746 5554 5467 
3 5715 5551 5699 
3 5699 5551 5746 
3 5716 5715 5698 
3 5698 5715 5699 
3 5581 5716 5701 
3 5701 5716 5698 
3 5582 5581 5700 
3 5700 5581 5701 
3 5482 5556 5478 
3 5478 5556 5725 
3 5482 5478 5483 
3 5483 5478 5481 
3 5483 5481 5532 
3 5532 5481 5533 
3 5690 5687 5533 
3 5533 5687 5532 
3 5687 5690 5646 
3 5646 5690 5643 
3 5582 5700 5745 
3 5745 5700 5718 
3 5745 5718 5496 
3 5496 5718 5717 
3 5637 5653 5604 
3 5604 5653 5717 
3 5632 5656 5653 
3 5653 5656 5497 
3 5496 5717 5497 
3 5497 5717 5653 
3 5656 5526 5497 
3 5497 5526 5493 
3 5527 5569 5494 
3 5494 5569 5520 
3 5664 5667 5527 
3 5527 5667 5569 
3 5667 5664 5670 
3 5670 5664 5663 
3 5670 5663 5740 
3 5740 5663 5644 
3 5643 5695 5644 
3 5644 5695 5740 
3 5449 5448 5574 
3 5574 5448 5709 
3 5697 5449 5577 
3 5577 5449 5574 
3 5451 5697 5727 
3 5727 5697 5577 
3 5451 5727 5450 
3 5450 5727 5452 
3 3618 6240 3619 
3 3619 6240 6241 
3 6242 6243 3627 
3 3627 6243 3628 
3 3630 3633 6245 
3 6245 3633 6244 
3 3636 3635 6247 
3 6247 3635 6246 
3 6248 6249 3641 
3 3641 6249 3638 
3 3638 6249 3642 
3 3642 6249 6250 
3 3742 6251 3743 
3 3743 6251 6252 
3 3627 3630 6242 
3 6242 3630 6245 
3 6254 3753 6253 
3 6253 3753 3752 
3 6240 3618 6255 
3 6255 3618 3856 
3 6256 6244 3931 
3 3931 6244 3633 
3 3635 3619 6246 
3 6246 3619 6241 
3 3946 3945 6258 
3 6258 3945 6257 
3 3641 3947 6248 
3 6248 3947 6259 
3 3945 3628 6257 
3 6257 3628 6243 
3 6258 6253 3946 
3 3946 6253 3752 
3 3947 3636 6259 
3 6259 3636 6247 
3 3642 6250 3742 
3 3742 6250 6251 
3 6252 6256 3743 
3 3743 6256 3931 
3 6251 6250 6248 
3 6248 6250 6249 
3 6244 6260 6245 
3 6245 6260 6261 
3 6247 6246 6263 
3 6263 6246 6262 
3 6251 6264 6252 
3 6252 6264 6265 
3 6245 6261 6242 
3 6242 6261 6266 
3 6244 6256 6260 
3 6260 6256 6267 
3 6268 6262 6241 
3 6241 6262 6246 
3 6248 6259 6270 
3 6270 6259 6269 
3 6259 6247 6269 
3 6269 6247 6263 
3 6252 6265 6256 
3 6256 6265 6267 
3 6248 6270 6251 
3 6251 6270 6264 
3 6272 6271 6258 
3 6258 6271 6253 
3 6270 6269 6264 
3 6264 6269 6265 
3 6269 6263 6265 
3 6265 6263 6267 
3 6263 6262 6267 
3 6267 6262 6260 
3 6268 6261 6262 
3 6262 6261 6260 
3 4185 4184 6273 
3 6273 4184 6274 
3 6241 6240 6268 
3 6268 6240 6275 
3 6277 6276 6243 
3 6243 6276 6257 
3 6275 6240 6278 
3 6278 6240 6255 
3 6258 6257 6272 
3 6272 6257 6276 
3 6242 6266 6243 
3 6243 6266 6277 
3 6261 6268 6266 
3 6266 6268 6275 
3 6253 6271 6254 
3 6254 6271 6279 
3 3684 3887 3712 
3 3712 3887 3864 
3 3710 3891 5232 
3 5232 3891 5241 
3 5241 3891 5242 
3 5242 3891 3899 
3 5242 3899 3865 
3 3865 3899 3733 
3 6281 4117 6280 
3 6280 4117 4116 
3 4878 4277 6281 
3 6281 4277 4117 
3 4279 4717 4886 
3 4886 4717 4716 
3 4878 4881 4277 
3 4277 4881 4791 
3 4881 6282 4791 
3 4791 6282 4794 
3 6283 5011 4850 
3 4850 5011 4851 
3 4855 5206 4856 
3 4856 5206 4857 
3 4853 4856 4278 
3 4278 4856 4859 
3 4278 4859 4279 
3 4279 4859 4717 
3 4741 4744 4862 
3 4862 4744 4863 
3 4865 5010 4866 
3 4866 5010 5365 
3 4882 4871 4883 
3 4883 4871 4870 
3 6280 4116 4882 
3 4882 4116 4871 
3 6283 4850 6282 
3 6282 4850 4794 
3 4864 4852 4865 
3 4865 4852 4851 
3 5206 4855 4869 
3 4869 4855 4870 
3 4716 4715 4863 
3 4863 4715 4860 
3 4862 4861 4866 
3 4866 4861 4867 
3 4853 4268 4854 
3 4854 4268 4267 
3 4764 4281 4273 
3 4273 4281 4280 
3 4903 4906 4742 
3 4742 4906 4743 
3 4873 4880 4819 
3 4819 4880 4879 
3 4979 4885 5012 
3 5012 4885 4884 
3 4273 4280 4274 
3 4274 4280 4887 
3 6280 4902 6281 
3 6281 4902 4901 
3 6282 4978 6283 
3 6283 4978 4977 
3 4265 4268 4764 
3 4764 4268 4281 
3 6281 4901 4878 
3 4878 4901 4879 
3 4882 4885 6280 
3 6280 4885 4902 
3 6282 4881 4978 
3 4978 4881 4880 
3 5012 4884 4266 
3 4266 4884 4267 
3 4744 4743 4886 
3 4886 4743 4887 
3 4811 4410 6284 
3 6284 4410 4409 
3 4749 4748 6285 
3 6285 4748 6286 
3 6288 4694 6287 
3 6287 4694 4254 
3 4964 4750 4674 
3 4674 4750 4749 
3 4959 4962 6290 
3 6290 4962 6289 
3 4407 4410 4805 
3 4805 4410 4806 
3 4955 4958 6292 
3 6292 4958 6291 
3 4954 4958 6293 
3 6293 4958 4957 
3 4804 4962 4963 
3 4963 4962 4961 
3 4747 4750 4960 
3 4960 4750 4961 
3 6297 6294 6296 
3 6296 6294 6295 
3 6298 6299 6287 
3 6287 6299 4734 
3 4959 6300 4960 
3 4960 6300 6301 
3 6303 6286 6302 
3 6302 6286 4748 
3 4967 6304 4968 
3 4968 6304 6305 
3 4899 6306 6307 
3 6307 6306 4412 
3 6290 6308 4959 
3 4959 6308 6300 
3 4805 6309 4407 
3 4407 6309 4411 
3 4695 6310 4255 
3 4255 6310 6311 
3 4747 6312 4748 
3 4748 6312 6302 
3 4960 6301 4747 
3 4747 6301 6312 
3 6314 6315 6313 
3 6313 6315 6316 
3 4083 6317 6314 
3 6314 6317 6315 
3 4082 6318 4083 
3 4083 6318 6317 
3 6318 4082 6319 
3 6319 4082 4111 
3 4136 6320 4137 
3 4137 6320 6321 
3 4126 6322 4127 
3 4127 6322 6323 
3 6324 6322 4192 
3 4192 6322 4126 
3 6325 6324 4890 
3 4890 6324 4192 
3 6327 6325 6326 
3 6326 6325 4890 
3 5227 5226 4823 
3 4823 5226 6326 
3 6328 5230 4682 
3 4682 5230 4683 
3 6329 6328 4098 
3 4098 6328 4682 
3 6330 6329 4101 
3 4101 6329 4098 
3 4173 4825 4428 
3 4428 4825 4828 
3 4172 4740 4173 
3 4173 4740 4825 
3 4179 4737 4172 
3 4172 4737 4740 
3 4737 4179 6332 
3 6332 4179 6331 
3 6273 6333 4185 
3 4185 6333 4187 
3 4180 4824 4179 
3 4179 4824 6331 
3 5164 5044 5212 
3 5212 5044 5043 
3 5221 5046 5086 
3 5086 5046 5045 
3 5197 5077 5062 
3 5062 5077 5076 
3 5193 5081 5098 
3 5098 5081 5080 
3 5072 5095 5073 
3 5073 5095 5094 
3 5092 5095 5169 
3 5169 5095 5372 
3 5169 5372 5170 
3 5170 5372 5374 
3 5170 5374 5221 
3 5221 5374 5046 
3 5066 5375 5037 
3 5037 5375 5045 
3 5084 5375 5085 
3 5085 5375 5376 
3 5085 5376 5164 
3 5164 5376 5044 
3 5212 5043 5213 
3 5213 5043 5377 
3 5213 5377 5033 
3 5033 5377 5076 
3 5034 5077 5193 
3 5193 5077 5081 
3 6334 5378 5079 
3 5079 5378 5080 
3 5073 5094 6334 
3 6334 5094 5378 
3 5078 5032 5079 
3 5079 5032 5031 
3 5015 5040 5016 
3 5016 5040 5039 
3 5041 5050 5042 
3 5042 5050 5049 
3 5021 5065 5022 
3 5022 5065 5064 
3 5022 5064 5048 
3 5048 5064 5049 
3 5019 5067 5015 
3 5015 5067 5040 
3 5070 5373 5071 
3 5071 5373 5199 
3 5074 5155 5075 
3 5075 5155 5154 
3 5066 5067 5211 
3 5211 5067 5161 
3 6334 5191 5073 
3 5073 5191 5074 
3 5065 5021 5198 
3 5198 5021 5195 
3 5075 5154 5071 
3 5071 5154 5068 
3 5373 5070 5038 
3 5038 5070 5039 
3 5047 5050 5160 
3 5160 5050 5161 
3 5079 5031 6334 
3 6334 5031 5191 
3 5198 5195 5032 
3 5032 5195 5029 
3 5407 5018 5210 
3 5210 5018 5017 
3 5162 5020 5407 
3 5407 5020 5018 
3 5414 5024 5056 
3 5056 5024 5023 
3 5160 5028 5047 
3 5047 5028 5027 
3 5029 5054 5030 
3 5030 5054 5053 
3 5048 5057 5022 
3 5022 5057 5023 
3 5068 5061 5069 
3 5069 5061 5060 
3 5156 5437 5157 
3 5157 5437 5441 
3 5030 5053 5190 
3 5190 5053 5159 
3 5019 5020 5160 
3 5160 5020 5028 
3 5219 5196 5414 
3 5414 5196 5024 
3 5157 5441 5061 
3 5061 5441 5058 
3 5069 5060 5016 
3 5016 5060 5017 
3 5437 5156 5158 
3 5158 5156 5159 
3 5055 5057 5026 
3 5026 5057 5027 
3 5195 5196 5029 
3 5029 5196 5054 
3 6335 5409 5379 
3 5379 5409 5408 
3 5025 5412 5026 
3 5026 5412 5411 
3 5395 5416 5392 
3 5392 5416 5415 
3 5055 5418 5056 
3 5056 5418 5415 
3 5419 5425 5395 
3 5395 5425 5416 
3 5421 5427 5422 
3 5422 5427 5426 
3 5441 5429 5058 
3 5058 5429 5426 
3 5210 5432 5407 
3 5407 5432 5408 
3 5059 5427 5210 
3 5210 5427 5432 
3 5417 5418 5410 
3 5410 5418 5411 
3 5051 5436 5052 
3 5052 5436 5435 
3 5438 5401 5439 
3 5439 5401 5400 
3 5435 5434 5438 
3 5438 5434 5401 
3 5413 5412 6335 
3 6335 5412 5409 
3 5428 5429 5400 
3 5400 5429 5439 
3 5433 5436 5419 
3 5419 5436 5425 
3 5383 5382 5431 
3 5431 5382 5381 
3 5379 5382 6335 
3 6335 5382 5385 
3 6335 5385 5413 
3 5413 5385 5387 
3 5410 5391 5417 
3 5417 5391 5390 
3 5704 5394 5703 
3 5703 5394 5393 
3 5433 5399 5434 
3 5434 5399 5398 
3 5404 5403 5440 
3 5440 5403 5402 
3 5400 5403 5428 
3 5428 5403 5406 
3 5747 5420 5704 
3 5704 5420 5394 
3 5430 5424 5705 
3 5705 5424 5423 
3 5703 5393 5389 
3 5389 5393 5390 
3 5386 5388 5387 
3 5387 5388 5391 
3 5421 5424 5380 
3 5380 5424 5381 
3 5705 5423 5405 
3 5405 5423 5406 
3 5402 5401 5398 
3 5398 5401 5434 
3 5396 5399 5747 
3 5747 5399 5420 
3 4230 4097 4720 
3 4720 4097 4096 
3 4094 4097 5272 
3 5272 4097 4232 
3 6336 6337 4784 
3 4784 6337 4785 
3 4075 4779 4072 
3 4072 4779 4780 
3 4781 4189 4780 
3 4780 4189 4072 
3 4782 4900 4781 
3 4781 4900 4189 
3 4720 4096 4075 
3 4075 4096 4779 
3 2877 4700 2878 
3 2878 4700 6336 
3 6339 5271 6338 
3 6338 5271 5279 
3 5281 5280 6340 
3 6340 5280 6341 
3 6300 4109 6301 
3 6301 4109 4108 
3 4283 4282 6302 
3 6302 4282 6303 
3 6304 4378 6305 
3 6305 4378 4377 
3 6308 4427 6300 
3 6300 4427 4109 
3 4686 4411 4687 
3 4687 4411 6309 
3 6312 4752 6302 
3 6302 4752 4283 
3 6301 4108 6312 
3 6312 4108 4752 
3 4426 4427 5225 
3 5225 4427 6342 
3 4146 4899 4415 
3 4415 4899 6307 
3 4719 4240 6310 
3 6310 4240 6311 
3 5222 6343 4701 
3 4701 6343 4698 
3 6345 6344 4219 
3 4219 6344 4220 
3 6347 6346 5274 
3 5274 6346 5275 
3 6348 6347 4727 
3 4727 6347 5274 
3 5284 5283 6349 
3 6349 5283 4726 
3 6352 6353 6351 
3 6351 6353 6350 
3 5292 5291 5311 
3 5311 5291 5312 
3 5336 5292 5343 
3 5343 5292 5311 
3 4913 4915 5343 
3 5343 4915 5336 
3 4913 4912 4915 
3 4915 4912 4916 
3 4912 6354 4916 
3 4916 6354 4977 
3 6355 6356 6283 
3 6283 6356 5011 
3 5010 5011 6357 
3 6357 5011 6356 
3 6358 5365 6357 
3 6357 5365 5010 
3 5365 6358 4741 
3 4741 6358 6359 
3 4742 6360 4903 
3 4903 6360 5363 
3 4903 5363 4904 
3 4904 5363 5362 
3 5362 6361 4904 
3 4904 6361 4206 
3 4207 4206 6362 
3 6362 4206 6361 
3 4207 6362 5329 
3 5329 6362 5341 
3 5341 5340 5329 
3 5329 5340 4243 
3 5340 6363 4243 
3 4243 6363 4244 
3 6363 6364 4244 
3 4244 6364 4245 
3 6365 6366 4252 
3 4252 6366 4249 
3 4379 4210 6367 
3 6367 4210 4213 
3 4378 4282 4379 
3 4379 4282 4210 
3 4378 6304 4282 
3 4282 6304 6303 
3 6304 4967 6303 
3 6303 4967 6286 
3 4967 4966 6286 
3 6286 4966 6285 
3 4966 6296 6285 
3 6285 6296 4675 
3 4284 4287 4375 
3 4375 4287 6295 
3 4289 4284 4372 
3 4372 4284 4375 
3 6368 6369 6371 
3 6371 6369 6370 
3 5244 6372 5245 
3 5245 6372 6373 
3 6375 4317 6374 
3 6374 4317 4316 
3 6377 4331 6376 
3 6376 4331 4330 
3 6378 4332 6375 
3 6375 4332 4317 
3 4342 6379 4343 
3 4343 6379 6380 
3 6382 4347 6381 
3 6381 4347 4346 
3 6376 4330 6370 
3 6370 4330 4373 
3 6383 4425 6378 
3 6378 4425 4332 
3 6381 4346 6384 
3 6384 4346 4689 
3 6374 4316 6377 
3 6377 4316 4331 
3 6386 4922 6385 
3 6385 4922 4921 
3 6389 4374 6388 
3 6388 4374 6387 
3 6354 6355 4977 
3 4977 6355 6283 
3 6360 4742 6359 
3 6359 4742 4741 
3 4718 6391 4237 
3 4237 6391 6390 
3 5295 6392 4718 
3 4718 6392 6391 
3 6394 6395 6393 
3 6393 6395 6396 
3 6400 6397 6399 
3 6399 6397 6398 
3 5301 5302 6401 
3 6401 5302 6402 
3 5320 6403 5302 
3 5302 6403 6402 
3 5319 6404 5320 
3 5320 6404 6403 
3 6405 5350 5318 
3 5318 5350 5349 
3 5318 5317 6405 
3 6405 5317 6406 
3 6408 6407 4196 
3 4196 6407 5287 
3 6410 6409 4215 
3 4215 6409 4216 
3 6327 6326 6411 
3 6411 6326 5226 
3 6411 5226 6412 
3 6412 5226 4891 
3 6412 4891 6413 
3 6413 4891 4227 
3 6413 4227 6414 
3 6414 4227 4226 
3 6414 4226 6415 
3 6415 4226 4247 
3 6415 4247 6416 
3 6416 4247 4246 
3 6416 4246 6418 
3 6418 4246 6417 
3 6418 6417 6420 
3 6420 6417 6419 
3 5299 6422 5300 
3 5300 6422 6421 
3 6398 6423 5299 
3 5299 6423 6422 
3 6424 6397 6408 
3 6408 6397 6407 
3 6393 6396 6426 
3 6426 6396 6425 
3 6427 4223 6428 
3 6428 4223 4222 
3 4219 5275 6345 
3 6345 5275 6346 
3 6338 6340 6346 
3 6346 6340 6345 
3 5279 5277 5281 
3 5281 5277 4235 
3 4680 4683 5223 
3 5223 4683 4895 
3 5223 4895 4134 
3 4134 4895 4131 
3 4134 4131 4135 
3 4135 4131 4130 
3 4135 4130 4753 
3 4753 4130 4225 
3 4753 4225 4212 
3 4212 4225 4250 
3 4212 4250 4213 
3 4213 4250 4249 
3 4249 6366 4213 
3 4213 6366 6367 
3 4736 6367 4909 
3 4909 6367 6366 
3 5295 4735 5296 
3 5296 4735 4908 
3 6392 5295 6394 
3 6394 5295 5296 
3 6426 6429 6393 
3 6393 6429 6430 
3 4381 6427 4382 
3 4382 6427 6428 
3 5275 4219 5276 
3 5276 4219 4218 
3 4221 4696 4382 
3 4382 4696 4217 
3 6344 4698 4220 
3 4220 4698 6343 
3 6341 4699 6344 
3 6344 4699 4698 
3 4234 4785 5280 
3 5280 4785 6337 
3 4233 4786 4234 
3 4234 4786 4785 
3 5278 5277 6431 
3 6431 5277 5270 
3 4236 5278 6432 
3 6432 5278 6431 
3 4236 6432 4233 
3 4233 6432 4786 
3 6436 6433 6435 
3 6435 6433 6434 
3 6436 6359 6437 
3 6437 6359 6358 
3 6438 6439 6440 
3 6440 6439 6437 
3 6440 6441 6438 
3 6438 6441 6442 
3 6443 6441 6355 
3 6355 6441 6356 
3 6446 6444 6445 
3 6445 6444 6443 
3 6354 4912 6445 
3 6445 4912 4911 
3 5364 5363 6435 
3 6435 5363 6360 
3 6447 5315 5349 
3 5349 5315 5318 
3 6447 5349 6448 
3 6448 5349 4831 
3 6448 4831 6449 
3 6449 4831 4830 
3 6404 5319 6450 
3 6450 5319 5353 
3 6450 5353 6451 
3 6451 5353 4264 
3 6451 4264 6452 
3 6452 4264 4263 
3 6444 6446 4830 
3 4830 6446 6449 
3 4262 6434 4263 
3 4263 6434 6433 
3 6439 6438 6452 
3 6452 6438 6453 
3 4833 6453 6442 
3 6442 6453 6438 
3 6453 4833 6454 
3 6454 4833 4832 
3 6454 4832 6455 
3 6455 4832 5350 
3 6391 6457 6390 
3 6390 6457 6456 
3 6392 6430 6391 
3 6391 6430 6457 
3 6394 5296 6395 
3 6395 5296 5297 
3 6401 6399 5301 
3 5301 6399 5298 
3 6459 6458 6402 
3 6402 6458 6401 
3 6459 6402 6460 
3 6460 6402 6403 
3 6460 6403 6461 
3 6461 6403 6404 
3 6455 5350 6461 
3 6461 5350 6405 
3 6461 6405 6460 
3 6460 6405 6406 
3 6459 6460 6462 
3 6462 6460 6406 
3 6458 6459 6463 
3 6463 6459 6462 
3 6400 6458 6464 
3 6464 6458 6463 
3 6429 6465 6430 
3 6430 6465 6457 
3 6465 6409 6457 
3 6457 6409 6456 
3 6409 6410 6456 
3 6456 6410 6466 
3 6395 6423 6396 
3 6396 6423 6424 
3 6392 6394 6430 
3 6430 6394 6393 
3 6461 6404 6455 
3 6455 6404 6450 
3 6455 6450 6454 
3 6454 6450 6451 
3 6454 6451 6453 
3 6453 6451 6452 
3 4830 4833 6444 
3 6444 4833 6442 
3 4263 6433 6452 
3 6452 6433 6439 
3 5304 5359 5305 
3 5305 5359 6467 
3 5305 6467 4123 
3 4123 6467 6468 
3 4123 6468 4124 
3 4124 6468 6469 
3 4124 6469 5290 
3 5290 6469 6470 
3 6352 5291 6470 
3 6470 5291 5290 
3 6351 5312 6352 
3 6352 5312 5291 
3 5346 5313 6351 
3 6351 5313 5312 
3 5316 5345 5317 
3 5317 5345 5352 
3 5359 5357 6467 
3 6467 5357 5333 
3 6467 5333 6468 
3 6468 5333 5323 
3 6468 5323 6469 
3 6469 5323 5322 
3 6469 5322 6470 
3 6470 5322 5342 
3 6353 6352 5342 
3 5342 6352 6470 
3 5310 4269 6348 
3 6348 4269 6347 
3 4271 5272 6339 
3 6339 5272 5271 
3 6431 5270 4231 
3 4231 5270 4232 
3 4231 4294 6431 
3 6431 4294 4293 
3 6431 4293 6432 
3 6432 4293 4300 
3 4786 6432 4299 
3 4299 6432 4300 
3 4786 4299 4783 
3 4783 4299 4703 
3 4703 3012 4783 
3 4783 3012 1306 
3 5201 5103 6471 
3 6471 5103 5102 
3 5114 5104 5115 
3 5115 5104 5107 
3 5122 5111 5123 
3 5123 5111 5110 
3 5105 5104 5204 
3 5204 5104 5153 
3 5184 5167 5179 
3 5179 5167 5166 
3 5174 5187 5175 
3 5175 5187 5186 
3 5119 5177 5122 
3 5122 5177 5111 
3 5088 5182 5089 
3 5089 5182 5166 
3 5180 5182 5150 
3 5150 5182 5209 
3 5136 5216 5137 
3 5137 5216 5215 
3 5220 5218 5118 
3 5118 5218 5217 
3 5217 5177 5118 
3 5118 5177 5119 
3 5100 5103 5136 
3 5136 5103 5216 
3 5115 5107 5220 
3 5220 5107 5218 
3 5150 5209 5109 
3 5109 5209 5110 
3 6471 5102 5152 
3 5152 5102 5153 
3 5215 5214 5175 
3 5175 5214 5172 
3 5174 5173 5167 
3 5167 5173 5165 
3 5091 5090 5207 
3 5207 5090 5171 
3 5035 5117 5036 
3 5036 5117 5116 
3 5132 5121 5163 
3 5163 5121 5120 
3 5082 5125 5083 
3 5083 5125 5124 
3 5172 5129 5173 
3 5173 5129 5128 
3 6471 5131 5201 
3 5201 5131 5130 
3 5118 5121 5220 
3 5220 5121 5134 
3 5208 5135 5123 
3 5123 5135 5124 
3 5163 5120 5082 
3 5082 5120 5125 
3 5192 5194 5035 
3 5035 5194 5117 
3 5113 5202 5096 
3 5096 5202 5130 
3 5152 5194 6471 
3 6471 5194 5131 
3 5088 5091 5208 
3 5208 5091 5135 
3 5036 5116 5133 
3 5133 5116 5134 
3 5126 5129 5205 
3 5205 5129 5361 
3 5371 5370 5127 
3 5127 5370 5128 
3 5171 5090 5371 
3 5371 5090 5370 
3 5200 5202 5214 
3 5214 5202 5361 
3 5317 5352 6406 
3 6406 5352 6462 
3 5352 5351 6462 
3 6462 5351 6463 
3 5288 5287 6464 
3 6464 5287 6407 
3 6426 6425 4223 
3 4223 6425 4195 
3 6429 6426 6427 
3 6427 6426 4223 
3 6427 4381 6429 
3 6429 4381 6465 
3 6409 6465 4216 
3 4216 6465 4381 
3 3015 3014 4238 
3 4238 3014 4239 
3 3017 3016 4256 
3 4256 3016 4253 
3 6474 4731 6473 
3 6473 4731 6472 
3 6372 6474 6373 
3 6373 6474 6473 
3 3022 3021 6373 
3 6373 3021 5245 
3 6287 4254 6298 
3 6298 4254 4253 
3 3024 3023 6299 
3 6299 3023 6472 
3 6475 4256 6311 
3 6311 4256 4255 
3 4239 6475 4240 
3 4240 6475 6311 
3 6476 4238 6390 
3 6390 4238 4237 
3 6476 6390 6466 
3 6466 6390 6456 
3 3027 6466 3028 
3 3028 6466 6410 
3 3028 6410 3029 
3 3029 6410 4215 
3 6480 6477 6479 
3 6479 6477 6478 
3 6484 6481 6483 
3 6483 6481 6482 
3 4101 6485 6330 
3 6330 6485 6486 
3 6488 6477 6487 
3 6487 6477 6482 
3 6478 6489 4828 
3 4828 6489 4428 
3 4101 4100 6485 
3 6485 4100 6490 
3 4100 4898 6490 
3 6490 4898 4894 
3 4159 6487 4156 
3 4156 6487 6491 
3 6488 4086 6489 
3 6489 4086 4089 
3 4259 5012 4260 
3 4260 5012 4266 
3 4974 5327 4260 
3 4260 5327 4257 
3 4260 4266 4974 
3 4974 4266 4265 
3 3574 3911 3792 
3 3792 3911 5366 
3 3794 6492 3615 
3 3615 6492 6493 
3 6494 6495 3587 
3 3587 6495 3588 
3 3793 5367 3587 
3 3587 5367 6494 
3 3049 3840 3050 
3 3050 3840 3839 
3 3052 3051 3910 
3 3910 3051 3911 
3 3054 3053 3929 
3 3929 3053 3928 
3 3922 3915 3929 
3 3929 3915 5369 
3 5368 3914 3937 
3 3937 3914 3806 
3 3588 6495 3805 
3 3805 6495 3936 
3 3056 3055 3936 
3 3936 3055 3937 
3 3050 3839 3057 
3 3057 3839 3942 
3 3729 4807 3726 
3 3726 4807 3942 
3 3819 3950 3794 
3 3794 3950 6492 
3 3049 3058 3840 
3 3840 3058 3950 
3 3615 6493 3573 
3 3573 6493 3910 
3 3822 3928 3823 
3 3823 3928 3951 
3 3060 3059 4059 
3 4059 3059 4060 
3 6496 6497 4900 
3 4900 6497 4789 
3 6332 6498 4737 
3 4737 6498 4738 
3 6499 6500 6313 
3 6313 6500 4417 
3 6501 6274 4416 
3 4416 6274 4184 
3 6502 6496 4782 
3 4782 6496 4900 
3 4058 4789 4059 
3 4059 4789 6497 
3 3059 3068 4060 
3 4060 3068 4807 
3 3069 5367 3070 
3 3070 5367 5366 
3 3071 5369 3072 
3 3072 5369 5368 
3 6273 6274 3073 
3 3073 6274 3074 
3 6316 4738 6503 
3 6503 4738 6498 
3 6332 6331 3076 
3 3076 6331 3077 
3 6333 6273 3078 
3 3078 6273 3073 
3 6331 4824 3077 
3 3077 4824 3079 
3 6333 6502 4187 
3 4187 6502 4782 
3 4824 4688 3079 
3 3079 4688 1329 
3 4745 6504 4746 
3 4746 6504 6505 
3 6507 6505 6506 
3 6506 6505 6504 
3 6509 4919 6508 
3 6508 4919 4296 
3 4295 6510 4296 
3 4296 6510 6508 
3 6511 4318 6507 
3 6507 4318 6505 
3 4371 4370 6513 
3 6513 4370 6512 
3 6510 4295 5250 
3 5250 4295 4304 
3 5250 5249 6510 
3 6510 5249 6514 
3 6515 6508 6514 
3 6514 6508 6510 
3 6517 6518 6506 
3 6506 6518 6516 
3 6513 6512 6519 
3 6519 6512 6511 
3 6520 6507 6516 
3 6516 6507 6506 
3 5248 6522 6521 
3 6521 6522 6523 
3 6524 6369 5252 
3 5252 6369 6525 
3 4325 4370 4322 
3 4322 4370 4369 
3 4369 3102 4322 
3 4322 3102 1540 
3 6520 6516 6526 
3 6526 6516 6518 
3 6528 6513 6527 
3 6527 6513 6519 
3 6532 6529 6531 
3 6531 6529 6530 
3 6534 6514 6533 
3 6533 6514 5249 
3 6536 6535 6532 
3 6532 6535 6529 
3 6536 6533 6537 
3 6537 6533 6525 
3 6514 6534 6515 
3 6515 6534 6538 
3 4324 4320 4325 
3 4325 4320 4319 
3 4370 4325 6512 
3 6512 4325 4319 
3 6530 4730 6540 
3 6540 4730 6539 
3 4730 4729 6539 
3 6539 4729 6541 
3 3119 6541 3120 
3 3120 6541 4729 
3 4730 6530 4327 
3 4327 6530 6529 
3 4327 6529 4328 
3 4328 6529 6535 
3 4328 6535 6523 
3 6523 6535 6542 
3 5247 6521 6544 
3 6544 6521 6543 
3 6372 5244 6387 
3 6387 5244 6388 
3 6474 6372 6545 
3 6545 6372 6387 
3 4376 6294 6545 
3 6545 6294 4732 
3 6545 4732 6474 
3 6474 4732 4731 
3 4434 4393 4431 
3 4431 4393 4392 
3 4433 4671 4841 
3 4841 4671 4670 
3 4437 4440 4438 
3 4438 4440 4439 
3 4397 4436 4449 
3 4449 4436 4435 
3 4391 4447 4443 
3 4443 4447 4446 
3 6546 4432 4463 
3 4463 4432 4445 
3 4421 4454 4422 
3 4422 4454 4453 
3 4479 4452 4480 
3 4480 4452 4451 
3 4387 4458 4388 
3 4388 4458 4457 
3 4467 4456 4470 
3 4470 4456 4455 
3 4390 4459 4391 
3 4391 4459 4447 
3 4464 4444 4466 
3 4466 4444 4460 
3 4436 4397 4628 
3 4628 4397 4396 
3 4437 4627 4440 
3 4440 4627 4630 
3 4396 4838 4628 
3 4628 4838 4840 
3 4670 4630 4841 
3 4841 4630 4627 
3 4480 4451 4988 
3 4988 4451 4929 
3 4449 4435 4926 
3 4926 4435 4928 
3 4385 4933 4386 
3 4386 4933 4932 
3 4473 4931 4474 
3 4474 4931 4930 
3 4386 4932 4448 
3 4448 4932 4935 
3 4470 4455 4471 
3 4471 4455 4934 
3 4388 4457 4390 
3 4390 4457 4459 
3 4466 4460 4467 
3 4467 4460 4456 
3 4422 4453 4385 
3 4385 4453 4933 
3 4474 4930 4479 
3 4479 4930 4452 
3 4638 4575 4996 
3 4996 4575 4574 
3 4578 4595 4579 
3 4579 4595 4594 
3 4582 4581 4571 
3 4571 4581 4568 
3 4586 4943 4587 
3 4587 4943 4561 
3 4560 4589 4561 
3 4561 4589 4587 
3 4637 4641 4638 
3 4638 4641 4575 
3 4641 4844 4640 
3 4640 4844 4845 
3 4844 4589 4845 
3 4845 4589 4560 
3 4579 4594 4937 
3 4937 4594 4940 
3 4937 4939 4667 
3 4667 4939 4668 
3 4946 4583 4941 
3 4941 4583 4582 
3 4581 4586 4568 
3 4568 4586 4585 
3 4999 5000 4578 
3 4578 5000 4595 
3 4557 4559 4584 
3 4584 4559 4585 
3 4996 4565 4638 
3 4638 4565 4564 
3 4567 4566 4576 
3 4576 4566 4577 
3 4555 4570 4553 
3 4553 4570 4569 
3 4639 4564 4636 
3 4636 4564 4545 
3 4843 4664 4663 
3 4663 4664 4661 
3 4584 4588 4557 
3 4557 4588 4661 
3 4553 4569 4556 
3 4556 4569 4559 
3 4942 4571 4666 
3 4666 4571 4570 
3 4550 4669 4551 
3 4551 4669 4665 
3 4639 4663 4637 
3 4637 4663 4662 
3 4576 4667 4567 
3 4567 4667 4669 
3 4998 4995 4565 
3 4565 4995 4542 
3 4607 4563 4602 
3 4602 4563 4562 
3 4572 4592 4573 
3 4573 4592 4591 
3 4612 4597 4613 
3 4613 4597 4596 
3 4580 4583 4599 
3 4599 4583 4600 
3 4562 4561 4603 
3 4603 4561 4943 
3 4572 4640 4592 
3 4592 4640 4642 
3 4847 4643 4846 
3 4846 4643 4642 
3 4560 4563 4845 
3 4845 4563 4846 
3 4944 4940 4597 
3 4597 4940 4594 
3 4945 4938 4944 
3 4944 4938 4940 
3 4619 4601 4947 
3 4947 4601 4600 
3 4943 4580 4603 
3 4603 4580 4599 
3 4613 4596 5002 
3 5002 4596 5001 
3 4401 4952 4758 
3 4758 4952 4987 
3 6548 4706 6547 
3 6547 4706 4705 
3 4418 4310 6549 
3 6549 4310 4927 
3 4920 4919 6550 
3 6550 4919 6551 
3 6553 4925 6552 
3 6552 4925 4924 
3 6550 4801 4920 
3 4920 4801 4927 
3 4418 6549 4984 
3 4984 6549 6554 
3 4648 4952 6555 
3 6555 4952 4951 
3 6547 4705 6556 
3 6556 4705 4970 
3 6552 4924 4647 
3 4647 4924 4987 
3 4986 5005 6548 
3 6548 5005 4706 
3 4919 6509 6551 
3 6551 6509 6517 
3 6557 6509 6515 
3 6515 6509 6508 
3 6558 6557 6538 
3 6538 6557 6515 
3 6530 6540 6531 
3 6531 6540 6559 
3 6528 6540 6560 
3 6560 6540 6539 
3 6560 6539 6561 
3 6561 6539 6541 
3 6541 3119 6561 
3 6561 3119 3141 
3 4969 4759 6562 
3 6562 4759 4365 
3 4814 6563 4815 
3 4815 6563 6564 
3 3146 3145 6564 
3 6564 3145 4815 
3 6565 6564 6562 
3 6562 6564 6563 
3 4357 4356 4384 
3 4384 4356 4836 
3 6564 6565 3146 
3 3146 6565 3148 
3 4693 1208 3149 
3 6521 5247 5248 
3 5248 5247 5246 
3 6388 6544 6389 
3 6389 6544 6371 
3 5257 6375 5253 
3 5253 6375 6374 
3 5254 6377 6524 
3 6524 6377 6376 
3 5259 6378 5257 
3 5257 6378 6375 
3 6567 6380 6566 
3 6566 6380 6379 
3 6569 6382 6568 
3 6568 6382 6381 
3 6376 6370 6524 
3 6524 6370 6369 
3 6570 6383 5259 
3 5259 6383 6378 
3 6568 6381 6571 
3 6571 6381 6384 
3 5253 6374 5254 
3 5254 6374 6377 
3 6573 6386 6572 
3 6572 6386 6385 
3 5244 5247 6388 
3 6388 5247 6544 
3 6285 4675 4749 
3 4749 4675 4674 
3 6287 4734 6288 
3 6288 4734 4733 
3 4962 4804 6289 
3 6289 4804 4803 
3 4410 4811 4806 
3 4806 4811 4810 
3 4958 4954 6291 
3 6291 4954 4953 
3 4750 4964 4961 
3 4961 4964 4963 
3 4808 4811 4820 
3 4820 4811 6284 
3 4209 4964 4286 
3 4286 4964 4674 
3 4153 4954 4144 
3 4144 4954 6293 
3 4118 4804 4119 
3 4119 4804 4963 
3 6288 4733 4965 
3 4965 4733 6297 
3 4731 4734 6472 
3 6472 4734 6299 
3 4287 4675 6295 
3 6295 4675 6296 
3 3159 3158 6522 
3 6522 3158 4329 
3 5252 5251 6524 
3 6524 5251 5254 
3 5255 5251 4304 
3 4304 5251 5250 
3 4303 5256 4304 
3 4304 5256 5255 
3 4423 5258 4303 
3 4303 5258 5256 
3 5259 5258 6570 
3 6570 5258 5260 
3 6570 5260 6572 
3 6572 5260 5261 
3 6573 5264 6566 
3 6566 5264 5263 
3 5265 6571 5266 
3 5266 6571 6567 
3 5267 6569 5268 
3 5268 6569 6568 
3 6569 5267 3160 
3 3160 5267 1806 
3 6523 6522 4328 
3 4328 6522 4329 
3 5252 6525 5249 
3 5249 6525 6533 
3 6368 6543 6537 
3 6537 6543 6542 
3 6523 6542 6521 
3 6521 6542 6543 
3 3911 3051 5366 
3 5366 3051 3070 
3 3162 3161 6492 
3 6492 3161 6493 
3 3760 3770 444 
3 444 3770 3163 
3 3919 3918 3164 
3 3164 3918 460 
3 3909 3838 409 
3 409 3838 329 
3 3550 3551 330 
3 330 3551 331 
3 3917 463 3815 
3 3815 463 303 
3 384 457 3765 
3 3765 457 3893 
3 411 414 3761 
3 3761 414 3762 
3 3744 3747 336 
3 336 3747 3165 
3 3929 5369 3054 
3 3054 5369 3071 
3 3937 3055 5368 
3 5368 3055 3072 
3 3056 3936 3166 
3 3166 3936 6495 
3 3942 4807 3057 
3 3057 4807 3068 
3 3747 3850 3165 
3 3165 3850 410 
3 6492 3950 3162 
3 3162 3950 3058 
3 3770 3771 3163 
3 3163 3771 335 
3 6493 3161 3910 
3 3910 3161 3052 
3 3951 3928 3167 
3 3167 3928 3053 
3 3944 3919 829 
3 829 3919 3164 
3 6497 6496 3168 
3 3168 6496 3169 
3 4829 5004 1353 
3 1353 5004 3170 
3 3169 6496 3171 
3 3171 6496 6502 
3 4059 6497 3060 
3 3060 6497 3168 
3 5004 5005 3170 
3 3170 5005 3172 
3 6502 6333 3171 
3 3171 6333 3078 
3 3173 3024 6298 
3 6298 3024 6299 
3 6577 6574 6576 
3 6576 6574 6575 
3 6579 6578 4610 
3 4610 6578 4611 
3 6583 6580 6582 
3 6582 6580 6581 
3 4620 4617 6584 
3 6584 4617 6583 
3 6585 6586 6588 
3 6588 6586 6587 
3 6590 6589 6586 
3 6586 6589 6587 
3 4622 6589 4605 
3 4605 6589 6591 
3 6574 6592 6575 
3 6575 6592 6593 
3 6580 6578 6581 
3 6581 6578 6594 
3 6597 6595 6596 
3 6596 6595 6579 
3 6599 6598 6575 
3 6575 6598 6576 
3 6601 6600 6595 
3 6595 6600 6594 
3 6582 6581 6602 
3 6602 6581 6603 
3 6606 6604 6605 
3 6605 6604 6585 
3 6604 6607 6585 
3 6585 6607 6586 
3 6608 6590 6607 
3 6607 6590 6586 
3 6609 6599 6593 
3 6593 6599 6575 
3 6600 6603 6594 
3 6594 6603 6581 
3 6597 6576 6610 
3 6610 6576 6598 
3 6612 6613 6611 
3 6611 6613 6614 
3 6618 6615 6617 
3 6617 6615 6616 
3 6622 6619 6621 
3 6621 6619 6620 
3 6626 6623 6625 
3 6625 6623 6624 
3 6630 6627 6629 
3 6629 6627 6628 
3 6634 6631 6633 
3 6633 6631 6632 
3 6638 6635 6637 
3 6637 6635 6636 
3 6637 6636 6640 
3 6640 6636 6639 
3 6631 6641 6632 
3 6632 6641 6642 
3 6646 6643 6645 
3 6645 6643 6644 
3 6648 6646 6647 
3 6647 6646 6645 
3 6652 6649 6651 
3 6651 6649 6650 
3 6652 6651 6653 
3 6653 6651 6654 
3 6658 6655 6657 
3 6657 6655 6656 
3 6662 6659 6661 
3 6661 6659 6660 
3 6664 6663 6660 
3 6660 6663 6661 
3 6655 6665 6656 
3 6656 6665 6666 
3 6670 6667 6669 
3 6669 6667 6668 
3 6670 6669 6672 
3 6672 6669 6671 
3 6676 6673 6675 
3 6675 6673 6674 
3 6678 6675 6677 
3 6677 6675 6674 
3 6682 6679 6681 
3 6681 6679 6680 
3 6679 6682 6684 
3 6684 6682 6683 
3 6688 6685 6687 
3 6687 6685 6686 
3 6690 6687 6689 
3 6689 6687 6686 
3 6633 6632 6617 
3 6617 6632 6618 
3 6634 6691 6631 
3 6631 6691 6692 
3 6636 6635 6693 
3 6693 6635 6616 
3 6634 6638 6691 
3 6691 6638 6694 
3 6695 6639 6693 
3 6693 6639 6636 
3 6640 6696 6637 
3 6637 6696 6697 
3 6618 6632 6615 
3 6615 6632 6642 
3 6696 6640 6698 
3 6698 6640 6641 
3 6699 6645 6620 
3 6620 6645 6644 
3 6701 6653 6700 
3 6700 6653 6643 
3 6647 6645 6702 
3 6702 6645 6699 
3 6646 6648 6703 
3 6703 6648 6692 
3 6651 6650 6622 
3 6622 6650 6619 
3 6649 6698 6648 
3 6648 6698 6692 
3 6651 6622 6654 
3 6654 6622 6621 
3 6653 6701 6652 
3 6652 6701 6696 
3 6657 6656 6613 
3 6613 6656 6614 
3 6658 6703 6655 
3 6655 6703 6704 
3 6660 6659 6705 
3 6705 6659 6612 
3 6662 6700 6658 
3 6658 6700 6703 
3 6706 6664 6705 
3 6705 6664 6660 
3 6661 6663 6701 
3 6701 6663 6707 
3 6656 6666 6614 
3 6614 6666 6611 
3 6707 6663 6708 
3 6708 6663 6665 
3 6669 6668 6709 
3 6709 6668 6628 
3 6711 6678 6710 
3 6710 6678 6667 
3 6669 6709 6671 
3 6671 6709 6712 
3 6672 6704 6670 
3 6670 6704 6713 
3 6674 6673 6630 
3 6630 6673 6627 
3 6676 6708 6672 
3 6672 6708 6704 
3 6677 6674 6629 
3 6629 6674 6630 
3 6675 6678 6707 
3 6707 6678 6711 
3 6682 6681 6714 
3 6714 6681 6624 
3 6690 6680 6716 
3 6716 6680 6715 
3 6682 6714 6683 
3 6683 6714 6717 
3 6684 6713 6679 
3 6679 6713 6718 
3 6686 6685 6626 
3 6626 6685 6623 
3 6688 6710 6684 
3 6684 6710 6713 
3 6689 6686 6625 
3 6625 6686 6626 
3 6687 6690 6711 
3 6711 6690 6716 
3 6706 6705 6611 
3 6611 6705 6612 
3 6615 6695 6616 
3 6616 6695 6693 
3 6699 6620 6702 
3 6702 6620 6619 
3 6623 6717 6624 
3 6624 6717 6714 
3 6627 6712 6628 
3 6628 6712 6709 
3 6633 6635 6634 
3 6634 6635 6638 
3 6642 6641 6639 
3 6639 6641 6640 
3 6644 6643 6654 
3 6654 6643 6653 
3 6647 6650 6648 
3 6648 6650 6649 
3 6659 6662 6657 
3 6657 6662 6658 
3 6665 6663 6666 
3 6666 6663 6664 
3 6667 6678 6668 
3 6668 6678 6677 
3 6673 6676 6671 
3 6671 6676 6672 
3 6680 6690 6681 
3 6681 6690 6689 
3 6685 6688 6683 
3 6683 6688 6684 
3 6617 6616 6633 
3 6633 6616 6635 
3 6694 6638 6697 
3 6697 6638 6637 
3 6615 6642 6695 
3 6695 6642 6639 
3 6641 6631 6698 
3 6698 6631 6692 
3 6620 6644 6621 
3 6621 6644 6654 
3 6643 6646 6700 
3 6700 6646 6703 
3 6702 6619 6647 
3 6647 6619 6650 
3 6696 6698 6652 
3 6652 6698 6649 
3 6613 6612 6657 
3 6657 6612 6659 
3 6701 6700 6661 
3 6661 6700 6662 
3 6611 6666 6706 
3 6706 6666 6664 
3 6665 6655 6708 
3 6708 6655 6704 
3 6668 6677 6628 
3 6628 6677 6629 
3 6667 6670 6710 
3 6710 6670 6713 
3 6627 6673 6712 
3 6712 6673 6671 
3 6707 6708 6675 
3 6675 6708 6676 
3 6681 6689 6624 
3 6624 6689 6625 
3 6715 6680 6718 
3 6718 6680 6679 
3 6623 6685 6717 
3 6717 6685 6683 
3 6710 6688 6711 
3 6687 6711 6688 
3 6720 6593 6719 
3 6719 6593 6592 
3 4848 4606 6719 
3 6719 4606 6721 
3 6723 6721 6722 
3 6722 6721 6591 
3 6574 6577 4608 
3 4608 6577 4609 
3 6578 6579 6594 
3 6594 6579 6595 
3 6583 4617 6580 
3 6580 4617 4616 
3 6605 6585 6584 
3 6584 6585 6588 
3 4621 4618 6587 
3 6587 4618 6588 
3 6589 4622 6587 
3 6587 4622 4621 
3 6592 6574 4644 
3 4644 6574 4608 
3 6578 6580 4611 
3 4611 6580 4616 
3 5003 4609 6596 
3 6596 4609 6577 
3 6719 6592 4848 
3 4848 6592 4644 
3 6719 6721 6720 
3 6720 6721 6723 
3 4605 6591 4606 
3 4606 6591 6721 
3 6593 6720 6609 
3 6609 6720 6724 
3 6723 6722 6726 
3 6726 6722 6725 
3 6720 6723 6724 
3 6724 6723 6726 
3 6607 6604 6728 
3 6728 6604 6727 
3 6729 6727 6606 
3 6606 6727 6604 
3 6602 6603 6731 
3 6731 6603 6730 
3 6609 6724 6733 
3 6733 6724 6732 
3 6724 6726 6732 
3 6732 6726 6734 
3 6725 6735 6726 
3 6726 6735 6734 
3 6725 6722 6608 
3 6608 6722 6590 
3 6589 6590 6591 
3 6591 6590 6722 
3 6739 6736 6738 
3 6738 6736 6737 
3 6739 6738 6741 
3 6741 6738 6740 
3 6741 6740 6743 
3 6743 6740 6742 
3 6743 6742 6745 
3 6745 6742 6744 
3 6745 6744 6747 
3 6747 6744 6746 
3 6747 6746 6749 
3 6749 6746 6748 
3 6736 6750 6737 
3 6737 6750 6751 
3 6750 6752 6751 
3 6751 6752 6753 
3 6752 6754 6753 
3 6753 6754 6755 
3 6748 6756 6749 
3 6749 6756 6757 
3 6754 6758 6755 
3 6755 6758 6759 
3 6758 6760 6759 
3 6759 6760 6761 
3 6760 6762 6761 
3 6761 6762 6763 
3 6762 6757 6763 
3 6763 6757 6756 
3 6738 6764 6740 
3 6740 6764 6765 
3 6740 6765 6742 
3 6742 6765 6766 
3 6742 6766 6744 
3 6744 6766 6767 
3 6744 6767 6746 
3 6746 6767 6768 
3 6746 6768 6748 
3 6748 6768 6769 
3 6767 6770 6768 
3 6768 6770 6771 
3 6768 6771 6769 
3 6769 6771 6772 
3 6772 6771 6774 
3 6774 6771 6773 
3 6778 6775 6777 
3 6777 6775 6776 
3 6778 6777 6773 
3 6773 6777 6774 
3 6773 6771 6779 
3 6779 6771 6770 
3 6778 6773 6780 
3 6780 6773 6779 
3 6775 6778 6781 
3 6781 6778 6780 
3 6783 6784 6782 
3 6782 6784 6785 
3 6786 6787 6785 
3 6785 6787 6782 
3 6786 6788 6787 
3 6787 6788 6789 
3 6791 6790 6784 
3 6784 6790 6785 
3 6786 6785 6792 
3 6792 6785 6790 
3 6788 6786 6793 
3 6793 6786 6792 
3 6788 6793 6795 
3 6795 6793 6794 
3 6789 6788 6796 
3 6796 6788 6795 
3 6738 6737 6764 
3 6764 6737 6797 
3 6737 6751 6797 
3 6797 6751 6798 
3 6770 6767 6799 
3 6799 6767 6766 
3 6799 6766 6800 
3 6800 6766 6765 
3 6765 6764 6800 
3 6800 6764 6801 
3 6802 6801 6797 
3 6797 6801 6764 
3 6797 6798 6802 
3 6802 6798 6803 
3 6802 6803 6805 
3 6805 6803 6804 
3 6751 6753 6798 
3 6798 6753 6806 
3 6798 6806 6803 
3 6803 6806 6807 
3 6803 6807 6804 
3 6804 6807 6808 
3 6805 6804 6810 
3 6810 6804 6809 
3 6810 6809 6812 
3 6812 6809 6811 
3 6796 6795 6814 
3 6814 6795 6813 
3 6816 6815 6813 
3 6813 6815 6812 
3 6810 6812 6817 
3 6817 6812 6815 
3 6810 6817 6805 
3 6805 6817 6818 
3 6805 6818 6802 
3 6802 6818 6801 
3 6769 6819 6748 
3 6748 6819 6756 
3 6819 6769 6820 
3 6820 6769 6772 
3 6774 6821 6772 
3 6772 6821 6820 
3 6777 6822 6774 
3 6774 6822 6821 
3 6777 6776 6822 
3 6822 6776 6823 
3 6823 6776 6824 
3 6824 6776 6783 
3 6782 6787 6826 
3 6826 6787 6825 
3 6787 6789 6825 
3 6825 6789 6827 
3 6789 6796 6827 
3 6827 6796 6828 
3 6828 6796 6829 
3 6829 6796 6814 
3 6809 6830 6811 
3 6811 6830 6831 
3 6804 6808 6809 
3 6809 6808 6830 
3 6800 6734 6799 
3 6799 6734 6735 
3 6800 6801 6734 
3 6734 6801 6732 
3 6801 6818 6732 
3 6732 6818 6733 
3 6818 6817 6733 
3 6733 6817 6832 
3 6817 6815 6832 
3 6832 6815 6833 
3 6834 6833 6816 
3 6816 6833 6815 
3 6793 6835 6794 
3 6794 6835 6836 
3 6792 6730 6793 
3 6793 6730 6835 
3 6792 6790 6730 
3 6730 6790 6731 
3 6729 6731 6791 
3 6791 6731 6790 
3 6781 6780 6727 
3 6727 6780 6728 
3 6753 6755 6806 
3 6806 6755 6837 
3 6755 6759 6837 
3 6837 6759 6838 
3 6759 6761 6838 
3 6838 6761 6839 
3 6761 6763 6839 
3 6839 6763 6840 
3 6763 6756 6840 
3 6840 6756 6819 
3 6820 6841 6819 
3 6819 6841 6840 
3 6841 6842 6840 
3 6840 6842 6839 
3 6842 6843 6839 
3 6839 6843 6838 
3 6843 6844 6838 
3 6838 6844 6837 
3 6844 6807 6837 
3 6837 6807 6806 
3 6821 6845 6820 
3 6820 6845 6841 
3 6845 6846 6841 
3 6841 6846 6842 
3 6843 6842 6847 
3 6847 6842 6846 
3 6847 6848 6843 
3 6843 6848 6844 
3 6848 6808 6844 
3 6844 6808 6807 
3 6808 6848 6830 
3 6830 6848 6849 
3 6848 6847 6849 
3 6849 6847 6850 
3 6850 6847 6851 
3 6851 6847 6846 
3 6846 6845 6851 
3 6851 6845 6852 
3 6852 6845 6822 
3 6822 6845 6821 
3 6823 6853 6822 
3 6822 6853 6852 
3 6851 6852 6854 
3 6854 6852 6853 
3 6851 6854 6850 
3 6850 6854 6855 
3 6849 6850 6856 
3 6856 6850 6855 
3 6830 6849 6831 
3 6831 6849 6856 
3 6853 6823 6857 
3 6857 6823 6824 
3 6825 6858 6826 
3 6826 6858 6859 
3 6827 6860 6825 
3 6825 6860 6858 
3 6827 6828 6860 
3 6860 6828 6861 
3 6861 6828 6862 
3 6862 6828 6829 
3 6864 6861 6863 
3 6863 6861 6862 
3 6854 6853 6865 
3 6865 6853 6857 
3 6863 6865 6864 
3 6864 6865 6866 
3 6860 6867 6858 
3 6858 6867 6868 
3 6867 6864 6868 
3 6868 6864 6866 
3 6864 6867 6861 
3 6861 6867 6860 
3 6858 6868 6859 
3 6859 6868 6866 
3 6694 6697 6750 
3 6750 6697 6752 
3 6752 6697 6754 
3 6754 6697 6696 
3 6696 6701 6754 
3 6754 6701 6758 
3 6701 6707 6758 
3 6758 6707 6760 
3 6707 6711 6760 
3 6760 6711 6762 
3 6711 6716 6762 
3 6762 6716 6757 
3 6716 6715 6757 
3 6757 6715 6749 
3 6749 6715 6747 
3 6747 6715 6718 
3 6747 6718 6745 
3 6745 6718 6713 
3 6745 6713 6743 
3 6743 6713 6704 
3 6743 6704 6741 
3 6741 6704 6703 
3 6739 6741 6692 
3 6692 6741 6703 
3 6692 6691 6739 
3 6739 6691 6736 
3 6691 6694 6736 
3 6736 6694 6750 
3 6836 6835 6601 
3 6601 6835 6600 
3 6603 6600 6730 
3 6730 6600 6835 
3 6832 6833 6599 
3 6599 6833 6598 
3 6610 6598 6834 
3 6834 6598 6833 
3 6733 6832 6609 
3 6609 6832 6599 
3 6779 6770 6869 
3 6799 6735 6770 
3 6770 6735 6869 
3 6780 6779 6728 
3 6728 6779 6869 
3 6869 6608 6728 
3 6728 6608 6607 
3 6735 6725 6869 
3 6869 6725 6608 
3 5013 5014 5228 
3 5228 5014 5229 
3 4877 4258 5014 
3 5014 4258 4257 
3 4703 4702 3012 
3 3012 4702 3470 
3 2878 6336 1305 
3 1305 6336 4784 
3 828 3470 4315 
3 4315 3470 4702 
3 1755 5222 3471 
3 3471 5222 4701 
3 4534 4533 6871 
3 6871 4533 6870 
3 6870 4664 6871 
3 6871 4664 4843 
3 4558 4664 6872 
3 6872 4664 6870 
3 6870 4533 6872 
3 6872 4533 4541 
3 4406 4821 4151 
3 4151 4821 4152 
3 4341 4406 4167 
3 4167 4406 4151 
3 4166 4922 4167 
3 4167 4922 4342 
3 4362 4361 4971 
3 4971 4361 4839 
3 4361 4393 4839 
3 4839 4393 4838 
3 4983 4985 4399 
3 4399 4985 4400 
3 4841 4840 4433 
3 4433 4840 4434 
3 4530 4529 4504 
3 4504 4529 4505 
3 4842 4506 4534 
3 4534 4506 4505 
3 4660 4659 4515 
3 4515 4659 4516 
3 6546 4936 4671 
3 4671 4936 4672 
3 5262 4983 4923 
3 4923 4983 4399 
3 4658 4673 4659 
3 4659 4673 4672 
3 4515 4530 4660 
3 4660 4530 4504 
3 4985 6873 4400 
3 4400 6873 4951 
3 4821 6874 4152 
3 4152 6874 4953 
3 4973 4363 4972 
3 4972 4363 4362 
3 4690 5266 4923 
3 4923 5266 5263 
3 6876 6875 6291 
3 6291 6875 6292 
3 4922 6386 4342 
3 4342 6386 6379 
3 4840 4838 4434 
3 4434 4838 4393 
3 4432 6546 4433 
3 4433 6546 4671 
3 6877 4973 6555 
3 6555 4973 4972 
3 6386 6573 6379 
3 6379 6573 6566 
3 6874 6876 4953 
3 4953 6876 6291 
3 5266 6567 5263 
3 5263 6567 6566 
3 4150 4153 4143 
3 4143 4153 4144 
3 4142 4424 4143 
3 4143 4424 4193 
3 4983 5262 4353 
3 4353 5262 4354 
3 4360 4363 4358 
3 4358 4363 4359 
3 4336 4391 4358 
3 4358 4391 4443 
3 4432 4431 4445 
3 4445 4431 4446 
3 4463 4462 6546 
3 6546 4462 4936 
3 4518 4517 4653 
3 4653 4517 4508 
3 4497 4498 4531 
3 4531 4498 4532 
3 4533 4529 4541 
3 4541 4529 4532 
3 4530 4515 4531 
3 4531 4515 4518 
3 4424 4425 4193 
3 4193 4425 4921 
3 4462 4517 4936 
3 4936 4517 4516 
3 6877 6873 4950 
3 4950 6873 6554 
3 6290 6289 4956 
3 4956 6289 4957 
3 4333 4359 4711 
3 4711 4359 4949 
3 4352 4418 4353 
3 4353 4418 4984 
3 5262 5264 4354 
3 4354 5264 5261 
3 6289 4803 4957 
3 4957 4803 6293 
3 4425 6383 4921 
3 4921 6383 6385 
3 4431 4392 4446 
3 4446 4392 4443 
3 4444 4464 4445 
3 4445 4464 4463 
3 6873 4985 6554 
3 6554 4985 4984 
3 6383 6570 6385 
3 6385 6570 6572 
3 4803 4145 6293 
3 6293 4145 4144 
3 5264 6573 5261 
3 5261 6573 6572 
3 4558 6872 4540 
3 4540 6872 4541 
3 4843 4842 6871 
3 6871 4842 4534 
3 6342 6878 4102 
3 4102 6878 4103 
3 6875 6306 6292 
3 6292 6306 4104 
3 6292 4104 4955 
3 4955 4104 4103 
3 4955 4103 4956 
3 4956 4103 6878 
3 6308 6290 6878 
3 6878 6290 4956 
3 4952 4648 4987 
3 4987 4648 4647 
3 6549 4927 4802 
3 4802 4927 4801 
3 6554 6549 4950 
3 4950 6549 4802 
3 5005 4986 3172 
3 3172 4986 1515 
3 6518 6517 6557 
3 6557 6517 6509 
3 6557 6558 6518 
3 6518 6558 6526 
3 6540 6528 6559 
3 6559 6528 6527 
3 4623 6548 4624 
3 4624 6548 6547 
3 6550 6551 4745 
3 4745 6551 6504 
3 4709 6553 4710 
3 4710 6553 6552 
3 4745 4712 6550 
3 6550 4712 4801 
3 4645 4648 4972 
3 4972 4648 6555 
3 4624 6547 4948 
3 4948 6547 6556 
3 4710 6552 4646 
3 4646 6552 4647 
3 4837 4986 4623 
3 4623 4986 6548 
3 6551 6517 6504 
3 6504 6517 6506 
3 6513 6528 4371 
3 4371 6528 6560 
3 4371 6560 4368 
3 4368 6560 6561 
3 4368 6561 3481 
3 3481 6561 3141 
3 6873 6877 4951 
3 4951 6877 6555 
3 4973 6877 4949 
3 4949 6877 4950 
3 3167 439 3951 
3 4203 4202 5340 
3 5340 4202 6363 
3 4382 6428 4221 
3 4221 6428 4218 
3 4746 6505 4321 
3 4321 6505 4318 
3 4383 4340 4713 
3 4713 4340 4339 
3 6545 6387 4376 
3 4376 6387 4374 
3 4719 6310 4380 
3 4380 6310 4377 
3 4383 4386 4340 
3 4340 4386 4448 
3 4473 4476 4471 
3 4471 4476 4472 
3 4487 4486 4490 
3 4490 4486 4491 
3 4522 4490 4521 
3 4521 4490 4489 
3 4554 4492 4537 
3 4537 4492 4491 
3 4555 4554 4552 
3 4552 4554 4537 
3 4614 4617 4619 
3 4619 4617 4620 
3 4364 4367 4650 
3 4650 4367 4651 
3 4655 4523 4654 
3 4654 4523 4522 
3 4570 4555 4666 
3 4666 4555 4552 
3 1208 4364 1209 
3 1209 4364 4650 
3 4697 4696 5222 
3 5222 4696 6343 
3 4746 4321 4338 
3 4338 4321 4339 
3 4197 5286 4728 
3 4728 5286 4725 
3 4380 4379 4736 
3 4736 4379 6367 
3 4708 4450 4834 
3 4834 4450 4835 
3 4909 6366 4910 
3 4910 6366 6365 
3 4911 4914 6449 
3 6449 4914 6448 
3 4450 4449 4835 
3 4835 4449 4926 
3 4435 4438 4928 
3 4928 4438 4929 
3 4455 4458 4934 
3 4934 4458 4935 
3 4509 4469 4654 
3 4654 4469 4472 
3 4941 4582 4942 
3 4942 4582 4571 
3 4583 4946 4600 
3 4600 4946 4947 
3 4625 4624 4834 
3 4834 4624 4948 
3 4965 4968 6288 
3 6288 4968 4694 
3 4367 4925 4651 
3 4651 4925 4970 
3 4202 4976 6363 
3 6363 4976 6364 
3 4439 4442 4988 
3 4988 4442 4989 
3 4511 4477 4990 
3 4990 4477 4989 
3 4514 4527 4990 
3 4990 4527 4991 
3 4484 4526 4992 
3 4992 4526 4991 
3 4993 4992 4501 
3 4501 4992 4502 
3 4549 4481 4994 
3 4994 4481 4993 
3 4995 4994 4542 
3 4542 4994 4543 
3 4998 4997 4566 
3 4566 4997 4577 
3 4996 4574 4997 
3 4997 4574 4999 
3 4573 4591 5000 
3 5000 4591 5001 
3 5003 4610 5002 
3 5002 4610 4613 
3 3482 4214 1754 
3 1754 4214 4697 
3 4222 4194 5276 
3 5276 4194 5273 
3 6349 4726 5294 
3 5294 4726 4725 
3 5308 5341 5309 
3 5309 5341 6362 
3 5316 5315 5313 
3 5313 5315 5314 
3 5362 5339 6361 
3 6361 5339 5338 
3 5338 5309 6361 
3 6361 5309 6362 
3 5308 5307 4203 
3 4203 5307 4200 
3 6447 6448 5344 
3 5344 6448 4914 
3 5315 6447 5314 
3 5314 6447 5344 
3 5347 5346 6350 
3 6350 5346 6351 
3 4261 5339 4262 
3 4262 5339 5364 
3 4733 4732 6297 
3 6297 4732 6294 
3 4968 6305 4694 
3 4694 6305 4695 
3 6310 4695 4377 
3 4377 4695 6305 
3 6544 6543 6371 
3 6371 6543 6368 
3 4373 4372 6389 
3 6389 4372 4374 
3 6420 6421 4910 
3 4910 6421 4907 
3 4735 4736 4908 
3 4908 4736 4909 
3 6428 4222 4218 
3 4218 4222 5276 
3 4696 4221 6343 
3 6343 4221 4220 
3 6359 6436 6360 
3 6360 6436 6435 
3 6433 6436 6439 
3 6439 6436 6437 
3 6437 6358 6440 
3 6440 6358 6357 
3 6357 6356 6440 
3 6440 6356 6441 
3 6444 6442 6443 
3 6443 6442 6441 
3 6355 6354 6443 
3 6443 6354 6445 
3 6449 6446 4911 
3 4911 6446 6445 
3 4262 5364 6434 
3 6434 5364 6435 
3 5313 5346 5316 
3 5316 5346 5345 
3 6512 4319 6511 
3 6511 4319 4318 
3 6507 6520 6511 
3 6511 6520 6519 
3 6520 6526 6519 
3 6519 6526 6527 
3 6534 6532 6538 
3 6538 6532 6531 
3 6533 6536 6534 
3 6534 6536 6532 
3 6535 6536 6542 
3 6542 6536 6537 
3 4375 6295 4376 
3 4376 6295 6294 
3 4438 4439 4929 
3 4929 4439 4988 
3 4926 4928 4421 
3 4421 4928 4454 
3 4458 4387 4935 
3 4935 4387 4448 
3 4931 4473 4934 
3 4934 4473 4471 
3 4938 4946 4939 
3 4939 4946 4941 
3 4574 4573 4999 
3 4999 4573 5000 
3 4666 4665 4942 
3 4942 4665 4668 
3 4995 4998 4546 
3 4546 4998 4566 
3 4614 4619 4945 
3 4945 4619 4947 
3 4591 4590 5001 
3 5001 4590 5002 
3 4925 6553 4970 
3 4970 6553 6556 
3 6531 6559 6538 
3 6538 6559 6558 
3 6370 4373 6371 
3 6371 4373 6389 
3 4965 6297 4966 
3 4966 6297 6296 
3 6537 6525 6368 
3 6368 6525 6369 
3 4618 4620 6588 
3 6588 4620 6584 
3 6576 6597 6577 
3 6577 6597 6596 
3 6602 6606 6582 
3 6582 6606 6605 
3 6595 6597 6601 
3 6601 6597 6610 
3 6582 6605 6583 
3 6583 6605 6584 
3 4610 5003 6579 
3 6579 5003 6596 
3 6731 6729 6602 
3 6602 6729 6606 
3 6784 6783 6775 
3 6775 6783 6776 
3 6781 6791 6775 
3 6775 6791 6784 
3 6812 6811 6813 
3 6813 6811 6814 
3 6794 6816 6795 
3 6795 6816 6813 
3 6782 6826 6783 
3 6783 6826 6824 
3 6829 6814 6831 
3 6831 6814 6811 
3 6836 6834 6794 
3 6794 6834 6816 
3 6727 6729 6781 
3 6781 6729 6791 
3 6826 6859 6824 
3 6824 6859 6857 
3 6831 6856 6829 
3 6829 6856 6862 
3 6856 6855 6862 
3 6862 6855 6863 
3 6859 6866 6857 
3 6857 6866 6865 
3 6854 6865 6855 
3 6855 6865 6863 
3 6601 6610 6836 
3 6836 6610 6834 
3 6526 6558 6527 
3 6527 6558 6559 
3 6553 4709 6556 
3 6556 4709 4948 
3 4429 4089 4174 
3 4174 4089 4088 
3 4085 4154 4112 
3 4112 4154 4776 
3 4174 4088 4175 
3 4175 4088 4141 
3 4797 4199 4270 
3 4270 4199 4198 
3 5272 4271 4094 
3 4094 4271 4198 
3 4345 4403 4404 
3 4404 4403 4405 
3 6875 6876 4408 
3 4408 6876 4409 
3 6306 6875 4412 
3 4412 6875 4408 
3 4146 4415 4147 
3 4147 4415 4414 
3 4341 4343 4404 
3 4404 4343 4689 
3 4348 4351 4691 
3 4691 4351 4692 
3 4700 4699 6336 
3 6336 4699 6337 
3 4154 4080 4776 
3 4776 4080 4777 
3 4820 4405 4808 
3 4808 4405 4403 
3 4175 4141 4180 
3 4180 4141 4414 
3 4759 4969 4398 
3 4398 4969 4691 
3 4199 5006 4095 
3 4095 5006 4077 
3 5265 4692 5268 
3 5268 4692 4351 
3 5269 5006 5360 
3 5360 5006 4796 
3 4777 5269 4778 
3 4778 5269 5360 
3 6876 6874 4409 
3 4409 6874 6284 
3 4411 4686 4412 
3 4412 4686 6307 
3 6879 6480 6319 
3 6319 6480 6479 
3 4700 2877 4701 
3 4701 2877 3471 
3 6347 6339 6346 
3 6346 6339 6338 
3 6340 6341 6345 
3 6345 6341 6344 
3 4415 6307 4413 
3 4413 6307 4686 
3 6384 4689 6380 
3 6380 4689 4343 
3 5281 6340 5279 
3 5279 6340 6338 
3 4699 6341 6337 
3 6337 6341 5280 
3 4269 4271 6347 
3 6347 4271 6339 
3 6479 6478 4827 
3 4827 6478 4828 
3 6477 6488 6478 
3 6478 6488 6489 
3 4428 6489 4429 
3 4429 6489 4089 
3 4814 4969 6563 
3 6563 4969 6562 
3 6562 4365 6565 
3 6565 4365 4693 
3 6571 6384 6567 
3 6567 6384 6380 
3 6874 4821 6284 
3 6284 4821 4820 
3 6571 5265 6568 
3 6568 5265 5268 
3 4369 4368 3102 
3 3102 4368 3481 
3 4326 3484 4729 
3 4729 3484 3120 
3 6271 6272 6279 
3 6279 6272 6276 
3 6278 6277 6275 
3 6275 6277 6266 
3 6277 6278 6276 
3 6276 6278 6279 
3 6254 6279 6255 
3 6255 6279 6278 
3 3753 6254 3856 
3 3856 6254 6255 
3 3754 3753 3855 
3 3855 3753 3856 
3 3862 3754 3702 
3 3702 3754 3855 
3 3758 3862 3701 
3 3701 3862 3702 
3 3669 3758 3705 
3 3705 3758 3701 
3 3667 3669 3704 
3 3704 3669 3705 
3 3881 3667 3772 
3 3772 3667 3704 
3 3881 3772 3882 
3 3882 3772 3706 
3 3706 3707 3882 
3 3882 3707 3879 
3 3707 3709 3879 
3 3879 3709 3880 
3 3880 3709 5240 
3 5240 3709 3708 
3 5240 3708 5233 
3 5233 3708 3785 
3 3692 3711 3785 
3 3785 3711 5233 
3 4055 4051 4054 
3 4054 4051 4050 
3 4055 4054 4056 
3 4056 4054 4053 
3 3988 5235 5237 
3 5237 5235 4065 
3 4034 5237 4068 
3 4068 5237 4065 
3 6880 3961 3959 
3 3959 3961 3956 
3 3940 6881 4069 
3 4069 6881 6882 
3 4069 6882 4070 
3 4070 6882 6883 
3 4070 6883 4071 
3 4071 6883 6884 
3 6884 6885 4071 
3 4071 6885 4030 
3 3959 3955 6880 
3 6880 3955 3954 
3 6883 3990 6884 
3 6884 3990 3989 
3 3990 6883 6886 
3 6886 6883 6882 
3 6886 6887 3990 
3 3990 6887 3991 
3 6889 6888 6886 
3 6886 6888 6887 
3 6881 6889 6882 
3 6882 6889 6886 
3 3953 3952 5239 
3 5239 3952 4057 
3 6888 5238 6887 
3 6887 5238 5235 
3 6884 3989 6885 
3 6885 3989 5236 
3 6885 5236 4030 
3 4030 5236 4033 
3 3940 3961 6881 
3 6881 3961 6880 
3 6889 6881 3954 
3 3954 6881 6880 
3 6888 6889 3953 
3 3953 6889 3954 
3 3953 5239 6888 
3 6888 5239 5238 
3 3988 3991 5235 
3 5235 3991 6887 
3 4014 3887 3867 
3 3867 3887 3868 
3 4009 4014 4011 
3 4011 4014 3867 
3 4008 4009 4021 
3 4021 4009 4011 
3 4017 4008 4020 
3 4020 4008 4021 
3 3995 4000 3973 
3 3973 4000 4019 
3 4000 4028 4019 
3 4019 4028 4020 
3 4154 4085 4155 
3 4155 4085 4084 
3 4112 4776 4113 
3 4113 4776 4775 
3 4090 4093 4128 
3 4128 4093 4129 
3 4771 4139 4772 
3 4772 4139 4138 
3 5224 4149 4177 
3 4177 4149 4148 
3 4087 4086 4158 
3 4158 4086 4159 
3 4140 4178 4147 
3 4147 4178 4148 
3 4084 4083 4182 
3 4182 4083 6314 
3 4087 4158 4140 
3 4140 4158 4178 
3 4093 4161 4129 
3 4129 4161 4191 
3 5286 4197 5287 
3 5287 4197 4196 
3 4770 4229 4765 
3 4765 4229 4228 
3 4244 4245 4241 
3 4241 4245 4248 
3 4182 6314 4417 
3 4417 6314 6313 
3 4176 4679 4177 
3 4177 4679 4678 
3 4723 4797 4724 
3 4724 4797 4270 
3 5273 4728 5274 
3 5274 4728 4727 
3 4241 4248 4770 
3 4770 4248 4229 
3 5354 4798 4722 
3 4722 4798 4723 
3 4890 4822 6326 
3 6326 4822 4823 
3 4161 4160 4191 
3 4191 4160 4822 
3 4765 4228 4766 
3 4766 4228 4892 
3 4893 4894 4897 
3 4897 4894 4898 
3 5224 4102 4149 
3 4149 4102 4105 
3 4679 4893 4676 
3 4676 4893 4897 
3 6419 4976 5300 
3 5300 4976 4975 
3 4426 5225 4677 
3 4677 5225 4678 
3 4766 4892 5007 
3 5007 4892 5227 
3 5342 5285 6353 
3 6353 5285 5284 
3 5348 5289 5351 
3 5351 5289 5288 
3 5347 5294 5348 
3 5348 5294 5289 
3 5301 5298 4201 
3 4201 5298 4975 
3 4269 5310 4270 
3 4270 5310 4724 
3 4721 5325 4722 
3 4722 5325 5324 
3 4722 5324 5354 
3 5354 5324 5334 
3 5282 5285 4721 
3 4721 5285 5325 
3 5360 4796 5356 
3 5356 4796 4798 
3 5354 5334 5355 
3 5355 5334 5358 
3 4774 4773 5355 
3 5355 4773 5356 
3 4092 4091 5357 
3 5357 4091 5358 
3 6315 4739 6316 
3 6316 4739 4738 
3 6317 4826 6315 
3 6315 4826 4739 
3 6318 4827 6317 
3 6317 4827 4826 
3 4827 6318 6479 
3 6479 6318 6319 
3 6320 6484 6321 
3 6321 6484 6483 
3 6322 6330 6323 
3 6323 6330 6486 
3 6329 6330 6324 
3 6324 6330 6322 
3 6328 6329 6325 
3 6325 6329 6324 
3 5230 6328 6327 
3 6327 6328 6325 
3 5007 5227 4684 
3 4684 5227 4823 
3 4102 5224 6342 
3 6342 5224 5225 
3 5283 6348 4726 
3 4726 6348 4727 
3 6353 5284 6350 
3 6350 5284 6349 
3 4246 4245 6417 
3 6417 4245 6364 
3 6458 6400 6401 
3 6401 6400 6399 
3 6425 6408 4195 
3 4195 6408 4196 
3 5230 6327 4896 
3 4896 6327 6411 
3 4896 6411 4132 
3 4132 6411 6412 
3 4132 6412 4133 
3 4133 6412 6413 
3 4133 6413 4224 
3 4224 6413 6414 
3 4224 6414 4251 
3 4251 6414 6415 
3 4251 6415 4252 
3 4252 6415 6416 
3 4252 6416 6365 
3 6365 6416 6418 
3 6365 6418 4910 
3 4910 6418 6420 
3 6421 6422 4907 
3 4907 6422 5297 
3 6423 6395 6422 
3 6422 6395 5297 
3 6396 6424 6425 
3 6425 6424 6408 
3 5299 5298 6398 
3 6398 5298 6399 
3 6397 6400 6407 
3 6407 6400 6464 
3 6397 6424 6398 
3 6398 6424 6423 
3 5282 5310 5283 
3 5283 5310 6348 
3 5351 5288 6463 
3 6463 5288 6464 
3 6481 6491 6482 
3 6482 6491 6487 
3 6491 6481 6490 
3 6490 6481 6485 
3 6490 4894 6491 
3 6491 4894 4156 
3 6487 4159 6488 
3 6488 4159 4086 
3 6500 6501 4417 
3 4417 6501 4416 
3 6503 6499 6316 
3 6316 6499 6313 
3 3496 3495 6500 
3 6500 3495 6501 
3 6499 6503 3497 
3 3497 6503 3498 
3 4194 4197 5273 
3 5273 4197 4728 
3 6417 6364 6419 
3 6419 6364 4976 
3 6350 6349 5347 
3 5347 6349 5294 
3 5300 6421 6419 
3 6419 6421 6420 
3 4082 4085 4111 
3 4111 4085 4112 
3 4110 6879 4111 
3 4111 6879 6319 
3 4774 4091 4771 
3 4771 4091 4090 
3 4771 4090 4139 
3 4139 4090 4128 
3 4139 4128 4136 
3 4136 4128 4127 
3 6320 4136 6323 
3 6323 4136 4127 
3 6484 6320 6486 
3 6486 6320 6323 
3 6481 6484 6485 
3 6485 6484 6486 
3 4775 4778 4772 
3 4772 4778 4773 
3 4113 4775 4138 
3 4138 4775 4772 
3 4110 4113 4137 
3 4137 4113 4138 
3 6879 4110 6321 
3 6321 4110 4137 
3 6480 6879 6483 
3 6483 6879 6321 
3 6477 6480 6482 
3 6482 6480 6483 
3 6878 6342 6308 
3 6308 6342 4427 
3 6306 4899 4104 
3 4104 4899 4105 
3 6495 6494 3166 
3 3166 6494 3499 
3 5367 3069 6494 
3 6494 3069 3499 
3 4812 3500 5234 
3 5234 3500 3501 
3 6473 6472 3502 
3 3502 6472 3023 
3 6373 6473 3022 
3 3022 6473 3502 
3 4344 4347 1769 
3 1769 4347 3503 
3 4809 5234 3504 
3 3504 5234 3501 
3 6500 6499 3496 
3 3496 6499 3497 
3 3495 3074 6501 
3 6501 3074 6274 
3 3016 3173 4253 
3 4253 3173 6298 
3 4812 4813 3500 
3 3500 4813 1768 
3 4256 6475 3017 
3 3017 6475 3505 
3 6503 6498 3498 
3 3498 6498 3506 
3 4214 3482 4215 
3 4215 3482 3029 
3 6498 6332 3506 
3 3506 6332 3076 
3 6522 5248 3159 
3 3159 5248 1783 
3 6475 4239 3505 
3 3505 4239 3014 
3 4347 6382 3503 
3 3503 6382 3507 
3 4238 6476 3015 
3 3015 6476 3508 
3 6476 6466 3508 
3 3508 6466 3027 
3 5246 5245 1784 
3 1784 5245 3021 
3 6382 6569 3507 
3 3507 6569 3160 
3 3149 3148 4693 
3 4693 3148 6565 
3 4810 3509 4806 
3 4806 3509 1326 
3 4809 3504 4810 
3 4810 3504 3509 
3 3145 3510 4815 
3 4815 3510 4349 
3 3510 1807 4349 
3 4349 1807 4350 
3 3484 4326 3158 
3 3158 4326 4329 
3 1325 3511 4805 
3 4805 3511 6309 
3 3511 1330 6309 
3 6309 1330 4687 
